ISO-10303-21;
HEADER;
FILE_DESCRIPTION(('IFC 2x3'), '2;1');
FILE_NAME('PART03_Buderus_200406_20070209_ifc.VDI', '2007-04-12T13:14:43', (''), (''), 'IFC 2x3 writer version ', 'VDI3805_View_FZK (FZK Version)', '');
FILE_SCHEMA(('IFC2X3'));
ENDSEC;
DATA;
#100 = IFCORGANIZATION ($, 'IAI/FZK', 'Research Centre Karlsruhe', $, $);
#103 = IFCPERSON ($, 'IAI/FZK', 'IAI/FZK', $, $, $, $, $);
#102 = IFCPERSONANDORGANIZATION (#103, #100, $);
#104 = IFCAPPLICATION (#100, 'Version 2.0', 'VDI3805_View_FZK', 'VDI3805_View');
#101 = IFCOWNERHISTORY (#102, #104, $, .NOCHANGE., $, $, $, 1176376483);
#108 = IFCCARTESIANPOINT ((0., 0., 0.));
#109 = IFCDIRECTION ((0., 0., 1.));
#110 = IFCDIRECTION ((1., 0., 0.));
#107 = IFCAXIS2PLACEMENT3D (#108, #109, #110);
#111 = IFCDIRECTION ((1., 0., 0.));
#106 = IFCGEOMETRICREPRESENTATIONCONTEXT ('Plan', 'Design', 3, 1.E-005, #107, #111);
#113 = IFCSIUNIT (*, .LENGTHUNIT., $, .METRE.);
#114 = IFCSIUNIT (*, .AREAUNIT., $, .SQUARE_METRE.);
#115 = IFCSIUNIT (*, .VOLUMEUNIT., $, .CUBIC_METRE.);
#116 = IFCSIUNIT (*, .PLANEANGLEUNIT., $, .RADIAN.);
#117 = IFCSIUNIT (*, .MASSUNIT., $, .GRAM.);
#112 = IFCUNITASSIGNMENT ((#113, #114, #115, #116, #117));
#105 = IFCPROJECT ('2ek4PLKSnAgfBSL9kCRUL3', #101, 'Default project', 'Project for VDI3805 object', $, $, $, (#106), #112);
#119 = IFCLOCALPLACEMENT ($, #107);
#118 = IFCBUILDING ('25qg49sRn919X7cuEaviZf', #101, 'Default building', 'Building for VDI3805 object', $, #119, $, $, .ELEMENT., $, $, $);
#122 = IFCCARTESIANPOINT ((0., 0., 0.));
#123 = IFCDIRECTION ((0., 0., 1.));
#124 = IFCDIRECTION ((1., 0., 0.));
#121 = IFCAXIS2PLACEMENT3D (#122, #123, #124);
#125 = IFCLOCALPLACEMENT (#119, #121);
#133 = IFCCARTESIANPOINT ((0.0187829, -0.766175, 0.847405));
#134 = IFCCARTESIANPOINT ((0.0184022, -0.766175, 0.849319));
#135 = IFCCARTESIANPOINT ((0.0184014, -0.837978, 0.849319));
#136 = IFCCARTESIANPOINT ((0.018782, -0.837978, 0.847405));
#132 = IFCPOLYLOOP ((#133, #134, #135, #136));
#131 = IFCFACEOUTERBOUND (#132, .T.);
#130 = IFCFACE ((#131));
#140 = IFCCARTESIANPOINT ((0.0184022, -0.766175, 0.849319));
#141 = IFCCARTESIANPOINT ((0.0173183, -0.766175, 0.850941));
#142 = IFCCARTESIANPOINT ((0.0173175, -0.837978, 0.850941));
#143 = IFCCARTESIANPOINT ((0.0184014, -0.837978, 0.849319));
#139 = IFCPOLYLOOP ((#140, #141, #142, #143));
#138 = IFCFACEOUTERBOUND (#139, .T.);
#137 = IFCFACE ((#138));
#147 = IFCCARTESIANPOINT ((0.0173183, -0.766175, 0.850941));
#148 = IFCCARTESIANPOINT ((0.0156962, -0.766175, 0.852025));
#149 = IFCCARTESIANPOINT ((0.0156954, -0.837978, 0.852025));
#150 = IFCCARTESIANPOINT ((0.0173175, -0.837978, 0.850941));
#146 = IFCPOLYLOOP ((#147, #148, #149, #150));
#145 = IFCFACEOUTERBOUND (#146, .T.);
#144 = IFCFACE ((#145));
#154 = IFCCARTESIANPOINT ((0.0156962, -0.766175, 0.852025));
#155 = IFCCARTESIANPOINT ((0.0137828, -0.766175, 0.852405));
#156 = IFCCARTESIANPOINT ((0.013782, -0.837978, 0.852405));
#157 = IFCCARTESIANPOINT ((0.0156954, -0.837978, 0.852025));
#153 = IFCPOLYLOOP ((#154, #155, #156, #157));
#152 = IFCFACEOUTERBOUND (#153, .T.);
#151 = IFCFACE ((#152));
#161 = IFCCARTESIANPOINT ((0.0137828, -0.766175, 0.852405));
#162 = IFCCARTESIANPOINT ((-0.013783, -0.766175, 0.852405));
#163 = IFCCARTESIANPOINT ((-0.0137838, -0.837978, 0.852405));
#164 = IFCCARTESIANPOINT ((0.013782, -0.837978, 0.852405));
#160 = IFCPOLYLOOP ((#161, #162, #163, #164));
#159 = IFCFACEOUTERBOUND (#160, .T.);
#158 = IFCFACE ((#159));
#168 = IFCCARTESIANPOINT ((-0.013783, -0.766175, 0.852405));
#169 = IFCCARTESIANPOINT ((-0.0156964, -0.766175, 0.852024));
#170 = IFCCARTESIANPOINT ((-0.0156972, -0.837978, 0.852024));
#171 = IFCCARTESIANPOINT ((-0.0137838, -0.837978, 0.852405));
#167 = IFCPOLYLOOP ((#168, #169, #170, #171));
#166 = IFCFACEOUTERBOUND (#167, .T.);
#165 = IFCFACE ((#166));
#175 = IFCCARTESIANPOINT ((-0.0156964, -0.766175, 0.852024));
#176 = IFCCARTESIANPOINT ((-0.0173186, -0.766175, 0.85094));
#177 = IFCCARTESIANPOINT ((-0.0173194, -0.837978, 0.85094));
#178 = IFCCARTESIANPOINT ((-0.0156972, -0.837978, 0.852024));
#174 = IFCPOLYLOOP ((#175, #176, #177, #178));
#173 = IFCFACEOUTERBOUND (#174, .T.);
#172 = IFCFACE ((#173));
#182 = IFCCARTESIANPOINT ((-0.0173186, -0.766175, 0.85094));
#183 = IFCCARTESIANPOINT ((-0.0184024, -0.766175, 0.849318));
#184 = IFCCARTESIANPOINT ((-0.0184032, -0.837978, 0.849318));
#185 = IFCCARTESIANPOINT ((-0.0173194, -0.837978, 0.85094));
#181 = IFCPOLYLOOP ((#182, #183, #184, #185));
#180 = IFCFACEOUTERBOUND (#181, .T.);
#179 = IFCFACE ((#180));
#189 = IFCCARTESIANPOINT ((-0.0184024, -0.766175, 0.849318));
#190 = IFCCARTESIANPOINT ((-0.018783, -0.766175, 0.847405));
#191 = IFCCARTESIANPOINT ((-0.0187838, -0.837978, 0.847405));
#192 = IFCCARTESIANPOINT ((-0.0184032, -0.837978, 0.849318));
#188 = IFCPOLYLOOP ((#189, #190, #191, #192));
#187 = IFCFACEOUTERBOUND (#188, .T.);
#186 = IFCFACE ((#187));
#196 = IFCCARTESIANPOINT ((-0.018783, -0.766175, 0.847405));
#197 = IFCCARTESIANPOINT ((-0.0187828, -0.766175, 0.821467));
#198 = IFCCARTESIANPOINT ((-0.0187836, -0.837978, 0.821467));
#199 = IFCCARTESIANPOINT ((-0.0187838, -0.837978, 0.847405));
#195 = IFCPOLYLOOP ((#196, #197, #198, #199));
#194 = IFCFACEOUTERBOUND (#195, .T.);
#193 = IFCFACE ((#194));
#203 = IFCCARTESIANPOINT ((-0.0187828, -0.766175, 0.821467));
#204 = IFCCARTESIANPOINT ((0.018783, -0.766175, 0.821467));
#205 = IFCCARTESIANPOINT ((0.0187822, -0.837978, 0.821467));
#206 = IFCCARTESIANPOINT ((-0.0187836, -0.837978, 0.821467));
#202 = IFCPOLYLOOP ((#203, #204, #205, #206));
#201 = IFCFACEOUTERBOUND (#202, .T.);
#200 = IFCFACE ((#201));
#210 = IFCCARTESIANPOINT ((0.018783, -0.766175, 0.821467));
#211 = IFCCARTESIANPOINT ((0.0187829, -0.766175, 0.847405));
#212 = IFCCARTESIANPOINT ((0.018782, -0.837978, 0.847405));
#213 = IFCCARTESIANPOINT ((0.0187822, -0.837978, 0.821467));
#209 = IFCPOLYLOOP ((#210, #211, #212, #213));
#208 = IFCFACEOUTERBOUND (#209, .T.);
#207 = IFCFACE ((#208));
#217 = IFCCARTESIANPOINT ((0.018782, -0.837978, 0.847405));
#218 = IFCCARTESIANPOINT ((0.0184014, -0.837978, 0.849319));
#219 = IFCCARTESIANPOINT ((0.0173175, -0.837978, 0.850941));
#220 = IFCCARTESIANPOINT ((0.0156954, -0.837978, 0.852025));
#221 = IFCCARTESIANPOINT ((0.013782, -0.837978, 0.852405));
#222 = IFCCARTESIANPOINT ((-0.0137838, -0.837978, 0.852405));
#223 = IFCCARTESIANPOINT ((-0.0156972, -0.837978, 0.852024));
#224 = IFCCARTESIANPOINT ((-0.0173194, -0.837978, 0.85094));
#225 = IFCCARTESIANPOINT ((-0.0184032, -0.837978, 0.849318));
#226 = IFCCARTESIANPOINT ((-0.0187838, -0.837978, 0.847405));
#227 = IFCCARTESIANPOINT ((-0.0187836, -0.837978, 0.821467));
#228 = IFCCARTESIANPOINT ((0.0187822, -0.837978, 0.821467));
#216 = IFCPOLYLOOP ((#217, #218, #219, #220, #221, #222, #223, #224, #225, #226, #227, #228));
#215 = IFCFACEOUTERBOUND (#216, .T.);
#214 = IFCFACE ((#215));
#232 = IFCCARTESIANPOINT ((0.018783, -0.766175, 0.821467));
#233 = IFCCARTESIANPOINT ((-0.0187828, -0.766175, 0.821467));
#234 = IFCCARTESIANPOINT ((-0.018783, -0.766175, 0.847405));
#235 = IFCCARTESIANPOINT ((-0.0184024, -0.766175, 0.849318));
#236 = IFCCARTESIANPOINT ((-0.0173186, -0.766175, 0.85094));
#237 = IFCCARTESIANPOINT ((-0.0156964, -0.766175, 0.852024));
#238 = IFCCARTESIANPOINT ((-0.013783, -0.766175, 0.852405));
#239 = IFCCARTESIANPOINT ((0.0137828, -0.766175, 0.852405));
#240 = IFCCARTESIANPOINT ((0.0156962, -0.766175, 0.852025));
#241 = IFCCARTESIANPOINT ((0.0173183, -0.766175, 0.850941));
#242 = IFCCARTESIANPOINT ((0.0184022, -0.766175, 0.849319));
#243 = IFCCARTESIANPOINT ((0.0187829, -0.766175, 0.847405));
#231 = IFCPOLYLOOP ((#232, #233, #234, #235, #236, #237, #238, #239, #240, #241, #242, #243));
#230 = IFCFACEOUTERBOUND (#231, .T.);
#229 = IFCFACE ((#230));
#129 = IFCCLOSEDSHELL ((#130, #137, #144, #151, #158, #165, #172, #179, #186, #193, #200, #207, #214, #229));
#128 = IFCFACETEDBREP (#129);
#249 = IFCCARTESIANPOINT ((0.0971401, -0.760473, 0.789238));
#250 = IFCCARTESIANPOINT ((0.0433699, -0.760473, 0.789238));
#251 = IFCCARTESIANPOINT ((0.0433699, -0.878723, 0.789238));
#252 = IFCCARTESIANPOINT ((0.0971401, -0.878723, 0.789238));
#248 = IFCPOLYLOOP ((#249, #250, #251, #252));
#247 = IFCFACEOUTERBOUND (#248, .T.);
#246 = IFCFACE ((#247));
#256 = IFCCARTESIANPOINT ((0.0433699, -0.760473, 0.789238));
#257 = IFCCARTESIANPOINT ((0.0370066, -0.760473, 0.805501));
#258 = IFCCARTESIANPOINT ((0.0370066, -0.878723, 0.805501));
#259 = IFCCARTESIANPOINT ((0.0433699, -0.878723, 0.789238));
#255 = IFCPOLYLOOP ((#256, #257, #258, #259));
#254 = IFCFACEOUTERBOUND (#255, .T.);
#253 = IFCFACE ((#254));
#263 = IFCCARTESIANPOINT ((0.0370066, -0.760473, 0.805501));
#264 = IFCCARTESIANPOINT ((0.0248216, -0.760473, 0.818011));
#265 = IFCCARTESIANPOINT ((0.0248216, -0.878723, 0.818011));
#266 = IFCCARTESIANPOINT ((0.0370066, -0.878723, 0.805501));
#262 = IFCPOLYLOOP ((#263, #264, #265, #266));
#261 = IFCFACEOUTERBOUND (#262, .T.);
#260 = IFCFACE ((#261));
#270 = IFCCARTESIANPOINT ((0.0248216, -0.760473, 0.818011));
#271 = IFCCARTESIANPOINT ((0.00873174, -0.760473, 0.8248));
#272 = IFCCARTESIANPOINT ((0.00873174, -0.878723, 0.8248));
#273 = IFCCARTESIANPOINT ((0.0248216, -0.878723, 0.818011));
#269 = IFCPOLYLOOP ((#270, #271, #272, #273));
#268 = IFCFACEOUTERBOUND (#269, .T.);
#267 = IFCFACE ((#268));
#277 = IFCCARTESIANPOINT ((0.00873174, -0.760473, 0.8248));
#278 = IFCCARTESIANPOINT ((-0.00873174, -0.760473, 0.8248));
#279 = IFCCARTESIANPOINT ((-0.00873174, -0.878723, 0.8248));
#280 = IFCCARTESIANPOINT ((0.00873174, -0.878723, 0.8248));
#276 = IFCPOLYLOOP ((#277, #278, #279, #280));
#275 = IFCFACEOUTERBOUND (#276, .T.);
#274 = IFCFACE ((#275));
#284 = IFCCARTESIANPOINT ((-0.00873174, -0.760473, 0.8248));
#285 = IFCCARTESIANPOINT ((-0.0248216, -0.760473, 0.818011));
#286 = IFCCARTESIANPOINT ((-0.0248216, -0.878723, 0.818011));
#287 = IFCCARTESIANPOINT ((-0.00873174, -0.878723, 0.8248));
#283 = IFCPOLYLOOP ((#284, #285, #286, #287));
#282 = IFCFACEOUTERBOUND (#283, .T.);
#281 = IFCFACE ((#282));
#291 = IFCCARTESIANPOINT ((-0.0248216, -0.760473, 0.818011));
#292 = IFCCARTESIANPOINT ((-0.0370066, -0.760473, 0.805501));
#293 = IFCCARTESIANPOINT ((-0.0370066, -0.878723, 0.805501));
#294 = IFCCARTESIANPOINT ((-0.0248216, -0.878723, 0.818011));
#290 = IFCPOLYLOOP ((#291, #292, #293, #294));
#289 = IFCFACEOUTERBOUND (#290, .T.);
#288 = IFCFACE ((#289));
#298 = IFCCARTESIANPOINT ((-0.0370066, -0.760473, 0.805501));
#299 = IFCCARTESIANPOINT ((-0.0433699, -0.760473, 0.789238));
#300 = IFCCARTESIANPOINT ((-0.0433699, -0.878723, 0.789238));
#301 = IFCCARTESIANPOINT ((-0.0370066, -0.878723, 0.805501));
#297 = IFCPOLYLOOP ((#298, #299, #300, #301));
#296 = IFCFACEOUTERBOUND (#297, .T.);
#295 = IFCFACE ((#296));
#305 = IFCCARTESIANPOINT ((-0.0433699, -0.760473, 0.789238));
#306 = IFCCARTESIANPOINT ((-0.0971399, -0.760473, 0.789238));
#307 = IFCCARTESIANPOINT ((-0.0971399, -0.878723, 0.789238));
#308 = IFCCARTESIANPOINT ((-0.0433699, -0.878723, 0.789238));
#304 = IFCPOLYLOOP ((#305, #306, #307, #308));
#303 = IFCFACEOUTERBOUND (#304, .T.);
#302 = IFCFACE ((#303));
#312 = IFCCARTESIANPOINT ((-0.0971399, -0.760473, 0.789238));
#313 = IFCCARTESIANPOINT ((-0.0979053, -0.760473, 0.789086));
#314 = IFCCARTESIANPOINT ((-0.0979053, -0.878723, 0.789086));
#315 = IFCCARTESIANPOINT ((-0.0971399, -0.878723, 0.789238));
#311 = IFCPOLYLOOP ((#312, #313, #314, #315));
#310 = IFCFACEOUTERBOUND (#311, .T.);
#309 = IFCFACE ((#310));
#319 = IFCCARTESIANPOINT ((-0.0979053, -0.760473, 0.789086));
#320 = IFCCARTESIANPOINT ((-0.0985541, -0.760473, 0.788652));
#321 = IFCCARTESIANPOINT ((-0.0985541, -0.878723, 0.788652));
#322 = IFCCARTESIANPOINT ((-0.0979053, -0.878723, 0.789086));
#318 = IFCPOLYLOOP ((#319, #320, #321, #322));
#317 = IFCFACEOUTERBOUND (#318, .T.);
#316 = IFCFACE ((#317));
#326 = IFCCARTESIANPOINT ((-0.0985541, -0.760473, 0.788652));
#327 = IFCCARTESIANPOINT ((-0.0989877, -0.760473, 0.788003));
#328 = IFCCARTESIANPOINT ((-0.0989877, -0.878723, 0.788003));
#329 = IFCCARTESIANPOINT ((-0.0985541, -0.878723, 0.788652));
#325 = IFCPOLYLOOP ((#326, #327, #328, #329));
#324 = IFCFACEOUTERBOUND (#325, .T.);
#323 = IFCFACE ((#324));
#333 = IFCCARTESIANPOINT ((-0.0989877, -0.760473, 0.788003));
#334 = IFCCARTESIANPOINT ((-0.0991399, -0.760473, 0.787238));
#335 = IFCCARTESIANPOINT ((-0.0991399, -0.878723, 0.787238));
#336 = IFCCARTESIANPOINT ((-0.0989877, -0.878723, 0.788003));
#332 = IFCPOLYLOOP ((#333, #334, #335, #336));
#331 = IFCFACEOUTERBOUND (#332, .T.);
#330 = IFCFACE ((#331));
#340 = IFCCARTESIANPOINT ((-0.0991399, -0.760473, 0.787238));
#341 = IFCCARTESIANPOINT ((-0.0991399, -0.760473, 0.679893));
#342 = IFCCARTESIANPOINT ((-0.0991399, -0.878723, 0.679893));
#343 = IFCCARTESIANPOINT ((-0.0991399, -0.878723, 0.787238));
#339 = IFCPOLYLOOP ((#340, #341, #342, #343));
#338 = IFCFACEOUTERBOUND (#339, .T.);
#337 = IFCFACE ((#338));
#347 = IFCCARTESIANPOINT ((-0.0991399, -0.760473, 0.679893));
#348 = IFCCARTESIANPOINT ((-0.0989877, -0.760473, 0.679128));
#349 = IFCCARTESIANPOINT ((-0.0989877, -0.878723, 0.679128));
#350 = IFCCARTESIANPOINT ((-0.0991399, -0.878723, 0.679893));
#346 = IFCPOLYLOOP ((#347, #348, #349, #350));
#345 = IFCFACEOUTERBOUND (#346, .T.);
#344 = IFCFACE ((#345));
#354 = IFCCARTESIANPOINT ((-0.0989877, -0.760473, 0.679128));
#355 = IFCCARTESIANPOINT ((-0.0985541, -0.760473, 0.678479));
#356 = IFCCARTESIANPOINT ((-0.0985541, -0.878723, 0.678479));
#357 = IFCCARTESIANPOINT ((-0.0989877, -0.878723, 0.679128));
#353 = IFCPOLYLOOP ((#354, #355, #356, #357));
#352 = IFCFACEOUTERBOUND (#353, .T.);
#351 = IFCFACE ((#352));
#361 = IFCCARTESIANPOINT ((-0.0985541, -0.760473, 0.678479));
#362 = IFCCARTESIANPOINT ((-0.0979053, -0.760473, 0.678045));
#363 = IFCCARTESIANPOINT ((-0.0979053, -0.878723, 0.678045));
#364 = IFCCARTESIANPOINT ((-0.0985541, -0.878723, 0.678479));
#360 = IFCPOLYLOOP ((#361, #362, #363, #364));
#359 = IFCFACEOUTERBOUND (#360, .T.);
#358 = IFCFACE ((#359));
#368 = IFCCARTESIANPOINT ((-0.0979053, -0.760473, 0.678045));
#369 = IFCCARTESIANPOINT ((-0.0971399, -0.760473, 0.677893));
#370 = IFCCARTESIANPOINT ((-0.0971399, -0.878723, 0.677893));
#371 = IFCCARTESIANPOINT ((-0.0979053, -0.878723, 0.678045));
#367 = IFCPOLYLOOP ((#368, #369, #370, #371));
#366 = IFCFACEOUTERBOUND (#367, .T.);
#365 = IFCFACE ((#366));
#375 = IFCCARTESIANPOINT ((-0.0971399, -0.760473, 0.677893));
#376 = IFCCARTESIANPOINT ((-0.0801669, -0.760473, 0.677893));
#377 = IFCCARTESIANPOINT ((-0.0801669, -0.878723, 0.677893));
#378 = IFCCARTESIANPOINT ((-0.0971399, -0.878723, 0.677893));
#374 = IFCPOLYLOOP ((#375, #376, #377, #378));
#373 = IFCFACEOUTERBOUND (#374, .T.);
#372 = IFCFACE ((#373));
#382 = IFCCARTESIANPOINT ((-0.0801669, -0.760473, 0.677893));
#383 = IFCCARTESIANPOINT ((-0.0753329, -0.760473, 0.681098));
#384 = IFCCARTESIANPOINT ((-0.0753329, -0.878723, 0.681098));
#385 = IFCCARTESIANPOINT ((-0.0801669, -0.878723, 0.677893));
#381 = IFCPOLYLOOP ((#382, #383, #384, #385));
#380 = IFCFACEOUTERBOUND (#381, .T.);
#379 = IFCFACE ((#380));
#389 = IFCCARTESIANPOINT ((-0.0753329, -0.760473, 0.681098));
#390 = IFCCARTESIANPOINT ((0.0753332, -0.760473, 0.681098));
#391 = IFCCARTESIANPOINT ((0.0753332, -0.878723, 0.681098));
#392 = IFCCARTESIANPOINT ((-0.0753329, -0.878723, 0.681098));
#388 = IFCPOLYLOOP ((#389, #390, #391, #392));
#387 = IFCFACEOUTERBOUND (#388, .T.);
#386 = IFCFACE ((#387));
#396 = IFCCARTESIANPOINT ((0.0753332, -0.760473, 0.681098));
#397 = IFCCARTESIANPOINT ((0.0801665, -0.760473, 0.677893));
#398 = IFCCARTESIANPOINT ((0.0801665, -0.878723, 0.677893));
#399 = IFCCARTESIANPOINT ((0.0753332, -0.878723, 0.681098));
#395 = IFCPOLYLOOP ((#396, #397, #398, #399));
#394 = IFCFACEOUTERBOUND (#395, .T.);
#393 = IFCFACE ((#394));
#403 = IFCCARTESIANPOINT ((0.0801665, -0.760473, 0.677893));
#404 = IFCCARTESIANPOINT ((0.0971401, -0.760473, 0.677893));
#405 = IFCCARTESIANPOINT ((0.0971401, -0.878723, 0.677893));
#406 = IFCCARTESIANPOINT ((0.0801665, -0.878723, 0.677893));
#402 = IFCPOLYLOOP ((#403, #404, #405, #406));
#401 = IFCFACEOUTERBOUND (#402, .T.);
#400 = IFCFACE ((#401));
#410 = IFCCARTESIANPOINT ((0.0971401, -0.760473, 0.677893));
#411 = IFCCARTESIANPOINT ((0.0979055, -0.760473, 0.678045));
#412 = IFCCARTESIANPOINT ((0.0979055, -0.878723, 0.678045));
#413 = IFCCARTESIANPOINT ((0.0971401, -0.878723, 0.677893));
#409 = IFCPOLYLOOP ((#410, #411, #412, #413));
#408 = IFCFACEOUTERBOUND (#409, .T.);
#407 = IFCFACE ((#408));
#417 = IFCCARTESIANPOINT ((0.0979055, -0.760473, 0.678045));
#418 = IFCCARTESIANPOINT ((0.0985543, -0.760473, 0.678479));
#419 = IFCCARTESIANPOINT ((0.0985543, -0.878723, 0.678479));
#420 = IFCCARTESIANPOINT ((0.0979055, -0.878723, 0.678045));
#416 = IFCPOLYLOOP ((#417, #418, #419, #420));
#415 = IFCFACEOUTERBOUND (#416, .T.);
#414 = IFCFACE ((#415));
#424 = IFCCARTESIANPOINT ((0.0985543, -0.760473, 0.678479));
#425 = IFCCARTESIANPOINT ((0.0989879, -0.760473, 0.679128));
#426 = IFCCARTESIANPOINT ((0.0989879, -0.878723, 0.679128));
#427 = IFCCARTESIANPOINT ((0.0985543, -0.878723, 0.678479));
#423 = IFCPOLYLOOP ((#424, #425, #426, #427));
#422 = IFCFACEOUTERBOUND (#423, .T.);
#421 = IFCFACE ((#422));
#431 = IFCCARTESIANPOINT ((0.0989879, -0.760473, 0.679128));
#432 = IFCCARTESIANPOINT ((0.0991401, -0.760473, 0.679893));
#433 = IFCCARTESIANPOINT ((0.0991401, -0.878723, 0.679893));
#434 = IFCCARTESIANPOINT ((0.0989879, -0.878723, 0.679128));
#430 = IFCPOLYLOOP ((#431, #432, #433, #434));
#429 = IFCFACEOUTERBOUND (#430, .T.);
#428 = IFCFACE ((#429));
#438 = IFCCARTESIANPOINT ((0.0991401, -0.760473, 0.679893));
#439 = IFCCARTESIANPOINT ((0.0991401, -0.760473, 0.787238));
#440 = IFCCARTESIANPOINT ((0.0991401, -0.878723, 0.787238));
#441 = IFCCARTESIANPOINT ((0.0991401, -0.878723, 0.679893));
#437 = IFCPOLYLOOP ((#438, #439, #440, #441));
#436 = IFCFACEOUTERBOUND (#437, .T.);
#435 = IFCFACE ((#436));
#445 = IFCCARTESIANPOINT ((0.0991401, -0.760473, 0.787238));
#446 = IFCCARTESIANPOINT ((0.0989879, -0.760473, 0.788003));
#447 = IFCCARTESIANPOINT ((0.0989879, -0.878723, 0.788003));
#448 = IFCCARTESIANPOINT ((0.0991401, -0.878723, 0.787238));
#444 = IFCPOLYLOOP ((#445, #446, #447, #448));
#443 = IFCFACEOUTERBOUND (#444, .T.);
#442 = IFCFACE ((#443));
#452 = IFCCARTESIANPOINT ((0.0989879, -0.760473, 0.788003));
#453 = IFCCARTESIANPOINT ((0.0985543, -0.760473, 0.788652));
#454 = IFCCARTESIANPOINT ((0.0985543, -0.878723, 0.788652));
#455 = IFCCARTESIANPOINT ((0.0989879, -0.878723, 0.788003));
#451 = IFCPOLYLOOP ((#452, #453, #454, #455));
#450 = IFCFACEOUTERBOUND (#451, .T.);
#449 = IFCFACE ((#450));
#459 = IFCCARTESIANPOINT ((0.0985543, -0.760473, 0.788652));
#460 = IFCCARTESIANPOINT ((0.0979055, -0.760473, 0.789086));
#461 = IFCCARTESIANPOINT ((0.0979055, -0.878723, 0.789086));
#462 = IFCCARTESIANPOINT ((0.0985543, -0.878723, 0.788652));
#458 = IFCPOLYLOOP ((#459, #460, #461, #462));
#457 = IFCFACEOUTERBOUND (#458, .T.);
#456 = IFCFACE ((#457));
#466 = IFCCARTESIANPOINT ((0.0979055, -0.760473, 0.789086));
#467 = IFCCARTESIANPOINT ((0.0971401, -0.760473, 0.789238));
#468 = IFCCARTESIANPOINT ((0.0971401, -0.878723, 0.789238));
#469 = IFCCARTESIANPOINT ((0.0979055, -0.878723, 0.789086));
#465 = IFCPOLYLOOP ((#466, #467, #468, #469));
#464 = IFCFACEOUTERBOUND (#465, .T.);
#463 = IFCFACE ((#464));
#473 = IFCCARTESIANPOINT ((0.0971401, -0.878723, 0.789238));
#474 = IFCCARTESIANPOINT ((0.0433699, -0.878723, 0.789238));
#475 = IFCCARTESIANPOINT ((0.0370066, -0.878723, 0.805501));
#476 = IFCCARTESIANPOINT ((0.0248216, -0.878723, 0.818011));
#477 = IFCCARTESIANPOINT ((0.00873174, -0.878723, 0.8248));
#478 = IFCCARTESIANPOINT ((-0.00873174, -0.878723, 0.8248));
#479 = IFCCARTESIANPOINT ((-0.0248216, -0.878723, 0.818011));
#480 = IFCCARTESIANPOINT ((-0.0370066, -0.878723, 0.805501));
#481 = IFCCARTESIANPOINT ((-0.0433699, -0.878723, 0.789238));
#482 = IFCCARTESIANPOINT ((-0.0971399, -0.878723, 0.789238));
#483 = IFCCARTESIANPOINT ((-0.0979053, -0.878723, 0.789086));
#484 = IFCCARTESIANPOINT ((-0.0985541, -0.878723, 0.788652));
#485 = IFCCARTESIANPOINT ((-0.0989877, -0.878723, 0.788003));
#486 = IFCCARTESIANPOINT ((-0.0991399, -0.878723, 0.787238));
#487 = IFCCARTESIANPOINT ((-0.0991399, -0.878723, 0.679893));
#488 = IFCCARTESIANPOINT ((-0.0989877, -0.878723, 0.679128));
#489 = IFCCARTESIANPOINT ((-0.0985541, -0.878723, 0.678479));
#490 = IFCCARTESIANPOINT ((-0.0979053, -0.878723, 0.678045));
#491 = IFCCARTESIANPOINT ((-0.0971399, -0.878723, 0.677893));
#492 = IFCCARTESIANPOINT ((-0.0801669, -0.878723, 0.677893));
#493 = IFCCARTESIANPOINT ((-0.0753329, -0.878723, 0.681098));
#494 = IFCCARTESIANPOINT ((0.0753332, -0.878723, 0.681098));
#495 = IFCCARTESIANPOINT ((0.0801665, -0.878723, 0.677893));
#496 = IFCCARTESIANPOINT ((0.0971401, -0.878723, 0.677893));
#497 = IFCCARTESIANPOINT ((0.0979055, -0.878723, 0.678045));
#498 = IFCCARTESIANPOINT ((0.0985543, -0.878723, 0.678479));
#499 = IFCCARTESIANPOINT ((0.0989879, -0.878723, 0.679128));
#500 = IFCCARTESIANPOINT ((0.0991401, -0.878723, 0.679893));
#501 = IFCCARTESIANPOINT ((0.0991401, -0.878723, 0.787238));
#502 = IFCCARTESIANPOINT ((0.0989879, -0.878723, 0.788003));
#503 = IFCCARTESIANPOINT ((0.0985543, -0.878723, 0.788652));
#504 = IFCCARTESIANPOINT ((0.0979055, -0.878723, 0.789086));
#472 = IFCPOLYLOOP ((#473, #474, #475, #476, #477, #478, #479, #480, #481, #482, #483, #484, #485, #486, #487, #488, #489, #490, #491, #492, #493, #494, #495, #496, #497, #498, #499, #500, #501, #502, #503, #504));
#471 = IFCFACEOUTERBOUND (#472, .T.);
#470 = IFCFACE ((#471));
#508 = IFCCARTESIANPOINT ((0.0979055, -0.760473, 0.789086));
#509 = IFCCARTESIANPOINT ((0.0985543, -0.760473, 0.788652));
#510 = IFCCARTESIANPOINT ((0.0989879, -0.760473, 0.788003));
#511 = IFCCARTESIANPOINT ((0.0991401, -0.760473, 0.787238));
#512 = IFCCARTESIANPOINT ((0.0991401, -0.760473, 0.679893));
#513 = IFCCARTESIANPOINT ((0.0989879, -0.760473, 0.679128));
#514 = IFCCARTESIANPOINT ((0.0985543, -0.760473, 0.678479));
#515 = IFCCARTESIANPOINT ((0.0979055, -0.760473, 0.678045));
#516 = IFCCARTESIANPOINT ((0.0971401, -0.760473, 0.677893));
#517 = IFCCARTESIANPOINT ((0.0801665, -0.760473, 0.677893));
#518 = IFCCARTESIANPOINT ((0.0753332, -0.760473, 0.681098));
#519 = IFCCARTESIANPOINT ((-0.0753329, -0.760473, 0.681098));
#520 = IFCCARTESIANPOINT ((-0.0801669, -0.760473, 0.677893));
#521 = IFCCARTESIANPOINT ((-0.0971399, -0.760473, 0.677893));
#522 = IFCCARTESIANPOINT ((-0.0979053, -0.760473, 0.678045));
#523 = IFCCARTESIANPOINT ((-0.0985541, -0.760473, 0.678479));
#524 = IFCCARTESIANPOINT ((-0.0989877, -0.760473, 0.679128));
#525 = IFCCARTESIANPOINT ((-0.0991399, -0.760473, 0.679893));
#526 = IFCCARTESIANPOINT ((-0.0991399, -0.760473, 0.787238));
#527 = IFCCARTESIANPOINT ((-0.0989877, -0.760473, 0.788003));
#528 = IFCCARTESIANPOINT ((-0.0985541, -0.760473, 0.788652));
#529 = IFCCARTESIANPOINT ((-0.0979053, -0.760473, 0.789086));
#530 = IFCCARTESIANPOINT ((-0.0971399, -0.760473, 0.789238));
#531 = IFCCARTESIANPOINT ((-0.0433699, -0.760473, 0.789238));
#532 = IFCCARTESIANPOINT ((-0.0370066, -0.760473, 0.805501));
#533 = IFCCARTESIANPOINT ((-0.0248216, -0.760473, 0.818011));
#534 = IFCCARTESIANPOINT ((-0.00873174, -0.760473, 0.8248));
#535 = IFCCARTESIANPOINT ((0.00873174, -0.760473, 0.8248));
#536 = IFCCARTESIANPOINT ((0.0248216, -0.760473, 0.818011));
#537 = IFCCARTESIANPOINT ((0.0370066, -0.760473, 0.805501));
#538 = IFCCARTESIANPOINT ((0.0433699, -0.760473, 0.789238));
#539 = IFCCARTESIANPOINT ((0.0971401, -0.760473, 0.789238));
#507 = IFCPOLYLOOP ((#508, #509, #510, #511, #512, #513, #514, #515, #516, #517, #518, #519, #520, #521, #522, #523, #524, #525, #526, #527, #528, #529, #530, #531, #532, #533, #534, #535, #536, #537, #538, #539));
#506 = IFCFACEOUTERBOUND (#507, .T.);
#505 = IFCFACE ((#506));
#245 = IFCCLOSEDSHELL ((#246, #253, #260, #267, #274, #281, #288, #295, #302, #309, #316, #323, #330, #337, #344, #351, #358, #365, #372, #379, #386, #393, #400, #407, #414, #421, #428, #435, #442, #449, #456, #463, #470, #505));
#244 = IFCFACETEDBREP (#245);
#545 = IFCCARTESIANPOINT ((-0.138291, -1.49743, 0.007));
#546 = IFCCARTESIANPOINT ((-0.142518, -1.50376, 0.007));
#547 = IFCCARTESIANPOINT ((-0.142518, -1.50376, 0.));
#548 = IFCCARTESIANPOINT ((-0.138291, -1.49743, 0.));
#544 = IFCPOLYLOOP ((#545, #546, #547, #548));
#543 = IFCFACEOUTERBOUND (#544, .T.);
#542 = IFCFACE ((#543));
#552 = IFCCARTESIANPOINT ((-0.142518, -1.50376, 0.007));
#553 = IFCCARTESIANPOINT ((-0.148845, -1.50799, 0.007));
#554 = IFCCARTESIANPOINT ((-0.148845, -1.50799, 0.));
#555 = IFCCARTESIANPOINT ((-0.142518, -1.50376, 0.));
#551 = IFCPOLYLOOP ((#552, #553, #554, #555));
#550 = IFCFACEOUTERBOUND (#551, .T.);
#549 = IFCFACE ((#550));
#559 = IFCCARTESIANPOINT ((-0.148845, -1.50799, 0.007));
#560 = IFCCARTESIANPOINT ((-0.156307, -1.50947, 0.007));
#561 = IFCCARTESIANPOINT ((-0.156307, -1.50947, 0.));
#562 = IFCCARTESIANPOINT ((-0.148845, -1.50799, 0.));
#558 = IFCPOLYLOOP ((#559, #560, #561, #562));
#557 = IFCFACEOUTERBOUND (#558, .T.);
#556 = IFCFACE ((#557));
#566 = IFCCARTESIANPOINT ((-0.156307, -1.50947, 0.007));
#567 = IFCCARTESIANPOINT ((-0.163769, -1.50799, 0.007));
#568 = IFCCARTESIANPOINT ((-0.163769, -1.50799, 0.));
#569 = IFCCARTESIANPOINT ((-0.156307, -1.50947, 0.));
#565 = IFCPOLYLOOP ((#566, #567, #568, #569));
#564 = IFCFACEOUTERBOUND (#565, .T.);
#563 = IFCFACE ((#564));
#573 = IFCCARTESIANPOINT ((-0.163769, -1.50799, 0.007));
#574 = IFCCARTESIANPOINT ((-0.170096, -1.50376, 0.007));
#575 = IFCCARTESIANPOINT ((-0.170096, -1.50376, 0.));
#576 = IFCCARTESIANPOINT ((-0.163769, -1.50799, 0.));
#572 = IFCPOLYLOOP ((#573, #574, #575, #576));
#571 = IFCFACEOUTERBOUND (#572, .T.);
#570 = IFCFACE ((#571));
#580 = IFCCARTESIANPOINT ((-0.170096, -1.50376, 0.007));
#581 = IFCCARTESIANPOINT ((-0.174323, -1.49743, 0.007));
#582 = IFCCARTESIANPOINT ((-0.174323, -1.49743, 0.));
#583 = IFCCARTESIANPOINT ((-0.170096, -1.50376, 0.));
#579 = IFCPOLYLOOP ((#580, #581, #582, #583));
#578 = IFCFACEOUTERBOUND (#579, .T.);
#577 = IFCFACE ((#578));
#587 = IFCCARTESIANPOINT ((-0.174323, -1.49743, 0.007));
#588 = IFCCARTESIANPOINT ((-0.175807, -1.48997, 0.007));
#589 = IFCCARTESIANPOINT ((-0.175807, -1.48997, 0.));
#590 = IFCCARTESIANPOINT ((-0.174323, -1.49743, 0.));
#586 = IFCPOLYLOOP ((#587, #588, #589, #590));
#585 = IFCFACEOUTERBOUND (#586, .T.);
#584 = IFCFACE ((#585));
#594 = IFCCARTESIANPOINT ((-0.175807, -1.48997, 0.007));
#595 = IFCCARTESIANPOINT ((-0.174323, -1.48251, 0.007));
#596 = IFCCARTESIANPOINT ((-0.174323, -1.48251, 0.));
#597 = IFCCARTESIANPOINT ((-0.175807, -1.48997, 0.));
#593 = IFCPOLYLOOP ((#594, #595, #596, #597));
#592 = IFCFACEOUTERBOUND (#593, .T.);
#591 = IFCFACE ((#592));
#601 = IFCCARTESIANPOINT ((-0.174323, -1.48251, 0.007));
#602 = IFCCARTESIANPOINT ((-0.170096, -1.47618, 0.007));
#603 = IFCCARTESIANPOINT ((-0.170096, -1.47618, 0.));
#604 = IFCCARTESIANPOINT ((-0.174323, -1.48251, 0.));
#600 = IFCPOLYLOOP ((#601, #602, #603, #604));
#599 = IFCFACEOUTERBOUND (#600, .T.);
#598 = IFCFACE ((#599));
#608 = IFCCARTESIANPOINT ((-0.170096, -1.47618, 0.007));
#609 = IFCCARTESIANPOINT ((-0.163769, -1.47195, 0.007));
#610 = IFCCARTESIANPOINT ((-0.163769, -1.47195, 0.));
#611 = IFCCARTESIANPOINT ((-0.170096, -1.47618, 0.));
#607 = IFCPOLYLOOP ((#608, #609, #610, #611));
#606 = IFCFACEOUTERBOUND (#607, .T.);
#605 = IFCFACE ((#606));
#615 = IFCCARTESIANPOINT ((-0.163769, -1.47195, 0.007));
#616 = IFCCARTESIANPOINT ((-0.156307, -1.47047, 0.007));
#617 = IFCCARTESIANPOINT ((-0.156307, -1.47047, 0.));
#618 = IFCCARTESIANPOINT ((-0.163769, -1.47195, 0.));
#614 = IFCPOLYLOOP ((#615, #616, #617, #618));
#613 = IFCFACEOUTERBOUND (#614, .T.);
#612 = IFCFACE ((#613));
#622 = IFCCARTESIANPOINT ((-0.156307, -1.47047, 0.007));
#623 = IFCCARTESIANPOINT ((-0.148845, -1.47195, 0.007));
#624 = IFCCARTESIANPOINT ((-0.148845, -1.47195, 0.));
#625 = IFCCARTESIANPOINT ((-0.156307, -1.47047, 0.));
#621 = IFCPOLYLOOP ((#622, #623, #624, #625));
#620 = IFCFACEOUTERBOUND (#621, .T.);
#619 = IFCFACE ((#620));
#629 = IFCCARTESIANPOINT ((-0.148845, -1.47195, 0.007));
#630 = IFCCARTESIANPOINT ((-0.142518, -1.47618, 0.007));
#631 = IFCCARTESIANPOINT ((-0.142518, -1.47618, 0.));
#632 = IFCCARTESIANPOINT ((-0.148845, -1.47195, 0.));
#628 = IFCPOLYLOOP ((#629, #630, #631, #632));
#627 = IFCFACEOUTERBOUND (#628, .T.);
#626 = IFCFACE ((#627));
#636 = IFCCARTESIANPOINT ((-0.142518, -1.47618, 0.007));
#637 = IFCCARTESIANPOINT ((-0.138291, -1.48251, 0.007));
#638 = IFCCARTESIANPOINT ((-0.138291, -1.48251, 0.));
#639 = IFCCARTESIANPOINT ((-0.142518, -1.47618, 0.));
#635 = IFCPOLYLOOP ((#636, #637, #638, #639));
#634 = IFCFACEOUTERBOUND (#635, .T.);
#633 = IFCFACE ((#634));
#643 = IFCCARTESIANPOINT ((-0.138291, -1.48251, 0.007));
#644 = IFCCARTESIANPOINT ((-0.136807, -1.48997, 0.007));
#645 = IFCCARTESIANPOINT ((-0.136807, -1.48997, 0.));
#646 = IFCCARTESIANPOINT ((-0.138291, -1.48251, 0.));
#642 = IFCPOLYLOOP ((#643, #644, #645, #646));
#641 = IFCFACEOUTERBOUND (#642, .T.);
#640 = IFCFACE ((#641));
#650 = IFCCARTESIANPOINT ((-0.136807, -1.48997, 0.007));
#651 = IFCCARTESIANPOINT ((-0.138291, -1.49743, 0.007));
#652 = IFCCARTESIANPOINT ((-0.138291, -1.49743, 0.));
#653 = IFCCARTESIANPOINT ((-0.136807, -1.48997, 0.));
#649 = IFCPOLYLOOP ((#650, #651, #652, #653));
#648 = IFCFACEOUTERBOUND (#649, .T.);
#647 = IFCFACE ((#648));
#657 = IFCCARTESIANPOINT ((-0.138291, -1.49743, 0.));
#658 = IFCCARTESIANPOINT ((-0.142518, -1.50376, 0.));
#659 = IFCCARTESIANPOINT ((-0.148845, -1.50799, 0.));
#660 = IFCCARTESIANPOINT ((-0.156307, -1.50947, 0.));
#661 = IFCCARTESIANPOINT ((-0.163769, -1.50799, 0.));
#662 = IFCCARTESIANPOINT ((-0.170096, -1.50376, 0.));
#663 = IFCCARTESIANPOINT ((-0.174323, -1.49743, 0.));
#664 = IFCCARTESIANPOINT ((-0.175807, -1.48997, 0.));
#665 = IFCCARTESIANPOINT ((-0.174323, -1.48251, 0.));
#666 = IFCCARTESIANPOINT ((-0.170096, -1.47618, 0.));
#667 = IFCCARTESIANPOINT ((-0.163769, -1.47195, 0.));
#668 = IFCCARTESIANPOINT ((-0.156307, -1.47047, 0.));
#669 = IFCCARTESIANPOINT ((-0.148845, -1.47195, 0.));
#670 = IFCCARTESIANPOINT ((-0.142518, -1.47618, 0.));
#671 = IFCCARTESIANPOINT ((-0.138291, -1.48251, 0.));
#672 = IFCCARTESIANPOINT ((-0.136807, -1.48997, 0.));
#656 = IFCPOLYLOOP ((#657, #658, #659, #660, #661, #662, #663, #664, #665, #666, #667, #668, #669, #670, #671, #672));
#655 = IFCFACEOUTERBOUND (#656, .T.);
#654 = IFCFACE ((#655));
#676 = IFCCARTESIANPOINT ((-0.136807, -1.48997, 0.007));
#677 = IFCCARTESIANPOINT ((-0.138291, -1.48251, 0.007));
#678 = IFCCARTESIANPOINT ((-0.142518, -1.47618, 0.007));
#679 = IFCCARTESIANPOINT ((-0.148845, -1.47195, 0.007));
#680 = IFCCARTESIANPOINT ((-0.156307, -1.47047, 0.007));
#681 = IFCCARTESIANPOINT ((-0.163769, -1.47195, 0.007));
#682 = IFCCARTESIANPOINT ((-0.170096, -1.47618, 0.007));
#683 = IFCCARTESIANPOINT ((-0.174323, -1.48251, 0.007));
#684 = IFCCARTESIANPOINT ((-0.175807, -1.48997, 0.007));
#685 = IFCCARTESIANPOINT ((-0.174323, -1.49743, 0.007));
#686 = IFCCARTESIANPOINT ((-0.170096, -1.50376, 0.007));
#687 = IFCCARTESIANPOINT ((-0.163769, -1.50799, 0.007));
#688 = IFCCARTESIANPOINT ((-0.156307, -1.50947, 0.007));
#689 = IFCCARTESIANPOINT ((-0.148845, -1.50799, 0.007));
#690 = IFCCARTESIANPOINT ((-0.142518, -1.50376, 0.007));
#691 = IFCCARTESIANPOINT ((-0.138291, -1.49743, 0.007));
#675 = IFCPOLYLOOP ((#676, #677, #678, #679, #680, #681, #682, #683, #684, #685, #686, #687, #688, #689, #690, #691));
#674 = IFCFACEOUTERBOUND (#675, .T.);
#673 = IFCFACE ((#674));
#541 = IFCCLOSEDSHELL ((#542, #549, #556, #563, #570, #577, #584, #591, #598, #605, #612, #619, #626, #633, #640, #647, #654, #673));
#540 = IFCFACETEDBREP (#541);
#697 = IFCCARTESIANPOINT ((-0.148916, -1.49303, 0.015));
#698 = IFCCARTESIANPOINT ((-0.15065, -1.49563, 0.015));
#699 = IFCCARTESIANPOINT ((-0.15065, -1.49563, 0.007));
#700 = IFCCARTESIANPOINT ((-0.148916, -1.49303, 0.007));
#696 = IFCPOLYLOOP ((#697, #698, #699, #700));
#695 = IFCFACEOUTERBOUND (#696, .T.);
#694 = IFCFACE ((#695));
#704 = IFCCARTESIANPOINT ((-0.15065, -1.49563, 0.015));
#705 = IFCCARTESIANPOINT ((-0.153246, -1.49736, 0.015));
#706 = IFCCARTESIANPOINT ((-0.153246, -1.49736, 0.007));
#707 = IFCCARTESIANPOINT ((-0.15065, -1.49563, 0.007));
#703 = IFCPOLYLOOP ((#704, #705, #706, #707));
#702 = IFCFACEOUTERBOUND (#703, .T.);
#701 = IFCFACE ((#702));
#711 = IFCCARTESIANPOINT ((-0.153246, -1.49736, 0.015));
#712 = IFCCARTESIANPOINT ((-0.156307, -1.49797, 0.015));
#713 = IFCCARTESIANPOINT ((-0.156307, -1.49797, 0.007));
#714 = IFCCARTESIANPOINT ((-0.153246, -1.49736, 0.007));
#710 = IFCPOLYLOOP ((#711, #712, #713, #714));
#709 = IFCFACEOUTERBOUND (#710, .T.);
#708 = IFCFACE ((#709));
#718 = IFCCARTESIANPOINT ((-0.156307, -1.49797, 0.015));
#719 = IFCCARTESIANPOINT ((-0.159368, -1.49736, 0.015));
#720 = IFCCARTESIANPOINT ((-0.159368, -1.49736, 0.007));
#721 = IFCCARTESIANPOINT ((-0.156307, -1.49797, 0.007));
#717 = IFCPOLYLOOP ((#718, #719, #720, #721));
#716 = IFCFACEOUTERBOUND (#717, .T.);
#715 = IFCFACE ((#716));
#725 = IFCCARTESIANPOINT ((-0.159368, -1.49736, 0.015));
#726 = IFCCARTESIANPOINT ((-0.161964, -1.49563, 0.015));
#727 = IFCCARTESIANPOINT ((-0.161964, -1.49563, 0.007));
#728 = IFCCARTESIANPOINT ((-0.159368, -1.49736, 0.007));
#724 = IFCPOLYLOOP ((#725, #726, #727, #728));
#723 = IFCFACEOUTERBOUND (#724, .T.);
#722 = IFCFACE ((#723));
#732 = IFCCARTESIANPOINT ((-0.161964, -1.49563, 0.015));
#733 = IFCCARTESIANPOINT ((-0.163698, -1.49303, 0.015));
#734 = IFCCARTESIANPOINT ((-0.163698, -1.49303, 0.007));
#735 = IFCCARTESIANPOINT ((-0.161964, -1.49563, 0.007));
#731 = IFCPOLYLOOP ((#732, #733, #734, #735));
#730 = IFCFACEOUTERBOUND (#731, .T.);
#729 = IFCFACE ((#730));
#739 = IFCCARTESIANPOINT ((-0.163698, -1.49303, 0.015));
#740 = IFCCARTESIANPOINT ((-0.164307, -1.48997, 0.015));
#741 = IFCCARTESIANPOINT ((-0.164307, -1.48997, 0.007));
#742 = IFCCARTESIANPOINT ((-0.163698, -1.49303, 0.007));
#738 = IFCPOLYLOOP ((#739, #740, #741, #742));
#737 = IFCFACEOUTERBOUND (#738, .T.);
#736 = IFCFACE ((#737));
#746 = IFCCARTESIANPOINT ((-0.164307, -1.48997, 0.015));
#747 = IFCCARTESIANPOINT ((-0.163698, -1.48691, 0.015));
#748 = IFCCARTESIANPOINT ((-0.163698, -1.48691, 0.007));
#749 = IFCCARTESIANPOINT ((-0.164307, -1.48997, 0.007));
#745 = IFCPOLYLOOP ((#746, #747, #748, #749));
#744 = IFCFACEOUTERBOUND (#745, .T.);
#743 = IFCFACE ((#744));
#753 = IFCCARTESIANPOINT ((-0.163698, -1.48691, 0.015));
#754 = IFCCARTESIANPOINT ((-0.161964, -1.48431, 0.015));
#755 = IFCCARTESIANPOINT ((-0.161964, -1.48431, 0.007));
#756 = IFCCARTESIANPOINT ((-0.163698, -1.48691, 0.007));
#752 = IFCPOLYLOOP ((#753, #754, #755, #756));
#751 = IFCFACEOUTERBOUND (#752, .T.);
#750 = IFCFACE ((#751));
#760 = IFCCARTESIANPOINT ((-0.161964, -1.48431, 0.015));
#761 = IFCCARTESIANPOINT ((-0.159368, -1.48258, 0.015));
#762 = IFCCARTESIANPOINT ((-0.159368, -1.48258, 0.007));
#763 = IFCCARTESIANPOINT ((-0.161964, -1.48431, 0.007));
#759 = IFCPOLYLOOP ((#760, #761, #762, #763));
#758 = IFCFACEOUTERBOUND (#759, .T.);
#757 = IFCFACE ((#758));
#767 = IFCCARTESIANPOINT ((-0.159368, -1.48258, 0.015));
#768 = IFCCARTESIANPOINT ((-0.156307, -1.48197, 0.015));
#769 = IFCCARTESIANPOINT ((-0.156307, -1.48197, 0.007));
#770 = IFCCARTESIANPOINT ((-0.159368, -1.48258, 0.007));
#766 = IFCPOLYLOOP ((#767, #768, #769, #770));
#765 = IFCFACEOUTERBOUND (#766, .T.);
#764 = IFCFACE ((#765));
#774 = IFCCARTESIANPOINT ((-0.156307, -1.48197, 0.015));
#775 = IFCCARTESIANPOINT ((-0.153246, -1.48258, 0.015));
#776 = IFCCARTESIANPOINT ((-0.153246, -1.48258, 0.007));
#777 = IFCCARTESIANPOINT ((-0.156307, -1.48197, 0.007));
#773 = IFCPOLYLOOP ((#774, #775, #776, #777));
#772 = IFCFACEOUTERBOUND (#773, .T.);
#771 = IFCFACE ((#772));
#781 = IFCCARTESIANPOINT ((-0.153246, -1.48258, 0.015));
#782 = IFCCARTESIANPOINT ((-0.15065, -1.48431, 0.015));
#783 = IFCCARTESIANPOINT ((-0.15065, -1.48431, 0.007));
#784 = IFCCARTESIANPOINT ((-0.153246, -1.48258, 0.007));
#780 = IFCPOLYLOOP ((#781, #782, #783, #784));
#779 = IFCFACEOUTERBOUND (#780, .T.);
#778 = IFCFACE ((#779));
#788 = IFCCARTESIANPOINT ((-0.15065, -1.48431, 0.015));
#789 = IFCCARTESIANPOINT ((-0.148916, -1.48691, 0.015));
#790 = IFCCARTESIANPOINT ((-0.148916, -1.48691, 0.007));
#791 = IFCCARTESIANPOINT ((-0.15065, -1.48431, 0.007));
#787 = IFCPOLYLOOP ((#788, #789, #790, #791));
#786 = IFCFACEOUTERBOUND (#787, .T.);
#785 = IFCFACE ((#786));
#795 = IFCCARTESIANPOINT ((-0.148916, -1.48691, 0.015));
#796 = IFCCARTESIANPOINT ((-0.148307, -1.48997, 0.015));
#797 = IFCCARTESIANPOINT ((-0.148307, -1.48997, 0.007));
#798 = IFCCARTESIANPOINT ((-0.148916, -1.48691, 0.007));
#794 = IFCPOLYLOOP ((#795, #796, #797, #798));
#793 = IFCFACEOUTERBOUND (#794, .T.);
#792 = IFCFACE ((#793));
#802 = IFCCARTESIANPOINT ((-0.148307, -1.48997, 0.015));
#803 = IFCCARTESIANPOINT ((-0.148916, -1.49303, 0.015));
#804 = IFCCARTESIANPOINT ((-0.148916, -1.49303, 0.007));
#805 = IFCCARTESIANPOINT ((-0.148307, -1.48997, 0.007));
#801 = IFCPOLYLOOP ((#802, #803, #804, #805));
#800 = IFCFACEOUTERBOUND (#801, .T.);
#799 = IFCFACE ((#800));
#809 = IFCCARTESIANPOINT ((-0.148916, -1.49303, 0.007));
#810 = IFCCARTESIANPOINT ((-0.15065, -1.49563, 0.007));
#811 = IFCCARTESIANPOINT ((-0.153246, -1.49736, 0.007));
#812 = IFCCARTESIANPOINT ((-0.156307, -1.49797, 0.007));
#813 = IFCCARTESIANPOINT ((-0.159368, -1.49736, 0.007));
#814 = IFCCARTESIANPOINT ((-0.161964, -1.49563, 0.007));
#815 = IFCCARTESIANPOINT ((-0.163698, -1.49303, 0.007));
#816 = IFCCARTESIANPOINT ((-0.164307, -1.48997, 0.007));
#817 = IFCCARTESIANPOINT ((-0.163698, -1.48691, 0.007));
#818 = IFCCARTESIANPOINT ((-0.161964, -1.48431, 0.007));
#819 = IFCCARTESIANPOINT ((-0.159368, -1.48258, 0.007));
#820 = IFCCARTESIANPOINT ((-0.156307, -1.48197, 0.007));
#821 = IFCCARTESIANPOINT ((-0.153246, -1.48258, 0.007));
#822 = IFCCARTESIANPOINT ((-0.15065, -1.48431, 0.007));
#823 = IFCCARTESIANPOINT ((-0.148916, -1.48691, 0.007));
#824 = IFCCARTESIANPOINT ((-0.148307, -1.48997, 0.007));
#808 = IFCPOLYLOOP ((#809, #810, #811, #812, #813, #814, #815, #816, #817, #818, #819, #820, #821, #822, #823, #824));
#807 = IFCFACEOUTERBOUND (#808, .T.);
#806 = IFCFACE ((#807));
#828 = IFCCARTESIANPOINT ((-0.148307, -1.48997, 0.015));
#829 = IFCCARTESIANPOINT ((-0.148916, -1.48691, 0.015));
#830 = IFCCARTESIANPOINT ((-0.15065, -1.48431, 0.015));
#831 = IFCCARTESIANPOINT ((-0.153246, -1.48258, 0.015));
#832 = IFCCARTESIANPOINT ((-0.156307, -1.48197, 0.015));
#833 = IFCCARTESIANPOINT ((-0.159368, -1.48258, 0.015));
#834 = IFCCARTESIANPOINT ((-0.161964, -1.48431, 0.015));
#835 = IFCCARTESIANPOINT ((-0.163698, -1.48691, 0.015));
#836 = IFCCARTESIANPOINT ((-0.164307, -1.48997, 0.015));
#837 = IFCCARTESIANPOINT ((-0.163698, -1.49303, 0.015));
#838 = IFCCARTESIANPOINT ((-0.161964, -1.49563, 0.015));
#839 = IFCCARTESIANPOINT ((-0.159368, -1.49736, 0.015));
#840 = IFCCARTESIANPOINT ((-0.156307, -1.49797, 0.015));
#841 = IFCCARTESIANPOINT ((-0.153246, -1.49736, 0.015));
#842 = IFCCARTESIANPOINT ((-0.15065, -1.49563, 0.015));
#843 = IFCCARTESIANPOINT ((-0.148916, -1.49303, 0.015));
#827 = IFCPOLYLOOP ((#828, #829, #830, #831, #832, #833, #834, #835, #836, #837, #838, #839, #840, #841, #842, #843));
#826 = IFCFACEOUTERBOUND (#827, .T.);
#825 = IFCFACE ((#826));
#693 = IFCCLOSEDSHELL ((#694, #701, #708, #715, #722, #729, #736, #743, #750, #757, #764, #771, #778, #785, #792, #799, #806, #825));
#692 = IFCFACETEDBREP (#693);
#849 = IFCCARTESIANPOINT ((0.174323, -1.49743, 0.007));
#850 = IFCCARTESIANPOINT ((0.170096, -1.50376, 0.007));
#851 = IFCCARTESIANPOINT ((0.170096, -1.50376, 0.));
#852 = IFCCARTESIANPOINT ((0.174323, -1.49743, 0.));
#848 = IFCPOLYLOOP ((#849, #850, #851, #852));
#847 = IFCFACEOUTERBOUND (#848, .T.);
#846 = IFCFACE ((#847));
#856 = IFCCARTESIANPOINT ((0.170096, -1.50376, 0.007));
#857 = IFCCARTESIANPOINT ((0.163769, -1.50799, 0.007));
#858 = IFCCARTESIANPOINT ((0.163769, -1.50799, 0.));
#859 = IFCCARTESIANPOINT ((0.170096, -1.50376, 0.));
#855 = IFCPOLYLOOP ((#856, #857, #858, #859));
#854 = IFCFACEOUTERBOUND (#855, .T.);
#853 = IFCFACE ((#854));
#863 = IFCCARTESIANPOINT ((0.163769, -1.50799, 0.007));
#864 = IFCCARTESIANPOINT ((0.156307, -1.50947, 0.007));
#865 = IFCCARTESIANPOINT ((0.156307, -1.50947, 0.));
#866 = IFCCARTESIANPOINT ((0.163769, -1.50799, 0.));
#862 = IFCPOLYLOOP ((#863, #864, #865, #866));
#861 = IFCFACEOUTERBOUND (#862, .T.);
#860 = IFCFACE ((#861));
#870 = IFCCARTESIANPOINT ((0.156307, -1.50947, 0.007));
#871 = IFCCARTESIANPOINT ((0.148845, -1.50799, 0.007));
#872 = IFCCARTESIANPOINT ((0.148845, -1.50799, 0.));
#873 = IFCCARTESIANPOINT ((0.156307, -1.50947, 0.));
#869 = IFCPOLYLOOP ((#870, #871, #872, #873));
#868 = IFCFACEOUTERBOUND (#869, .T.);
#867 = IFCFACE ((#868));
#877 = IFCCARTESIANPOINT ((0.148845, -1.50799, 0.007));
#878 = IFCCARTESIANPOINT ((0.142518, -1.50376, 0.007));
#879 = IFCCARTESIANPOINT ((0.142518, -1.50376, 0.));
#880 = IFCCARTESIANPOINT ((0.148845, -1.50799, 0.));
#876 = IFCPOLYLOOP ((#877, #878, #879, #880));
#875 = IFCFACEOUTERBOUND (#876, .T.);
#874 = IFCFACE ((#875));
#884 = IFCCARTESIANPOINT ((0.142518, -1.50376, 0.007));
#885 = IFCCARTESIANPOINT ((0.138291, -1.49743, 0.007));
#886 = IFCCARTESIANPOINT ((0.138291, -1.49743, 0.));
#887 = IFCCARTESIANPOINT ((0.142518, -1.50376, 0.));
#883 = IFCPOLYLOOP ((#884, #885, #886, #887));
#882 = IFCFACEOUTERBOUND (#883, .T.);
#881 = IFCFACE ((#882));
#891 = IFCCARTESIANPOINT ((0.138291, -1.49743, 0.007));
#892 = IFCCARTESIANPOINT ((0.136807, -1.48997, 0.007));
#893 = IFCCARTESIANPOINT ((0.136807, -1.48997, 0.));
#894 = IFCCARTESIANPOINT ((0.138291, -1.49743, 0.));
#890 = IFCPOLYLOOP ((#891, #892, #893, #894));
#889 = IFCFACEOUTERBOUND (#890, .T.);
#888 = IFCFACE ((#889));
#898 = IFCCARTESIANPOINT ((0.136807, -1.48997, 0.007));
#899 = IFCCARTESIANPOINT ((0.138291, -1.48251, 0.007));
#900 = IFCCARTESIANPOINT ((0.138291, -1.48251, 0.));
#901 = IFCCARTESIANPOINT ((0.136807, -1.48997, 0.));
#897 = IFCPOLYLOOP ((#898, #899, #900, #901));
#896 = IFCFACEOUTERBOUND (#897, .T.);
#895 = IFCFACE ((#896));
#905 = IFCCARTESIANPOINT ((0.138291, -1.48251, 0.007));
#906 = IFCCARTESIANPOINT ((0.142518, -1.47618, 0.007));
#907 = IFCCARTESIANPOINT ((0.142518, -1.47618, 0.));
#908 = IFCCARTESIANPOINT ((0.138291, -1.48251, 0.));
#904 = IFCPOLYLOOP ((#905, #906, #907, #908));
#903 = IFCFACEOUTERBOUND (#904, .T.);
#902 = IFCFACE ((#903));
#912 = IFCCARTESIANPOINT ((0.142518, -1.47618, 0.007));
#913 = IFCCARTESIANPOINT ((0.148845, -1.47195, 0.007));
#914 = IFCCARTESIANPOINT ((0.148845, -1.47195, 0.));
#915 = IFCCARTESIANPOINT ((0.142518, -1.47618, 0.));
#911 = IFCPOLYLOOP ((#912, #913, #914, #915));
#910 = IFCFACEOUTERBOUND (#911, .T.);
#909 = IFCFACE ((#910));
#919 = IFCCARTESIANPOINT ((0.148845, -1.47195, 0.007));
#920 = IFCCARTESIANPOINT ((0.156307, -1.47047, 0.007));
#921 = IFCCARTESIANPOINT ((0.156307, -1.47047, 0.));
#922 = IFCCARTESIANPOINT ((0.148845, -1.47195, 0.));
#918 = IFCPOLYLOOP ((#919, #920, #921, #922));
#917 = IFCFACEOUTERBOUND (#918, .T.);
#916 = IFCFACE ((#917));
#926 = IFCCARTESIANPOINT ((0.156307, -1.47047, 0.007));
#927 = IFCCARTESIANPOINT ((0.163769, -1.47195, 0.007));
#928 = IFCCARTESIANPOINT ((0.163769, -1.47195, 0.));
#929 = IFCCARTESIANPOINT ((0.156307, -1.47047, 0.));
#925 = IFCPOLYLOOP ((#926, #927, #928, #929));
#924 = IFCFACEOUTERBOUND (#925, .T.);
#923 = IFCFACE ((#924));
#933 = IFCCARTESIANPOINT ((0.163769, -1.47195, 0.007));
#934 = IFCCARTESIANPOINT ((0.170096, -1.47618, 0.007));
#935 = IFCCARTESIANPOINT ((0.170096, -1.47618, 0.));
#936 = IFCCARTESIANPOINT ((0.163769, -1.47195, 0.));
#932 = IFCPOLYLOOP ((#933, #934, #935, #936));
#931 = IFCFACEOUTERBOUND (#932, .T.);
#930 = IFCFACE ((#931));
#940 = IFCCARTESIANPOINT ((0.170096, -1.47618, 0.007));
#941 = IFCCARTESIANPOINT ((0.174323, -1.48251, 0.007));
#942 = IFCCARTESIANPOINT ((0.174323, -1.48251, 0.));
#943 = IFCCARTESIANPOINT ((0.170096, -1.47618, 0.));
#939 = IFCPOLYLOOP ((#940, #941, #942, #943));
#938 = IFCFACEOUTERBOUND (#939, .T.);
#937 = IFCFACE ((#938));
#947 = IFCCARTESIANPOINT ((0.174323, -1.48251, 0.007));
#948 = IFCCARTESIANPOINT ((0.175807, -1.48997, 0.007));
#949 = IFCCARTESIANPOINT ((0.175807, -1.48997, 0.));
#950 = IFCCARTESIANPOINT ((0.174323, -1.48251, 0.));
#946 = IFCPOLYLOOP ((#947, #948, #949, #950));
#945 = IFCFACEOUTERBOUND (#946, .T.);
#944 = IFCFACE ((#945));
#954 = IFCCARTESIANPOINT ((0.175807, -1.48997, 0.007));
#955 = IFCCARTESIANPOINT ((0.174323, -1.49743, 0.007));
#956 = IFCCARTESIANPOINT ((0.174323, -1.49743, 0.));
#957 = IFCCARTESIANPOINT ((0.175807, -1.48997, 0.));
#953 = IFCPOLYLOOP ((#954, #955, #956, #957));
#952 = IFCFACEOUTERBOUND (#953, .T.);
#951 = IFCFACE ((#952));
#961 = IFCCARTESIANPOINT ((0.174323, -1.49743, 0.));
#962 = IFCCARTESIANPOINT ((0.170096, -1.50376, 0.));
#963 = IFCCARTESIANPOINT ((0.163769, -1.50799, 0.));
#964 = IFCCARTESIANPOINT ((0.156307, -1.50947, 0.));
#965 = IFCCARTESIANPOINT ((0.148845, -1.50799, 0.));
#966 = IFCCARTESIANPOINT ((0.142518, -1.50376, 0.));
#967 = IFCCARTESIANPOINT ((0.138291, -1.49743, 0.));
#968 = IFCCARTESIANPOINT ((0.136807, -1.48997, 0.));
#969 = IFCCARTESIANPOINT ((0.138291, -1.48251, 0.));
#970 = IFCCARTESIANPOINT ((0.142518, -1.47618, 0.));
#971 = IFCCARTESIANPOINT ((0.148845, -1.47195, 0.));
#972 = IFCCARTESIANPOINT ((0.156307, -1.47047, 0.));
#973 = IFCCARTESIANPOINT ((0.163769, -1.47195, 0.));
#974 = IFCCARTESIANPOINT ((0.170096, -1.47618, 0.));
#975 = IFCCARTESIANPOINT ((0.174323, -1.48251, 0.));
#976 = IFCCARTESIANPOINT ((0.175807, -1.48997, 0.));
#960 = IFCPOLYLOOP ((#961, #962, #963, #964, #965, #966, #967, #968, #969, #970, #971, #972, #973, #974, #975, #976));
#959 = IFCFACEOUTERBOUND (#960, .T.);
#958 = IFCFACE ((#959));
#980 = IFCCARTESIANPOINT ((0.175807, -1.48997, 0.007));
#981 = IFCCARTESIANPOINT ((0.174323, -1.48251, 0.007));
#982 = IFCCARTESIANPOINT ((0.170096, -1.47618, 0.007));
#983 = IFCCARTESIANPOINT ((0.163769, -1.47195, 0.007));
#984 = IFCCARTESIANPOINT ((0.156307, -1.47047, 0.007));
#985 = IFCCARTESIANPOINT ((0.148845, -1.47195, 0.007));
#986 = IFCCARTESIANPOINT ((0.142518, -1.47618, 0.007));
#987 = IFCCARTESIANPOINT ((0.138291, -1.48251, 0.007));
#988 = IFCCARTESIANPOINT ((0.136807, -1.48997, 0.007));
#989 = IFCCARTESIANPOINT ((0.138291, -1.49743, 0.007));
#990 = IFCCARTESIANPOINT ((0.142518, -1.50376, 0.007));
#991 = IFCCARTESIANPOINT ((0.148845, -1.50799, 0.007));
#992 = IFCCARTESIANPOINT ((0.156307, -1.50947, 0.007));
#993 = IFCCARTESIANPOINT ((0.163769, -1.50799, 0.007));
#994 = IFCCARTESIANPOINT ((0.170096, -1.50376, 0.007));
#995 = IFCCARTESIANPOINT ((0.174323, -1.49743, 0.007));
#979 = IFCPOLYLOOP ((#980, #981, #982, #983, #984, #985, #986, #987, #988, #989, #990, #991, #992, #993, #994, #995));
#978 = IFCFACEOUTERBOUND (#979, .T.);
#977 = IFCFACE ((#978));
#845 = IFCCLOSEDSHELL ((#846, #853, #860, #867, #874, #881, #888, #895, #902, #909, #916, #923, #930, #937, #944, #951, #958, #977));
#844 = IFCFACETEDBREP (#845);
#1001 = IFCCARTESIANPOINT ((0.163698, -1.49303, 0.015));
#1002 = IFCCARTESIANPOINT ((0.161964, -1.49563, 0.015));
#1003 = IFCCARTESIANPOINT ((0.161964, -1.49563, 0.007));
#1004 = IFCCARTESIANPOINT ((0.163698, -1.49303, 0.007));
#1000 = IFCPOLYLOOP ((#1001, #1002, #1003, #1004));
#999 = IFCFACEOUTERBOUND (#1000, .T.);
#998 = IFCFACE ((#999));
#1008 = IFCCARTESIANPOINT ((0.161964, -1.49563, 0.015));
#1009 = IFCCARTESIANPOINT ((0.159368, -1.49736, 0.015));
#1010 = IFCCARTESIANPOINT ((0.159368, -1.49736, 0.007));
#1011 = IFCCARTESIANPOINT ((0.161964, -1.49563, 0.007));
#1007 = IFCPOLYLOOP ((#1008, #1009, #1010, #1011));
#1006 = IFCFACEOUTERBOUND (#1007, .T.);
#1005 = IFCFACE ((#1006));
#1015 = IFCCARTESIANPOINT ((0.159368, -1.49736, 0.015));
#1016 = IFCCARTESIANPOINT ((0.156307, -1.49797, 0.015));
#1017 = IFCCARTESIANPOINT ((0.156307, -1.49797, 0.007));
#1018 = IFCCARTESIANPOINT ((0.159368, -1.49736, 0.007));
#1014 = IFCPOLYLOOP ((#1015, #1016, #1017, #1018));
#1013 = IFCFACEOUTERBOUND (#1014, .T.);
#1012 = IFCFACE ((#1013));
#1022 = IFCCARTESIANPOINT ((0.156307, -1.49797, 0.015));
#1023 = IFCCARTESIANPOINT ((0.153246, -1.49736, 0.015));
#1024 = IFCCARTESIANPOINT ((0.153246, -1.49736, 0.007));
#1025 = IFCCARTESIANPOINT ((0.156307, -1.49797, 0.007));
#1021 = IFCPOLYLOOP ((#1022, #1023, #1024, #1025));
#1020 = IFCFACEOUTERBOUND (#1021, .T.);
#1019 = IFCFACE ((#1020));
#1029 = IFCCARTESIANPOINT ((0.153246, -1.49736, 0.015));
#1030 = IFCCARTESIANPOINT ((0.15065, -1.49563, 0.015));
#1031 = IFCCARTESIANPOINT ((0.15065, -1.49563, 0.007));
#1032 = IFCCARTESIANPOINT ((0.153246, -1.49736, 0.007));
#1028 = IFCPOLYLOOP ((#1029, #1030, #1031, #1032));
#1027 = IFCFACEOUTERBOUND (#1028, .T.);
#1026 = IFCFACE ((#1027));
#1036 = IFCCARTESIANPOINT ((0.15065, -1.49563, 0.015));
#1037 = IFCCARTESIANPOINT ((0.148916, -1.49303, 0.015));
#1038 = IFCCARTESIANPOINT ((0.148916, -1.49303, 0.007));
#1039 = IFCCARTESIANPOINT ((0.15065, -1.49563, 0.007));
#1035 = IFCPOLYLOOP ((#1036, #1037, #1038, #1039));
#1034 = IFCFACEOUTERBOUND (#1035, .T.);
#1033 = IFCFACE ((#1034));
#1043 = IFCCARTESIANPOINT ((0.148916, -1.49303, 0.015));
#1044 = IFCCARTESIANPOINT ((0.148307, -1.48997, 0.015));
#1045 = IFCCARTESIANPOINT ((0.148307, -1.48997, 0.007));
#1046 = IFCCARTESIANPOINT ((0.148916, -1.49303, 0.007));
#1042 = IFCPOLYLOOP ((#1043, #1044, #1045, #1046));
#1041 = IFCFACEOUTERBOUND (#1042, .T.);
#1040 = IFCFACE ((#1041));
#1050 = IFCCARTESIANPOINT ((0.148307, -1.48997, 0.015));
#1051 = IFCCARTESIANPOINT ((0.148916, -1.48691, 0.015));
#1052 = IFCCARTESIANPOINT ((0.148916, -1.48691, 0.007));
#1053 = IFCCARTESIANPOINT ((0.148307, -1.48997, 0.007));
#1049 = IFCPOLYLOOP ((#1050, #1051, #1052, #1053));
#1048 = IFCFACEOUTERBOUND (#1049, .T.);
#1047 = IFCFACE ((#1048));
#1057 = IFCCARTESIANPOINT ((0.148916, -1.48691, 0.015));
#1058 = IFCCARTESIANPOINT ((0.15065, -1.48431, 0.015));
#1059 = IFCCARTESIANPOINT ((0.15065, -1.48431, 0.007));
#1060 = IFCCARTESIANPOINT ((0.148916, -1.48691, 0.007));
#1056 = IFCPOLYLOOP ((#1057, #1058, #1059, #1060));
#1055 = IFCFACEOUTERBOUND (#1056, .T.);
#1054 = IFCFACE ((#1055));
#1064 = IFCCARTESIANPOINT ((0.15065, -1.48431, 0.015));
#1065 = IFCCARTESIANPOINT ((0.153246, -1.48258, 0.015));
#1066 = IFCCARTESIANPOINT ((0.153246, -1.48258, 0.007));
#1067 = IFCCARTESIANPOINT ((0.15065, -1.48431, 0.007));
#1063 = IFCPOLYLOOP ((#1064, #1065, #1066, #1067));
#1062 = IFCFACEOUTERBOUND (#1063, .T.);
#1061 = IFCFACE ((#1062));
#1071 = IFCCARTESIANPOINT ((0.153246, -1.48258, 0.015));
#1072 = IFCCARTESIANPOINT ((0.156307, -1.48197, 0.015));
#1073 = IFCCARTESIANPOINT ((0.156307, -1.48197, 0.007));
#1074 = IFCCARTESIANPOINT ((0.153246, -1.48258, 0.007));
#1070 = IFCPOLYLOOP ((#1071, #1072, #1073, #1074));
#1069 = IFCFACEOUTERBOUND (#1070, .T.);
#1068 = IFCFACE ((#1069));
#1078 = IFCCARTESIANPOINT ((0.156307, -1.48197, 0.015));
#1079 = IFCCARTESIANPOINT ((0.159368, -1.48258, 0.015));
#1080 = IFCCARTESIANPOINT ((0.159368, -1.48258, 0.007));
#1081 = IFCCARTESIANPOINT ((0.156307, -1.48197, 0.007));
#1077 = IFCPOLYLOOP ((#1078, #1079, #1080, #1081));
#1076 = IFCFACEOUTERBOUND (#1077, .T.);
#1075 = IFCFACE ((#1076));
#1085 = IFCCARTESIANPOINT ((0.159368, -1.48258, 0.015));
#1086 = IFCCARTESIANPOINT ((0.161964, -1.48431, 0.015));
#1087 = IFCCARTESIANPOINT ((0.161964, -1.48431, 0.007));
#1088 = IFCCARTESIANPOINT ((0.159368, -1.48258, 0.007));
#1084 = IFCPOLYLOOP ((#1085, #1086, #1087, #1088));
#1083 = IFCFACEOUTERBOUND (#1084, .T.);
#1082 = IFCFACE ((#1083));
#1092 = IFCCARTESIANPOINT ((0.161964, -1.48431, 0.015));
#1093 = IFCCARTESIANPOINT ((0.163698, -1.48691, 0.015));
#1094 = IFCCARTESIANPOINT ((0.163698, -1.48691, 0.007));
#1095 = IFCCARTESIANPOINT ((0.161964, -1.48431, 0.007));
#1091 = IFCPOLYLOOP ((#1092, #1093, #1094, #1095));
#1090 = IFCFACEOUTERBOUND (#1091, .T.);
#1089 = IFCFACE ((#1090));
#1099 = IFCCARTESIANPOINT ((0.163698, -1.48691, 0.015));
#1100 = IFCCARTESIANPOINT ((0.164307, -1.48997, 0.015));
#1101 = IFCCARTESIANPOINT ((0.164307, -1.48997, 0.007));
#1102 = IFCCARTESIANPOINT ((0.163698, -1.48691, 0.007));
#1098 = IFCPOLYLOOP ((#1099, #1100, #1101, #1102));
#1097 = IFCFACEOUTERBOUND (#1098, .T.);
#1096 = IFCFACE ((#1097));
#1106 = IFCCARTESIANPOINT ((0.164307, -1.48997, 0.015));
#1107 = IFCCARTESIANPOINT ((0.163698, -1.49303, 0.015));
#1108 = IFCCARTESIANPOINT ((0.163698, -1.49303, 0.007));
#1109 = IFCCARTESIANPOINT ((0.164307, -1.48997, 0.007));
#1105 = IFCPOLYLOOP ((#1106, #1107, #1108, #1109));
#1104 = IFCFACEOUTERBOUND (#1105, .T.);
#1103 = IFCFACE ((#1104));
#1113 = IFCCARTESIANPOINT ((0.163698, -1.49303, 0.007));
#1114 = IFCCARTESIANPOINT ((0.161964, -1.49563, 0.007));
#1115 = IFCCARTESIANPOINT ((0.159368, -1.49736, 0.007));
#1116 = IFCCARTESIANPOINT ((0.156307, -1.49797, 0.007));
#1117 = IFCCARTESIANPOINT ((0.153246, -1.49736, 0.007));
#1118 = IFCCARTESIANPOINT ((0.15065, -1.49563, 0.007));
#1119 = IFCCARTESIANPOINT ((0.148916, -1.49303, 0.007));
#1120 = IFCCARTESIANPOINT ((0.148307, -1.48997, 0.007));
#1121 = IFCCARTESIANPOINT ((0.148916, -1.48691, 0.007));
#1122 = IFCCARTESIANPOINT ((0.15065, -1.48431, 0.007));
#1123 = IFCCARTESIANPOINT ((0.153246, -1.48258, 0.007));
#1124 = IFCCARTESIANPOINT ((0.156307, -1.48197, 0.007));
#1125 = IFCCARTESIANPOINT ((0.159368, -1.48258, 0.007));
#1126 = IFCCARTESIANPOINT ((0.161964, -1.48431, 0.007));
#1127 = IFCCARTESIANPOINT ((0.163698, -1.48691, 0.007));
#1128 = IFCCARTESIANPOINT ((0.164307, -1.48997, 0.007));
#1112 = IFCPOLYLOOP ((#1113, #1114, #1115, #1116, #1117, #1118, #1119, #1120, #1121, #1122, #1123, #1124, #1125, #1126, #1127, #1128));
#1111 = IFCFACEOUTERBOUND (#1112, .T.);
#1110 = IFCFACE ((#1111));
#1132 = IFCCARTESIANPOINT ((0.164307, -1.48997, 0.015));
#1133 = IFCCARTESIANPOINT ((0.163698, -1.48691, 0.015));
#1134 = IFCCARTESIANPOINT ((0.161964, -1.48431, 0.015));
#1135 = IFCCARTESIANPOINT ((0.159368, -1.48258, 0.015));
#1136 = IFCCARTESIANPOINT ((0.156307, -1.48197, 0.015));
#1137 = IFCCARTESIANPOINT ((0.153246, -1.48258, 0.015));
#1138 = IFCCARTESIANPOINT ((0.15065, -1.48431, 0.015));
#1139 = IFCCARTESIANPOINT ((0.148916, -1.48691, 0.015));
#1140 = IFCCARTESIANPOINT ((0.148307, -1.48997, 0.015));
#1141 = IFCCARTESIANPOINT ((0.148916, -1.49303, 0.015));
#1142 = IFCCARTESIANPOINT ((0.15065, -1.49563, 0.015));
#1143 = IFCCARTESIANPOINT ((0.153246, -1.49736, 0.015));
#1144 = IFCCARTESIANPOINT ((0.156307, -1.49797, 0.015));
#1145 = IFCCARTESIANPOINT ((0.159368, -1.49736, 0.015));
#1146 = IFCCARTESIANPOINT ((0.161964, -1.49563, 0.015));
#1147 = IFCCARTESIANPOINT ((0.163698, -1.49303, 0.015));
#1131 = IFCPOLYLOOP ((#1132, #1133, #1134, #1135, #1136, #1137, #1138, #1139, #1140, #1141, #1142, #1143, #1144, #1145, #1146, #1147));
#1130 = IFCFACEOUTERBOUND (#1131, .T.);
#1129 = IFCFACE ((#1130));
#997 = IFCCLOSEDSHELL ((#998, #1005, #1012, #1019, #1026, #1033, #1040, #1047, #1054, #1061, #1068, #1075, #1082, #1089, #1096, #1103, #1110, #1129));
#996 = IFCFACETEDBREP (#997);
#1153 = IFCCARTESIANPOINT ((0.174323, -0.922435, 0.007));
#1154 = IFCCARTESIANPOINT ((0.170096, -0.928762, 0.007));
#1155 = IFCCARTESIANPOINT ((0.170096, -0.928762, 0.));
#1156 = IFCCARTESIANPOINT ((0.174323, -0.922435, 0.));
#1152 = IFCPOLYLOOP ((#1153, #1154, #1155, #1156));
#1151 = IFCFACEOUTERBOUND (#1152, .T.);
#1150 = IFCFACE ((#1151));
#1160 = IFCCARTESIANPOINT ((0.170096, -0.928762, 0.007));
#1161 = IFCCARTESIANPOINT ((0.163769, -0.932989, 0.007));
#1162 = IFCCARTESIANPOINT ((0.163769, -0.932989, 0.));
#1163 = IFCCARTESIANPOINT ((0.170096, -0.928762, 0.));
#1159 = IFCPOLYLOOP ((#1160, #1161, #1162, #1163));
#1158 = IFCFACEOUTERBOUND (#1159, .T.);
#1157 = IFCFACE ((#1158));
#1167 = IFCCARTESIANPOINT ((0.163769, -0.932989, 0.007));
#1168 = IFCCARTESIANPOINT ((0.156307, -0.934473, 0.007));
#1169 = IFCCARTESIANPOINT ((0.156307, -0.934473, 0.));
#1170 = IFCCARTESIANPOINT ((0.163769, -0.932989, 0.));
#1166 = IFCPOLYLOOP ((#1167, #1168, #1169, #1170));
#1165 = IFCFACEOUTERBOUND (#1166, .T.);
#1164 = IFCFACE ((#1165));
#1174 = IFCCARTESIANPOINT ((0.156307, -0.934473, 0.007));
#1175 = IFCCARTESIANPOINT ((0.148845, -0.932989, 0.007));
#1176 = IFCCARTESIANPOINT ((0.148845, -0.932989, 0.));
#1177 = IFCCARTESIANPOINT ((0.156307, -0.934473, 0.));
#1173 = IFCPOLYLOOP ((#1174, #1175, #1176, #1177));
#1172 = IFCFACEOUTERBOUND (#1173, .T.);
#1171 = IFCFACE ((#1172));
#1181 = IFCCARTESIANPOINT ((0.148845, -0.932989, 0.007));
#1182 = IFCCARTESIANPOINT ((0.142518, -0.928762, 0.007));
#1183 = IFCCARTESIANPOINT ((0.142518, -0.928762, 0.));
#1184 = IFCCARTESIANPOINT ((0.148845, -0.932989, 0.));
#1180 = IFCPOLYLOOP ((#1181, #1182, #1183, #1184));
#1179 = IFCFACEOUTERBOUND (#1180, .T.);
#1178 = IFCFACE ((#1179));
#1188 = IFCCARTESIANPOINT ((0.142518, -0.928762, 0.007));
#1189 = IFCCARTESIANPOINT ((0.138291, -0.922435, 0.007));
#1190 = IFCCARTESIANPOINT ((0.138291, -0.922435, 0.));
#1191 = IFCCARTESIANPOINT ((0.142518, -0.928762, 0.));
#1187 = IFCPOLYLOOP ((#1188, #1189, #1190, #1191));
#1186 = IFCFACEOUTERBOUND (#1187, .T.);
#1185 = IFCFACE ((#1186));
#1195 = IFCCARTESIANPOINT ((0.138291, -0.922435, 0.007));
#1196 = IFCCARTESIANPOINT ((0.136807, -0.914973, 0.007));
#1197 = IFCCARTESIANPOINT ((0.136807, -0.914973, 0.));
#1198 = IFCCARTESIANPOINT ((0.138291, -0.922435, 0.));
#1194 = IFCPOLYLOOP ((#1195, #1196, #1197, #1198));
#1193 = IFCFACEOUTERBOUND (#1194, .T.);
#1192 = IFCFACE ((#1193));
#1202 = IFCCARTESIANPOINT ((0.136807, -0.914973, 0.007));
#1203 = IFCCARTESIANPOINT ((0.138291, -0.907511, 0.007));
#1204 = IFCCARTESIANPOINT ((0.138291, -0.907511, 0.));
#1205 = IFCCARTESIANPOINT ((0.136807, -0.914973, 0.));
#1201 = IFCPOLYLOOP ((#1202, #1203, #1204, #1205));
#1200 = IFCFACEOUTERBOUND (#1201, .T.);
#1199 = IFCFACE ((#1200));
#1209 = IFCCARTESIANPOINT ((0.138291, -0.907511, 0.007));
#1210 = IFCCARTESIANPOINT ((0.142518, -0.901184, 0.007));
#1211 = IFCCARTESIANPOINT ((0.142518, -0.901184, 0.));
#1212 = IFCCARTESIANPOINT ((0.138291, -0.907511, 0.));
#1208 = IFCPOLYLOOP ((#1209, #1210, #1211, #1212));
#1207 = IFCFACEOUTERBOUND (#1208, .T.);
#1206 = IFCFACE ((#1207));
#1216 = IFCCARTESIANPOINT ((0.142518, -0.901184, 0.007));
#1217 = IFCCARTESIANPOINT ((0.148845, -0.896957, 0.007));
#1218 = IFCCARTESIANPOINT ((0.148845, -0.896957, 0.));
#1219 = IFCCARTESIANPOINT ((0.142518, -0.901184, 0.));
#1215 = IFCPOLYLOOP ((#1216, #1217, #1218, #1219));
#1214 = IFCFACEOUTERBOUND (#1215, .T.);
#1213 = IFCFACE ((#1214));
#1223 = IFCCARTESIANPOINT ((0.148845, -0.896957, 0.007));
#1224 = IFCCARTESIANPOINT ((0.156307, -0.895473, 0.007));
#1225 = IFCCARTESIANPOINT ((0.156307, -0.895473, 0.));
#1226 = IFCCARTESIANPOINT ((0.148845, -0.896957, 0.));
#1222 = IFCPOLYLOOP ((#1223, #1224, #1225, #1226));
#1221 = IFCFACEOUTERBOUND (#1222, .T.);
#1220 = IFCFACE ((#1221));
#1230 = IFCCARTESIANPOINT ((0.156307, -0.895473, 0.007));
#1231 = IFCCARTESIANPOINT ((0.163769, -0.896957, 0.007));
#1232 = IFCCARTESIANPOINT ((0.163769, -0.896957, 0.));
#1233 = IFCCARTESIANPOINT ((0.156307, -0.895473, 0.));
#1229 = IFCPOLYLOOP ((#1230, #1231, #1232, #1233));
#1228 = IFCFACEOUTERBOUND (#1229, .T.);
#1227 = IFCFACE ((#1228));
#1237 = IFCCARTESIANPOINT ((0.163769, -0.896957, 0.007));
#1238 = IFCCARTESIANPOINT ((0.170096, -0.901184, 0.007));
#1239 = IFCCARTESIANPOINT ((0.170096, -0.901184, 0.));
#1240 = IFCCARTESIANPOINT ((0.163769, -0.896957, 0.));
#1236 = IFCPOLYLOOP ((#1237, #1238, #1239, #1240));
#1235 = IFCFACEOUTERBOUND (#1236, .T.);
#1234 = IFCFACE ((#1235));
#1244 = IFCCARTESIANPOINT ((0.170096, -0.901184, 0.007));
#1245 = IFCCARTESIANPOINT ((0.174323, -0.907511, 0.007));
#1246 = IFCCARTESIANPOINT ((0.174323, -0.907511, 0.));
#1247 = IFCCARTESIANPOINT ((0.170096, -0.901184, 0.));
#1243 = IFCPOLYLOOP ((#1244, #1245, #1246, #1247));
#1242 = IFCFACEOUTERBOUND (#1243, .T.);
#1241 = IFCFACE ((#1242));
#1251 = IFCCARTESIANPOINT ((0.174323, -0.907511, 0.007));
#1252 = IFCCARTESIANPOINT ((0.175807, -0.914973, 0.007));
#1253 = IFCCARTESIANPOINT ((0.175807, -0.914973, 0.));
#1254 = IFCCARTESIANPOINT ((0.174323, -0.907511, 0.));
#1250 = IFCPOLYLOOP ((#1251, #1252, #1253, #1254));
#1249 = IFCFACEOUTERBOUND (#1250, .T.);
#1248 = IFCFACE ((#1249));
#1258 = IFCCARTESIANPOINT ((0.175807, -0.914973, 0.007));
#1259 = IFCCARTESIANPOINT ((0.174323, -0.922435, 0.007));
#1260 = IFCCARTESIANPOINT ((0.174323, -0.922435, 0.));
#1261 = IFCCARTESIANPOINT ((0.175807, -0.914973, 0.));
#1257 = IFCPOLYLOOP ((#1258, #1259, #1260, #1261));
#1256 = IFCFACEOUTERBOUND (#1257, .T.);
#1255 = IFCFACE ((#1256));
#1265 = IFCCARTESIANPOINT ((0.174323, -0.922435, 0.));
#1266 = IFCCARTESIANPOINT ((0.170096, -0.928762, 0.));
#1267 = IFCCARTESIANPOINT ((0.163769, -0.932989, 0.));
#1268 = IFCCARTESIANPOINT ((0.156307, -0.934473, 0.));
#1269 = IFCCARTESIANPOINT ((0.148845, -0.932989, 0.));
#1270 = IFCCARTESIANPOINT ((0.142518, -0.928762, 0.));
#1271 = IFCCARTESIANPOINT ((0.138291, -0.922435, 0.));
#1272 = IFCCARTESIANPOINT ((0.136807, -0.914973, 0.));
#1273 = IFCCARTESIANPOINT ((0.138291, -0.907511, 0.));
#1274 = IFCCARTESIANPOINT ((0.142518, -0.901184, 0.));
#1275 = IFCCARTESIANPOINT ((0.148845, -0.896957, 0.));
#1276 = IFCCARTESIANPOINT ((0.156307, -0.895473, 0.));
#1277 = IFCCARTESIANPOINT ((0.163769, -0.896957, 0.));
#1278 = IFCCARTESIANPOINT ((0.170096, -0.901184, 0.));
#1279 = IFCCARTESIANPOINT ((0.174323, -0.907511, 0.));
#1280 = IFCCARTESIANPOINT ((0.175807, -0.914973, 0.));
#1264 = IFCPOLYLOOP ((#1265, #1266, #1267, #1268, #1269, #1270, #1271, #1272, #1273, #1274, #1275, #1276, #1277, #1278, #1279, #1280));
#1263 = IFCFACEOUTERBOUND (#1264, .T.);
#1262 = IFCFACE ((#1263));
#1284 = IFCCARTESIANPOINT ((0.175807, -0.914973, 0.007));
#1285 = IFCCARTESIANPOINT ((0.174323, -0.907511, 0.007));
#1286 = IFCCARTESIANPOINT ((0.170096, -0.901184, 0.007));
#1287 = IFCCARTESIANPOINT ((0.163769, -0.896957, 0.007));
#1288 = IFCCARTESIANPOINT ((0.156307, -0.895473, 0.007));
#1289 = IFCCARTESIANPOINT ((0.148845, -0.896957, 0.007));
#1290 = IFCCARTESIANPOINT ((0.142518, -0.901184, 0.007));
#1291 = IFCCARTESIANPOINT ((0.138291, -0.907511, 0.007));
#1292 = IFCCARTESIANPOINT ((0.136807, -0.914973, 0.007));
#1293 = IFCCARTESIANPOINT ((0.138291, -0.922435, 0.007));
#1294 = IFCCARTESIANPOINT ((0.142518, -0.928762, 0.007));
#1295 = IFCCARTESIANPOINT ((0.148845, -0.932989, 0.007));
#1296 = IFCCARTESIANPOINT ((0.156307, -0.934473, 0.007));
#1297 = IFCCARTESIANPOINT ((0.163769, -0.932989, 0.007));
#1298 = IFCCARTESIANPOINT ((0.170096, -0.928762, 0.007));
#1299 = IFCCARTESIANPOINT ((0.174323, -0.922435, 0.007));
#1283 = IFCPOLYLOOP ((#1284, #1285, #1286, #1287, #1288, #1289, #1290, #1291, #1292, #1293, #1294, #1295, #1296, #1297, #1298, #1299));
#1282 = IFCFACEOUTERBOUND (#1283, .T.);
#1281 = IFCFACE ((#1282));
#1149 = IFCCLOSEDSHELL ((#1150, #1157, #1164, #1171, #1178, #1185, #1192, #1199, #1206, #1213, #1220, #1227, #1234, #1241, #1248, #1255, #1262, #1281));
#1148 = IFCFACETEDBREP (#1149);
#1305 = IFCCARTESIANPOINT ((0.163698, -0.918034, 0.015));
#1306 = IFCCARTESIANPOINT ((0.161964, -0.92063, 0.015));
#1307 = IFCCARTESIANPOINT ((0.161964, -0.92063, 0.007));
#1308 = IFCCARTESIANPOINT ((0.163698, -0.918034, 0.007));
#1304 = IFCPOLYLOOP ((#1305, #1306, #1307, #1308));
#1303 = IFCFACEOUTERBOUND (#1304, .T.);
#1302 = IFCFACE ((#1303));
#1312 = IFCCARTESIANPOINT ((0.161964, -0.92063, 0.015));
#1313 = IFCCARTESIANPOINT ((0.159368, -0.922364, 0.015));
#1314 = IFCCARTESIANPOINT ((0.159368, -0.922364, 0.007));
#1315 = IFCCARTESIANPOINT ((0.161964, -0.92063, 0.007));
#1311 = IFCPOLYLOOP ((#1312, #1313, #1314, #1315));
#1310 = IFCFACEOUTERBOUND (#1311, .T.);
#1309 = IFCFACE ((#1310));
#1319 = IFCCARTESIANPOINT ((0.159368, -0.922364, 0.015));
#1320 = IFCCARTESIANPOINT ((0.156307, -0.922973, 0.015));
#1321 = IFCCARTESIANPOINT ((0.156307, -0.922973, 0.007));
#1322 = IFCCARTESIANPOINT ((0.159368, -0.922364, 0.007));
#1318 = IFCPOLYLOOP ((#1319, #1320, #1321, #1322));
#1317 = IFCFACEOUTERBOUND (#1318, .T.);
#1316 = IFCFACE ((#1317));
#1326 = IFCCARTESIANPOINT ((0.156307, -0.922973, 0.015));
#1327 = IFCCARTESIANPOINT ((0.153246, -0.922364, 0.015));
#1328 = IFCCARTESIANPOINT ((0.153246, -0.922364, 0.007));
#1329 = IFCCARTESIANPOINT ((0.156307, -0.922973, 0.007));
#1325 = IFCPOLYLOOP ((#1326, #1327, #1328, #1329));
#1324 = IFCFACEOUTERBOUND (#1325, .T.);
#1323 = IFCFACE ((#1324));
#1333 = IFCCARTESIANPOINT ((0.153246, -0.922364, 0.015));
#1334 = IFCCARTESIANPOINT ((0.15065, -0.92063, 0.015));
#1335 = IFCCARTESIANPOINT ((0.15065, -0.92063, 0.007));
#1336 = IFCCARTESIANPOINT ((0.153246, -0.922364, 0.007));
#1332 = IFCPOLYLOOP ((#1333, #1334, #1335, #1336));
#1331 = IFCFACEOUTERBOUND (#1332, .T.);
#1330 = IFCFACE ((#1331));
#1340 = IFCCARTESIANPOINT ((0.15065, -0.92063, 0.015));
#1341 = IFCCARTESIANPOINT ((0.148916, -0.918034, 0.015));
#1342 = IFCCARTESIANPOINT ((0.148916, -0.918034, 0.007));
#1343 = IFCCARTESIANPOINT ((0.15065, -0.92063, 0.007));
#1339 = IFCPOLYLOOP ((#1340, #1341, #1342, #1343));
#1338 = IFCFACEOUTERBOUND (#1339, .T.);
#1337 = IFCFACE ((#1338));
#1347 = IFCCARTESIANPOINT ((0.148916, -0.918034, 0.015));
#1348 = IFCCARTESIANPOINT ((0.148307, -0.914973, 0.015));
#1349 = IFCCARTESIANPOINT ((0.148307, -0.914973, 0.007));
#1350 = IFCCARTESIANPOINT ((0.148916, -0.918034, 0.007));
#1346 = IFCPOLYLOOP ((#1347, #1348, #1349, #1350));
#1345 = IFCFACEOUTERBOUND (#1346, .T.);
#1344 = IFCFACE ((#1345));
#1354 = IFCCARTESIANPOINT ((0.148307, -0.914973, 0.015));
#1355 = IFCCARTESIANPOINT ((0.148916, -0.911912, 0.015));
#1356 = IFCCARTESIANPOINT ((0.148916, -0.911912, 0.007));
#1357 = IFCCARTESIANPOINT ((0.148307, -0.914973, 0.007));
#1353 = IFCPOLYLOOP ((#1354, #1355, #1356, #1357));
#1352 = IFCFACEOUTERBOUND (#1353, .T.);
#1351 = IFCFACE ((#1352));
#1361 = IFCCARTESIANPOINT ((0.148916, -0.911912, 0.015));
#1362 = IFCCARTESIANPOINT ((0.15065, -0.909316, 0.015));
#1363 = IFCCARTESIANPOINT ((0.15065, -0.909316, 0.007));
#1364 = IFCCARTESIANPOINT ((0.148916, -0.911912, 0.007));
#1360 = IFCPOLYLOOP ((#1361, #1362, #1363, #1364));
#1359 = IFCFACEOUTERBOUND (#1360, .T.);
#1358 = IFCFACE ((#1359));
#1368 = IFCCARTESIANPOINT ((0.15065, -0.909316, 0.015));
#1369 = IFCCARTESIANPOINT ((0.153246, -0.907582, 0.015));
#1370 = IFCCARTESIANPOINT ((0.153246, -0.907582, 0.007));
#1371 = IFCCARTESIANPOINT ((0.15065, -0.909316, 0.007));
#1367 = IFCPOLYLOOP ((#1368, #1369, #1370, #1371));
#1366 = IFCFACEOUTERBOUND (#1367, .T.);
#1365 = IFCFACE ((#1366));
#1375 = IFCCARTESIANPOINT ((0.153246, -0.907582, 0.015));
#1376 = IFCCARTESIANPOINT ((0.156307, -0.906973, 0.015));
#1377 = IFCCARTESIANPOINT ((0.156307, -0.906973, 0.007));
#1378 = IFCCARTESIANPOINT ((0.153246, -0.907582, 0.007));
#1374 = IFCPOLYLOOP ((#1375, #1376, #1377, #1378));
#1373 = IFCFACEOUTERBOUND (#1374, .T.);
#1372 = IFCFACE ((#1373));
#1382 = IFCCARTESIANPOINT ((0.156307, -0.906973, 0.015));
#1383 = IFCCARTESIANPOINT ((0.159368, -0.907582, 0.015));
#1384 = IFCCARTESIANPOINT ((0.159368, -0.907582, 0.007));
#1385 = IFCCARTESIANPOINT ((0.156307, -0.906973, 0.007));
#1381 = IFCPOLYLOOP ((#1382, #1383, #1384, #1385));
#1380 = IFCFACEOUTERBOUND (#1381, .T.);
#1379 = IFCFACE ((#1380));
#1389 = IFCCARTESIANPOINT ((0.159368, -0.907582, 0.015));
#1390 = IFCCARTESIANPOINT ((0.161964, -0.909316, 0.015));
#1391 = IFCCARTESIANPOINT ((0.161964, -0.909316, 0.007));
#1392 = IFCCARTESIANPOINT ((0.159368, -0.907582, 0.007));
#1388 = IFCPOLYLOOP ((#1389, #1390, #1391, #1392));
#1387 = IFCFACEOUTERBOUND (#1388, .T.);
#1386 = IFCFACE ((#1387));
#1396 = IFCCARTESIANPOINT ((0.161964, -0.909316, 0.015));
#1397 = IFCCARTESIANPOINT ((0.163698, -0.911912, 0.015));
#1398 = IFCCARTESIANPOINT ((0.163698, -0.911912, 0.007));
#1399 = IFCCARTESIANPOINT ((0.161964, -0.909316, 0.007));
#1395 = IFCPOLYLOOP ((#1396, #1397, #1398, #1399));
#1394 = IFCFACEOUTERBOUND (#1395, .T.);
#1393 = IFCFACE ((#1394));
#1403 = IFCCARTESIANPOINT ((0.163698, -0.911912, 0.015));
#1404 = IFCCARTESIANPOINT ((0.164307, -0.914973, 0.015));
#1405 = IFCCARTESIANPOINT ((0.164307, -0.914973, 0.007));
#1406 = IFCCARTESIANPOINT ((0.163698, -0.911912, 0.007));
#1402 = IFCPOLYLOOP ((#1403, #1404, #1405, #1406));
#1401 = IFCFACEOUTERBOUND (#1402, .T.);
#1400 = IFCFACE ((#1401));
#1410 = IFCCARTESIANPOINT ((0.164307, -0.914973, 0.015));
#1411 = IFCCARTESIANPOINT ((0.163698, -0.918034, 0.015));
#1412 = IFCCARTESIANPOINT ((0.163698, -0.918034, 0.007));
#1413 = IFCCARTESIANPOINT ((0.164307, -0.914973, 0.007));
#1409 = IFCPOLYLOOP ((#1410, #1411, #1412, #1413));
#1408 = IFCFACEOUTERBOUND (#1409, .T.);
#1407 = IFCFACE ((#1408));
#1417 = IFCCARTESIANPOINT ((0.163698, -0.918034, 0.007));
#1418 = IFCCARTESIANPOINT ((0.161964, -0.92063, 0.007));
#1419 = IFCCARTESIANPOINT ((0.159368, -0.922364, 0.007));
#1420 = IFCCARTESIANPOINT ((0.156307, -0.922973, 0.007));
#1421 = IFCCARTESIANPOINT ((0.153246, -0.922364, 0.007));
#1422 = IFCCARTESIANPOINT ((0.15065, -0.92063, 0.007));
#1423 = IFCCARTESIANPOINT ((0.148916, -0.918034, 0.007));
#1424 = IFCCARTESIANPOINT ((0.148307, -0.914973, 0.007));
#1425 = IFCCARTESIANPOINT ((0.148916, -0.911912, 0.007));
#1426 = IFCCARTESIANPOINT ((0.15065, -0.909316, 0.007));
#1427 = IFCCARTESIANPOINT ((0.153246, -0.907582, 0.007));
#1428 = IFCCARTESIANPOINT ((0.156307, -0.906973, 0.007));
#1429 = IFCCARTESIANPOINT ((0.159368, -0.907582, 0.007));
#1430 = IFCCARTESIANPOINT ((0.161964, -0.909316, 0.007));
#1431 = IFCCARTESIANPOINT ((0.163698, -0.911912, 0.007));
#1432 = IFCCARTESIANPOINT ((0.164307, -0.914973, 0.007));
#1416 = IFCPOLYLOOP ((#1417, #1418, #1419, #1420, #1421, #1422, #1423, #1424, #1425, #1426, #1427, #1428, #1429, #1430, #1431, #1432));
#1415 = IFCFACEOUTERBOUND (#1416, .T.);
#1414 = IFCFACE ((#1415));
#1436 = IFCCARTESIANPOINT ((0.164307, -0.914973, 0.015));
#1437 = IFCCARTESIANPOINT ((0.163698, -0.911912, 0.015));
#1438 = IFCCARTESIANPOINT ((0.161964, -0.909316, 0.015));
#1439 = IFCCARTESIANPOINT ((0.159368, -0.907582, 0.015));
#1440 = IFCCARTESIANPOINT ((0.156307, -0.906973, 0.015));
#1441 = IFCCARTESIANPOINT ((0.153246, -0.907582, 0.015));
#1442 = IFCCARTESIANPOINT ((0.15065, -0.909316, 0.015));
#1443 = IFCCARTESIANPOINT ((0.148916, -0.911912, 0.015));
#1444 = IFCCARTESIANPOINT ((0.148307, -0.914973, 0.015));
#1445 = IFCCARTESIANPOINT ((0.148916, -0.918034, 0.015));
#1446 = IFCCARTESIANPOINT ((0.15065, -0.92063, 0.015));
#1447 = IFCCARTESIANPOINT ((0.153246, -0.922364, 0.015));
#1448 = IFCCARTESIANPOINT ((0.156307, -0.922973, 0.015));
#1449 = IFCCARTESIANPOINT ((0.159368, -0.922364, 0.015));
#1450 = IFCCARTESIANPOINT ((0.161964, -0.92063, 0.015));
#1451 = IFCCARTESIANPOINT ((0.163698, -0.918034, 0.015));
#1435 = IFCPOLYLOOP ((#1436, #1437, #1438, #1439, #1440, #1441, #1442, #1443, #1444, #1445, #1446, #1447, #1448, #1449, #1450, #1451));
#1434 = IFCFACEOUTERBOUND (#1435, .T.);
#1433 = IFCFACE ((#1434));
#1301 = IFCCLOSEDSHELL ((#1302, #1309, #1316, #1323, #1330, #1337, #1344, #1351, #1358, #1365, #1372, #1379, #1386, #1393, #1400, #1407, #1414, #1433));
#1300 = IFCFACETEDBREP (#1301);
#1457 = IFCCARTESIANPOINT ((-0.138291, -0.922435, 0.007));
#1458 = IFCCARTESIANPOINT ((-0.142518, -0.928762, 0.007));
#1459 = IFCCARTESIANPOINT ((-0.142518, -0.928762, 0.));
#1460 = IFCCARTESIANPOINT ((-0.138291, -0.922435, 0.));
#1456 = IFCPOLYLOOP ((#1457, #1458, #1459, #1460));
#1455 = IFCFACEOUTERBOUND (#1456, .T.);
#1454 = IFCFACE ((#1455));
#1464 = IFCCARTESIANPOINT ((-0.142518, -0.928762, 0.007));
#1465 = IFCCARTESIANPOINT ((-0.148845, -0.932989, 0.007));
#1466 = IFCCARTESIANPOINT ((-0.148845, -0.932989, 0.));
#1467 = IFCCARTESIANPOINT ((-0.142518, -0.928762, 0.));
#1463 = IFCPOLYLOOP ((#1464, #1465, #1466, #1467));
#1462 = IFCFACEOUTERBOUND (#1463, .T.);
#1461 = IFCFACE ((#1462));
#1471 = IFCCARTESIANPOINT ((-0.148845, -0.932989, 0.007));
#1472 = IFCCARTESIANPOINT ((-0.156307, -0.934473, 0.007));
#1473 = IFCCARTESIANPOINT ((-0.156307, -0.934473, 0.));
#1474 = IFCCARTESIANPOINT ((-0.148845, -0.932989, 0.));
#1470 = IFCPOLYLOOP ((#1471, #1472, #1473, #1474));
#1469 = IFCFACEOUTERBOUND (#1470, .T.);
#1468 = IFCFACE ((#1469));
#1478 = IFCCARTESIANPOINT ((-0.156307, -0.934473, 0.007));
#1479 = IFCCARTESIANPOINT ((-0.163769, -0.932989, 0.007));
#1480 = IFCCARTESIANPOINT ((-0.163769, -0.932989, 0.));
#1481 = IFCCARTESIANPOINT ((-0.156307, -0.934473, 0.));
#1477 = IFCPOLYLOOP ((#1478, #1479, #1480, #1481));
#1476 = IFCFACEOUTERBOUND (#1477, .T.);
#1475 = IFCFACE ((#1476));
#1485 = IFCCARTESIANPOINT ((-0.163769, -0.932989, 0.007));
#1486 = IFCCARTESIANPOINT ((-0.170096, -0.928762, 0.007));
#1487 = IFCCARTESIANPOINT ((-0.170096, -0.928762, 0.));
#1488 = IFCCARTESIANPOINT ((-0.163769, -0.932989, 0.));
#1484 = IFCPOLYLOOP ((#1485, #1486, #1487, #1488));
#1483 = IFCFACEOUTERBOUND (#1484, .T.);
#1482 = IFCFACE ((#1483));
#1492 = IFCCARTESIANPOINT ((-0.170096, -0.928762, 0.007));
#1493 = IFCCARTESIANPOINT ((-0.174323, -0.922435, 0.007));
#1494 = IFCCARTESIANPOINT ((-0.174323, -0.922435, 0.));
#1495 = IFCCARTESIANPOINT ((-0.170096, -0.928762, 0.));
#1491 = IFCPOLYLOOP ((#1492, #1493, #1494, #1495));
#1490 = IFCFACEOUTERBOUND (#1491, .T.);
#1489 = IFCFACE ((#1490));
#1499 = IFCCARTESIANPOINT ((-0.174323, -0.922435, 0.007));
#1500 = IFCCARTESIANPOINT ((-0.175807, -0.914973, 0.007));
#1501 = IFCCARTESIANPOINT ((-0.175807, -0.914973, 0.));
#1502 = IFCCARTESIANPOINT ((-0.174323, -0.922435, 0.));
#1498 = IFCPOLYLOOP ((#1499, #1500, #1501, #1502));
#1497 = IFCFACEOUTERBOUND (#1498, .T.);
#1496 = IFCFACE ((#1497));
#1506 = IFCCARTESIANPOINT ((-0.175807, -0.914973, 0.007));
#1507 = IFCCARTESIANPOINT ((-0.174323, -0.907511, 0.007));
#1508 = IFCCARTESIANPOINT ((-0.174323, -0.907511, 0.));
#1509 = IFCCARTESIANPOINT ((-0.175807, -0.914973, 0.));
#1505 = IFCPOLYLOOP ((#1506, #1507, #1508, #1509));
#1504 = IFCFACEOUTERBOUND (#1505, .T.);
#1503 = IFCFACE ((#1504));
#1513 = IFCCARTESIANPOINT ((-0.174323, -0.907511, 0.007));
#1514 = IFCCARTESIANPOINT ((-0.170096, -0.901184, 0.007));
#1515 = IFCCARTESIANPOINT ((-0.170096, -0.901184, 0.));
#1516 = IFCCARTESIANPOINT ((-0.174323, -0.907511, 0.));
#1512 = IFCPOLYLOOP ((#1513, #1514, #1515, #1516));
#1511 = IFCFACEOUTERBOUND (#1512, .T.);
#1510 = IFCFACE ((#1511));
#1520 = IFCCARTESIANPOINT ((-0.170096, -0.901184, 0.007));
#1521 = IFCCARTESIANPOINT ((-0.163769, -0.896957, 0.007));
#1522 = IFCCARTESIANPOINT ((-0.163769, -0.896957, 0.));
#1523 = IFCCARTESIANPOINT ((-0.170096, -0.901184, 0.));
#1519 = IFCPOLYLOOP ((#1520, #1521, #1522, #1523));
#1518 = IFCFACEOUTERBOUND (#1519, .T.);
#1517 = IFCFACE ((#1518));
#1527 = IFCCARTESIANPOINT ((-0.163769, -0.896957, 0.007));
#1528 = IFCCARTESIANPOINT ((-0.156307, -0.895473, 0.007));
#1529 = IFCCARTESIANPOINT ((-0.156307, -0.895473, 0.));
#1530 = IFCCARTESIANPOINT ((-0.163769, -0.896957, 0.));
#1526 = IFCPOLYLOOP ((#1527, #1528, #1529, #1530));
#1525 = IFCFACEOUTERBOUND (#1526, .T.);
#1524 = IFCFACE ((#1525));
#1534 = IFCCARTESIANPOINT ((-0.156307, -0.895473, 0.007));
#1535 = IFCCARTESIANPOINT ((-0.148845, -0.896957, 0.007));
#1536 = IFCCARTESIANPOINT ((-0.148845, -0.896957, 0.));
#1537 = IFCCARTESIANPOINT ((-0.156307, -0.895473, 0.));
#1533 = IFCPOLYLOOP ((#1534, #1535, #1536, #1537));
#1532 = IFCFACEOUTERBOUND (#1533, .T.);
#1531 = IFCFACE ((#1532));
#1541 = IFCCARTESIANPOINT ((-0.148845, -0.896957, 0.007));
#1542 = IFCCARTESIANPOINT ((-0.142518, -0.901184, 0.007));
#1543 = IFCCARTESIANPOINT ((-0.142518, -0.901184, 0.));
#1544 = IFCCARTESIANPOINT ((-0.148845, -0.896957, 0.));
#1540 = IFCPOLYLOOP ((#1541, #1542, #1543, #1544));
#1539 = IFCFACEOUTERBOUND (#1540, .T.);
#1538 = IFCFACE ((#1539));
#1548 = IFCCARTESIANPOINT ((-0.142518, -0.901184, 0.007));
#1549 = IFCCARTESIANPOINT ((-0.138291, -0.907511, 0.007));
#1550 = IFCCARTESIANPOINT ((-0.138291, -0.907511, 0.));
#1551 = IFCCARTESIANPOINT ((-0.142518, -0.901184, 0.));
#1547 = IFCPOLYLOOP ((#1548, #1549, #1550, #1551));
#1546 = IFCFACEOUTERBOUND (#1547, .T.);
#1545 = IFCFACE ((#1546));
#1555 = IFCCARTESIANPOINT ((-0.138291, -0.907511, 0.007));
#1556 = IFCCARTESIANPOINT ((-0.136807, -0.914973, 0.007));
#1557 = IFCCARTESIANPOINT ((-0.136807, -0.914973, 0.));
#1558 = IFCCARTESIANPOINT ((-0.138291, -0.907511, 0.));
#1554 = IFCPOLYLOOP ((#1555, #1556, #1557, #1558));
#1553 = IFCFACEOUTERBOUND (#1554, .T.);
#1552 = IFCFACE ((#1553));
#1562 = IFCCARTESIANPOINT ((-0.136807, -0.914973, 0.007));
#1563 = IFCCARTESIANPOINT ((-0.138291, -0.922435, 0.007));
#1564 = IFCCARTESIANPOINT ((-0.138291, -0.922435, 0.));
#1565 = IFCCARTESIANPOINT ((-0.136807, -0.914973, 0.));
#1561 = IFCPOLYLOOP ((#1562, #1563, #1564, #1565));
#1560 = IFCFACEOUTERBOUND (#1561, .T.);
#1559 = IFCFACE ((#1560));
#1569 = IFCCARTESIANPOINT ((-0.138291, -0.922435, 0.));
#1570 = IFCCARTESIANPOINT ((-0.142518, -0.928762, 0.));
#1571 = IFCCARTESIANPOINT ((-0.148845, -0.932989, 0.));
#1572 = IFCCARTESIANPOINT ((-0.156307, -0.934473, 0.));
#1573 = IFCCARTESIANPOINT ((-0.163769, -0.932989, 0.));
#1574 = IFCCARTESIANPOINT ((-0.170096, -0.928762, 0.));
#1575 = IFCCARTESIANPOINT ((-0.174323, -0.922435, 0.));
#1576 = IFCCARTESIANPOINT ((-0.175807, -0.914973, 0.));
#1577 = IFCCARTESIANPOINT ((-0.174323, -0.907511, 0.));
#1578 = IFCCARTESIANPOINT ((-0.170096, -0.901184, 0.));
#1579 = IFCCARTESIANPOINT ((-0.163769, -0.896957, 0.));
#1580 = IFCCARTESIANPOINT ((-0.156307, -0.895473, 0.));
#1581 = IFCCARTESIANPOINT ((-0.148845, -0.896957, 0.));
#1582 = IFCCARTESIANPOINT ((-0.142518, -0.901184, 0.));
#1583 = IFCCARTESIANPOINT ((-0.138291, -0.907511, 0.));
#1584 = IFCCARTESIANPOINT ((-0.136807, -0.914973, 0.));
#1568 = IFCPOLYLOOP ((#1569, #1570, #1571, #1572, #1573, #1574, #1575, #1576, #1577, #1578, #1579, #1580, #1581, #1582, #1583, #1584));
#1567 = IFCFACEOUTERBOUND (#1568, .T.);
#1566 = IFCFACE ((#1567));
#1588 = IFCCARTESIANPOINT ((-0.136807, -0.914973, 0.007));
#1589 = IFCCARTESIANPOINT ((-0.138291, -0.907511, 0.007));
#1590 = IFCCARTESIANPOINT ((-0.142518, -0.901184, 0.007));
#1591 = IFCCARTESIANPOINT ((-0.148845, -0.896957, 0.007));
#1592 = IFCCARTESIANPOINT ((-0.156307, -0.895473, 0.007));
#1593 = IFCCARTESIANPOINT ((-0.163769, -0.896957, 0.007));
#1594 = IFCCARTESIANPOINT ((-0.170096, -0.901184, 0.007));
#1595 = IFCCARTESIANPOINT ((-0.174323, -0.907511, 0.007));
#1596 = IFCCARTESIANPOINT ((-0.175807, -0.914973, 0.007));
#1597 = IFCCARTESIANPOINT ((-0.174323, -0.922435, 0.007));
#1598 = IFCCARTESIANPOINT ((-0.170096, -0.928762, 0.007));
#1599 = IFCCARTESIANPOINT ((-0.163769, -0.932989, 0.007));
#1600 = IFCCARTESIANPOINT ((-0.156307, -0.934473, 0.007));
#1601 = IFCCARTESIANPOINT ((-0.148845, -0.932989, 0.007));
#1602 = IFCCARTESIANPOINT ((-0.142518, -0.928762, 0.007));
#1603 = IFCCARTESIANPOINT ((-0.138291, -0.922435, 0.007));
#1587 = IFCPOLYLOOP ((#1588, #1589, #1590, #1591, #1592, #1593, #1594, #1595, #1596, #1597, #1598, #1599, #1600, #1601, #1602, #1603));
#1586 = IFCFACEOUTERBOUND (#1587, .T.);
#1585 = IFCFACE ((#1586));
#1453 = IFCCLOSEDSHELL ((#1454, #1461, #1468, #1475, #1482, #1489, #1496, #1503, #1510, #1517, #1524, #1531, #1538, #1545, #1552, #1559, #1566, #1585));
#1452 = IFCFACETEDBREP (#1453);
#1609 = IFCCARTESIANPOINT ((-0.148916, -0.918034, 0.015));
#1610 = IFCCARTESIANPOINT ((-0.15065, -0.92063, 0.015));
#1611 = IFCCARTESIANPOINT ((-0.15065, -0.92063, 0.007));
#1612 = IFCCARTESIANPOINT ((-0.148916, -0.918034, 0.007));
#1608 = IFCPOLYLOOP ((#1609, #1610, #1611, #1612));
#1607 = IFCFACEOUTERBOUND (#1608, .T.);
#1606 = IFCFACE ((#1607));
#1616 = IFCCARTESIANPOINT ((-0.15065, -0.92063, 0.015));
#1617 = IFCCARTESIANPOINT ((-0.153246, -0.922364, 0.015));
#1618 = IFCCARTESIANPOINT ((-0.153246, -0.922364, 0.007));
#1619 = IFCCARTESIANPOINT ((-0.15065, -0.92063, 0.007));
#1615 = IFCPOLYLOOP ((#1616, #1617, #1618, #1619));
#1614 = IFCFACEOUTERBOUND (#1615, .T.);
#1613 = IFCFACE ((#1614));
#1623 = IFCCARTESIANPOINT ((-0.153246, -0.922364, 0.015));
#1624 = IFCCARTESIANPOINT ((-0.156307, -0.922973, 0.015));
#1625 = IFCCARTESIANPOINT ((-0.156307, -0.922973, 0.007));
#1626 = IFCCARTESIANPOINT ((-0.153246, -0.922364, 0.007));
#1622 = IFCPOLYLOOP ((#1623, #1624, #1625, #1626));
#1621 = IFCFACEOUTERBOUND (#1622, .T.);
#1620 = IFCFACE ((#1621));
#1630 = IFCCARTESIANPOINT ((-0.156307, -0.922973, 0.015));
#1631 = IFCCARTESIANPOINT ((-0.159368, -0.922364, 0.015));
#1632 = IFCCARTESIANPOINT ((-0.159368, -0.922364, 0.007));
#1633 = IFCCARTESIANPOINT ((-0.156307, -0.922973, 0.007));
#1629 = IFCPOLYLOOP ((#1630, #1631, #1632, #1633));
#1628 = IFCFACEOUTERBOUND (#1629, .T.);
#1627 = IFCFACE ((#1628));
#1637 = IFCCARTESIANPOINT ((-0.159368, -0.922364, 0.015));
#1638 = IFCCARTESIANPOINT ((-0.161964, -0.92063, 0.015));
#1639 = IFCCARTESIANPOINT ((-0.161964, -0.92063, 0.007));
#1640 = IFCCARTESIANPOINT ((-0.159368, -0.922364, 0.007));
#1636 = IFCPOLYLOOP ((#1637, #1638, #1639, #1640));
#1635 = IFCFACEOUTERBOUND (#1636, .T.);
#1634 = IFCFACE ((#1635));
#1644 = IFCCARTESIANPOINT ((-0.161964, -0.92063, 0.015));
#1645 = IFCCARTESIANPOINT ((-0.163698, -0.918034, 0.015));
#1646 = IFCCARTESIANPOINT ((-0.163698, -0.918034, 0.007));
#1647 = IFCCARTESIANPOINT ((-0.161964, -0.92063, 0.007));
#1643 = IFCPOLYLOOP ((#1644, #1645, #1646, #1647));
#1642 = IFCFACEOUTERBOUND (#1643, .T.);
#1641 = IFCFACE ((#1642));
#1651 = IFCCARTESIANPOINT ((-0.163698, -0.918034, 0.015));
#1652 = IFCCARTESIANPOINT ((-0.164307, -0.914973, 0.015));
#1653 = IFCCARTESIANPOINT ((-0.164307, -0.914973, 0.007));
#1654 = IFCCARTESIANPOINT ((-0.163698, -0.918034, 0.007));
#1650 = IFCPOLYLOOP ((#1651, #1652, #1653, #1654));
#1649 = IFCFACEOUTERBOUND (#1650, .T.);
#1648 = IFCFACE ((#1649));
#1658 = IFCCARTESIANPOINT ((-0.164307, -0.914973, 0.015));
#1659 = IFCCARTESIANPOINT ((-0.163698, -0.911912, 0.015));
#1660 = IFCCARTESIANPOINT ((-0.163698, -0.911912, 0.007));
#1661 = IFCCARTESIANPOINT ((-0.164307, -0.914973, 0.007));
#1657 = IFCPOLYLOOP ((#1658, #1659, #1660, #1661));
#1656 = IFCFACEOUTERBOUND (#1657, .T.);
#1655 = IFCFACE ((#1656));
#1665 = IFCCARTESIANPOINT ((-0.163698, -0.911912, 0.015));
#1666 = IFCCARTESIANPOINT ((-0.161964, -0.909316, 0.015));
#1667 = IFCCARTESIANPOINT ((-0.161964, -0.909316, 0.007));
#1668 = IFCCARTESIANPOINT ((-0.163698, -0.911912, 0.007));
#1664 = IFCPOLYLOOP ((#1665, #1666, #1667, #1668));
#1663 = IFCFACEOUTERBOUND (#1664, .T.);
#1662 = IFCFACE ((#1663));
#1672 = IFCCARTESIANPOINT ((-0.161964, -0.909316, 0.015));
#1673 = IFCCARTESIANPOINT ((-0.159368, -0.907582, 0.015));
#1674 = IFCCARTESIANPOINT ((-0.159368, -0.907582, 0.007));
#1675 = IFCCARTESIANPOINT ((-0.161964, -0.909316, 0.007));
#1671 = IFCPOLYLOOP ((#1672, #1673, #1674, #1675));
#1670 = IFCFACEOUTERBOUND (#1671, .T.);
#1669 = IFCFACE ((#1670));
#1679 = IFCCARTESIANPOINT ((-0.159368, -0.907582, 0.015));
#1680 = IFCCARTESIANPOINT ((-0.156307, -0.906973, 0.015));
#1681 = IFCCARTESIANPOINT ((-0.156307, -0.906973, 0.007));
#1682 = IFCCARTESIANPOINT ((-0.159368, -0.907582, 0.007));
#1678 = IFCPOLYLOOP ((#1679, #1680, #1681, #1682));
#1677 = IFCFACEOUTERBOUND (#1678, .T.);
#1676 = IFCFACE ((#1677));
#1686 = IFCCARTESIANPOINT ((-0.156307, -0.906973, 0.015));
#1687 = IFCCARTESIANPOINT ((-0.153246, -0.907582, 0.015));
#1688 = IFCCARTESIANPOINT ((-0.153246, -0.907582, 0.007));
#1689 = IFCCARTESIANPOINT ((-0.156307, -0.906973, 0.007));
#1685 = IFCPOLYLOOP ((#1686, #1687, #1688, #1689));
#1684 = IFCFACEOUTERBOUND (#1685, .T.);
#1683 = IFCFACE ((#1684));
#1693 = IFCCARTESIANPOINT ((-0.153246, -0.907582, 0.015));
#1694 = IFCCARTESIANPOINT ((-0.15065, -0.909316, 0.015));
#1695 = IFCCARTESIANPOINT ((-0.15065, -0.909316, 0.007));
#1696 = IFCCARTESIANPOINT ((-0.153246, -0.907582, 0.007));
#1692 = IFCPOLYLOOP ((#1693, #1694, #1695, #1696));
#1691 = IFCFACEOUTERBOUND (#1692, .T.);
#1690 = IFCFACE ((#1691));
#1700 = IFCCARTESIANPOINT ((-0.15065, -0.909316, 0.015));
#1701 = IFCCARTESIANPOINT ((-0.148916, -0.911912, 0.015));
#1702 = IFCCARTESIANPOINT ((-0.148916, -0.911912, 0.007));
#1703 = IFCCARTESIANPOINT ((-0.15065, -0.909316, 0.007));
#1699 = IFCPOLYLOOP ((#1700, #1701, #1702, #1703));
#1698 = IFCFACEOUTERBOUND (#1699, .T.);
#1697 = IFCFACE ((#1698));
#1707 = IFCCARTESIANPOINT ((-0.148916, -0.911912, 0.015));
#1708 = IFCCARTESIANPOINT ((-0.148307, -0.914973, 0.015));
#1709 = IFCCARTESIANPOINT ((-0.148307, -0.914973, 0.007));
#1710 = IFCCARTESIANPOINT ((-0.148916, -0.911912, 0.007));
#1706 = IFCPOLYLOOP ((#1707, #1708, #1709, #1710));
#1705 = IFCFACEOUTERBOUND (#1706, .T.);
#1704 = IFCFACE ((#1705));
#1714 = IFCCARTESIANPOINT ((-0.148307, -0.914973, 0.015));
#1715 = IFCCARTESIANPOINT ((-0.148916, -0.918034, 0.015));
#1716 = IFCCARTESIANPOINT ((-0.148916, -0.918034, 0.007));
#1717 = IFCCARTESIANPOINT ((-0.148307, -0.914973, 0.007));
#1713 = IFCPOLYLOOP ((#1714, #1715, #1716, #1717));
#1712 = IFCFACEOUTERBOUND (#1713, .T.);
#1711 = IFCFACE ((#1712));
#1721 = IFCCARTESIANPOINT ((-0.148916, -0.918034, 0.007));
#1722 = IFCCARTESIANPOINT ((-0.15065, -0.92063, 0.007));
#1723 = IFCCARTESIANPOINT ((-0.153246, -0.922364, 0.007));
#1724 = IFCCARTESIANPOINT ((-0.156307, -0.922973, 0.007));
#1725 = IFCCARTESIANPOINT ((-0.159368, -0.922364, 0.007));
#1726 = IFCCARTESIANPOINT ((-0.161964, -0.92063, 0.007));
#1727 = IFCCARTESIANPOINT ((-0.163698, -0.918034, 0.007));
#1728 = IFCCARTESIANPOINT ((-0.164307, -0.914973, 0.007));
#1729 = IFCCARTESIANPOINT ((-0.163698, -0.911912, 0.007));
#1730 = IFCCARTESIANPOINT ((-0.161964, -0.909316, 0.007));
#1731 = IFCCARTESIANPOINT ((-0.159368, -0.907582, 0.007));
#1732 = IFCCARTESIANPOINT ((-0.156307, -0.906973, 0.007));
#1733 = IFCCARTESIANPOINT ((-0.153246, -0.907582, 0.007));
#1734 = IFCCARTESIANPOINT ((-0.15065, -0.909316, 0.007));
#1735 = IFCCARTESIANPOINT ((-0.148916, -0.911912, 0.007));
#1736 = IFCCARTESIANPOINT ((-0.148307, -0.914973, 0.007));
#1720 = IFCPOLYLOOP ((#1721, #1722, #1723, #1724, #1725, #1726, #1727, #1728, #1729, #1730, #1731, #1732, #1733, #1734, #1735, #1736));
#1719 = IFCFACEOUTERBOUND (#1720, .T.);
#1718 = IFCFACE ((#1719));
#1740 = IFCCARTESIANPOINT ((-0.148307, -0.914973, 0.015));
#1741 = IFCCARTESIANPOINT ((-0.148916, -0.911912, 0.015));
#1742 = IFCCARTESIANPOINT ((-0.15065, -0.909316, 0.015));
#1743 = IFCCARTESIANPOINT ((-0.153246, -0.907582, 0.015));
#1744 = IFCCARTESIANPOINT ((-0.156307, -0.906973, 0.015));
#1745 = IFCCARTESIANPOINT ((-0.159368, -0.907582, 0.015));
#1746 = IFCCARTESIANPOINT ((-0.161964, -0.909316, 0.015));
#1747 = IFCCARTESIANPOINT ((-0.163698, -0.911912, 0.015));
#1748 = IFCCARTESIANPOINT ((-0.164307, -0.914973, 0.015));
#1749 = IFCCARTESIANPOINT ((-0.163698, -0.918034, 0.015));
#1750 = IFCCARTESIANPOINT ((-0.161964, -0.92063, 0.015));
#1751 = IFCCARTESIANPOINT ((-0.159368, -0.922364, 0.015));
#1752 = IFCCARTESIANPOINT ((-0.156307, -0.922973, 0.015));
#1753 = IFCCARTESIANPOINT ((-0.153246, -0.922364, 0.015));
#1754 = IFCCARTESIANPOINT ((-0.15065, -0.92063, 0.015));
#1755 = IFCCARTESIANPOINT ((-0.148916, -0.918034, 0.015));
#1739 = IFCPOLYLOOP ((#1740, #1741, #1742, #1743, #1744, #1745, #1746, #1747, #1748, #1749, #1750, #1751, #1752, #1753, #1754, #1755));
#1738 = IFCFACEOUTERBOUND (#1739, .T.);
#1737 = IFCFACE ((#1738));
#1605 = IFCCLOSEDSHELL ((#1606, #1613, #1620, #1627, #1634, #1641, #1648, #1655, #1662, #1669, #1676, #1683, #1690, #1697, #1704, #1711, #1718, #1737));
#1604 = IFCFACETEDBREP (#1605);
#1761 = IFCCARTESIANPOINT ((-0.259728, -0.126346, 0.00713));
#1762 = IFCCARTESIANPOINT ((-0.266244, -0.136099, 0.00713));
#1763 = IFCCARTESIANPOINT ((-0.266244, -0.136099, 0.));
#1764 = IFCCARTESIANPOINT ((-0.259728, -0.126346, 0.));
#1760 = IFCPOLYLOOP ((#1761, #1762, #1763, #1764));
#1759 = IFCFACEOUTERBOUND (#1760, .T.);
#1758 = IFCFACE ((#1759));
#1768 = IFCCARTESIANPOINT ((-0.266244, -0.136099, 0.00713));
#1769 = IFCCARTESIANPOINT ((-0.275997, -0.142615, 0.00713));
#1770 = IFCCARTESIANPOINT ((-0.275997, -0.142615, 0.));
#1771 = IFCCARTESIANPOINT ((-0.266244, -0.136099, 0.));
#1767 = IFCPOLYLOOP ((#1768, #1769, #1770, #1771));
#1766 = IFCFACEOUTERBOUND (#1767, .T.);
#1765 = IFCFACE ((#1766));
#1775 = IFCCARTESIANPOINT ((-0.275997, -0.142615, 0.00713));
#1776 = IFCCARTESIANPOINT ((-0.2875, -0.144903, 0.00713));
#1777 = IFCCARTESIANPOINT ((-0.2875, -0.144903, 0.));
#1778 = IFCCARTESIANPOINT ((-0.275997, -0.142615, 0.));
#1774 = IFCPOLYLOOP ((#1775, #1776, #1777, #1778));
#1773 = IFCFACEOUTERBOUND (#1774, .T.);
#1772 = IFCFACE ((#1773));
#1782 = IFCCARTESIANPOINT ((-0.2875, -0.144903, 0.00713));
#1783 = IFCCARTESIANPOINT ((-0.299003, -0.142615, 0.00713));
#1784 = IFCCARTESIANPOINT ((-0.299003, -0.142615, 0.));
#1785 = IFCCARTESIANPOINT ((-0.2875, -0.144903, 0.));
#1781 = IFCPOLYLOOP ((#1782, #1783, #1784, #1785));
#1780 = IFCFACEOUTERBOUND (#1781, .T.);
#1779 = IFCFACE ((#1780));
#1789 = IFCCARTESIANPOINT ((-0.299003, -0.142615, 0.00713));
#1790 = IFCCARTESIANPOINT ((-0.308756, -0.136099, 0.00713));
#1791 = IFCCARTESIANPOINT ((-0.308756, -0.136099, 0.));
#1792 = IFCCARTESIANPOINT ((-0.299003, -0.142615, 0.));
#1788 = IFCPOLYLOOP ((#1789, #1790, #1791, #1792));
#1787 = IFCFACEOUTERBOUND (#1788, .T.);
#1786 = IFCFACE ((#1787));
#1796 = IFCCARTESIANPOINT ((-0.308756, -0.136099, 0.00713));
#1797 = IFCCARTESIANPOINT ((-0.315272, -0.126346, 0.00713));
#1798 = IFCCARTESIANPOINT ((-0.315272, -0.126346, 0.));
#1799 = IFCCARTESIANPOINT ((-0.308756, -0.136099, 0.));
#1795 = IFCPOLYLOOP ((#1796, #1797, #1798, #1799));
#1794 = IFCFACEOUTERBOUND (#1795, .T.);
#1793 = IFCFACE ((#1794));
#1803 = IFCCARTESIANPOINT ((-0.315272, -0.126346, 0.00713));
#1804 = IFCCARTESIANPOINT ((-0.31756, -0.114843, 0.00713));
#1805 = IFCCARTESIANPOINT ((-0.31756, -0.114843, 0.));
#1806 = IFCCARTESIANPOINT ((-0.315272, -0.126346, 0.));
#1802 = IFCPOLYLOOP ((#1803, #1804, #1805, #1806));
#1801 = IFCFACEOUTERBOUND (#1802, .T.);
#1800 = IFCFACE ((#1801));
#1810 = IFCCARTESIANPOINT ((-0.31756, -0.114843, 0.00713));
#1811 = IFCCARTESIANPOINT ((-0.315272, -0.10334, 0.00713));
#1812 = IFCCARTESIANPOINT ((-0.315272, -0.10334, 0.));
#1813 = IFCCARTESIANPOINT ((-0.31756, -0.114843, 0.));
#1809 = IFCPOLYLOOP ((#1810, #1811, #1812, #1813));
#1808 = IFCFACEOUTERBOUND (#1809, .T.);
#1807 = IFCFACE ((#1808));
#1817 = IFCCARTESIANPOINT ((-0.315272, -0.10334, 0.00713));
#1818 = IFCCARTESIANPOINT ((-0.308756, -0.0935874, 0.00713));
#1819 = IFCCARTESIANPOINT ((-0.308756, -0.0935874, 0.));
#1820 = IFCCARTESIANPOINT ((-0.315272, -0.10334, 0.));
#1816 = IFCPOLYLOOP ((#1817, #1818, #1819, #1820));
#1815 = IFCFACEOUTERBOUND (#1816, .T.);
#1814 = IFCFACE ((#1815));
#1824 = IFCCARTESIANPOINT ((-0.308756, -0.0935874, 0.00713));
#1825 = IFCCARTESIANPOINT ((-0.299003, -0.0870712, 0.00713));
#1826 = IFCCARTESIANPOINT ((-0.299003, -0.0870712, 0.));
#1827 = IFCCARTESIANPOINT ((-0.308756, -0.0935874, 0.));
#1823 = IFCPOLYLOOP ((#1824, #1825, #1826, #1827));
#1822 = IFCFACEOUTERBOUND (#1823, .T.);
#1821 = IFCFACE ((#1822));
#1831 = IFCCARTESIANPOINT ((-0.299003, -0.0870712, 0.00713));
#1832 = IFCCARTESIANPOINT ((-0.2875, -0.084783, 0.00713));
#1833 = IFCCARTESIANPOINT ((-0.2875, -0.084783, 0.));
#1834 = IFCCARTESIANPOINT ((-0.299003, -0.0870712, 0.));
#1830 = IFCPOLYLOOP ((#1831, #1832, #1833, #1834));
#1829 = IFCFACEOUTERBOUND (#1830, .T.);
#1828 = IFCFACE ((#1829));
#1838 = IFCCARTESIANPOINT ((-0.2875, -0.084783, 0.00713));
#1839 = IFCCARTESIANPOINT ((-0.275997, -0.0870712, 0.00713));
#1840 = IFCCARTESIANPOINT ((-0.275997, -0.0870712, 0.));
#1841 = IFCCARTESIANPOINT ((-0.2875, -0.084783, 0.));
#1837 = IFCPOLYLOOP ((#1838, #1839, #1840, #1841));
#1836 = IFCFACEOUTERBOUND (#1837, .T.);
#1835 = IFCFACE ((#1836));
#1845 = IFCCARTESIANPOINT ((-0.275997, -0.0870712, 0.00713));
#1846 = IFCCARTESIANPOINT ((-0.266244, -0.0935874, 0.00713));
#1847 = IFCCARTESIANPOINT ((-0.266244, -0.0935874, 0.));
#1848 = IFCCARTESIANPOINT ((-0.275997, -0.0870712, 0.));
#1844 = IFCPOLYLOOP ((#1845, #1846, #1847, #1848));
#1843 = IFCFACEOUTERBOUND (#1844, .T.);
#1842 = IFCFACE ((#1843));
#1852 = IFCCARTESIANPOINT ((-0.266244, -0.0935874, 0.00713));
#1853 = IFCCARTESIANPOINT ((-0.259728, -0.10334, 0.00713));
#1854 = IFCCARTESIANPOINT ((-0.259728, -0.10334, 0.));
#1855 = IFCCARTESIANPOINT ((-0.266244, -0.0935874, 0.));
#1851 = IFCPOLYLOOP ((#1852, #1853, #1854, #1855));
#1850 = IFCFACEOUTERBOUND (#1851, .T.);
#1849 = IFCFACE ((#1850));
#1859 = IFCCARTESIANPOINT ((-0.259728, -0.10334, 0.00713));
#1860 = IFCCARTESIANPOINT ((-0.25744, -0.114843, 0.00713));
#1861 = IFCCARTESIANPOINT ((-0.25744, -0.114843, 0.));
#1862 = IFCCARTESIANPOINT ((-0.259728, -0.10334, 0.));
#1858 = IFCPOLYLOOP ((#1859, #1860, #1861, #1862));
#1857 = IFCFACEOUTERBOUND (#1858, .T.);
#1856 = IFCFACE ((#1857));
#1866 = IFCCARTESIANPOINT ((-0.25744, -0.114843, 0.00713));
#1867 = IFCCARTESIANPOINT ((-0.259728, -0.126346, 0.00713));
#1868 = IFCCARTESIANPOINT ((-0.259728, -0.126346, 0.));
#1869 = IFCCARTESIANPOINT ((-0.25744, -0.114843, 0.));
#1865 = IFCPOLYLOOP ((#1866, #1867, #1868, #1869));
#1864 = IFCFACEOUTERBOUND (#1865, .T.);
#1863 = IFCFACE ((#1864));
#1873 = IFCCARTESIANPOINT ((-0.259728, -0.126346, 0.));
#1874 = IFCCARTESIANPOINT ((-0.266244, -0.136099, 0.));
#1875 = IFCCARTESIANPOINT ((-0.275997, -0.142615, 0.));
#1876 = IFCCARTESIANPOINT ((-0.2875, -0.144903, 0.));
#1877 = IFCCARTESIANPOINT ((-0.299003, -0.142615, 0.));
#1878 = IFCCARTESIANPOINT ((-0.308756, -0.136099, 0.));
#1879 = IFCCARTESIANPOINT ((-0.315272, -0.126346, 0.));
#1880 = IFCCARTESIANPOINT ((-0.31756, -0.114843, 0.));
#1881 = IFCCARTESIANPOINT ((-0.315272, -0.10334, 0.));
#1882 = IFCCARTESIANPOINT ((-0.308756, -0.0935874, 0.));
#1883 = IFCCARTESIANPOINT ((-0.299003, -0.0870712, 0.));
#1884 = IFCCARTESIANPOINT ((-0.2875, -0.084783, 0.));
#1885 = IFCCARTESIANPOINT ((-0.275997, -0.0870712, 0.));
#1886 = IFCCARTESIANPOINT ((-0.266244, -0.0935874, 0.));
#1887 = IFCCARTESIANPOINT ((-0.259728, -0.10334, 0.));
#1888 = IFCCARTESIANPOINT ((-0.25744, -0.114843, 0.));
#1872 = IFCPOLYLOOP ((#1873, #1874, #1875, #1876, #1877, #1878, #1879, #1880, #1881, #1882, #1883, #1884, #1885, #1886, #1887, #1888));
#1871 = IFCFACEOUTERBOUND (#1872, .T.);
#1870 = IFCFACE ((#1871));
#1892 = IFCCARTESIANPOINT ((-0.25744, -0.114843, 0.00713));
#1893 = IFCCARTESIANPOINT ((-0.259728, -0.10334, 0.00713));
#1894 = IFCCARTESIANPOINT ((-0.266244, -0.0935874, 0.00713));
#1895 = IFCCARTESIANPOINT ((-0.275997, -0.0870712, 0.00713));
#1896 = IFCCARTESIANPOINT ((-0.2875, -0.084783, 0.00713));
#1897 = IFCCARTESIANPOINT ((-0.299003, -0.0870712, 0.00713));
#1898 = IFCCARTESIANPOINT ((-0.308756, -0.0935874, 0.00713));
#1899 = IFCCARTESIANPOINT ((-0.315272, -0.10334, 0.00713));
#1900 = IFCCARTESIANPOINT ((-0.31756, -0.114843, 0.00713));
#1901 = IFCCARTESIANPOINT ((-0.315272, -0.126346, 0.00713));
#1902 = IFCCARTESIANPOINT ((-0.308756, -0.136099, 0.00713));
#1903 = IFCCARTESIANPOINT ((-0.299003, -0.142615, 0.00713));
#1904 = IFCCARTESIANPOINT ((-0.2875, -0.144903, 0.00713));
#1905 = IFCCARTESIANPOINT ((-0.275997, -0.142615, 0.00713));
#1906 = IFCCARTESIANPOINT ((-0.266244, -0.136099, 0.00713));
#1907 = IFCCARTESIANPOINT ((-0.259728, -0.126346, 0.00713));
#1891 = IFCPOLYLOOP ((#1892, #1893, #1894, #1895, #1896, #1897, #1898, #1899, #1900, #1901, #1902, #1903, #1904, #1905, #1906, #1907));
#1890 = IFCFACEOUTERBOUND (#1891, .T.);
#1889 = IFCFACE ((#1890));
#1757 = IFCCLOSEDSHELL ((#1758, #1765, #1772, #1779, #1786, #1793, #1800, #1807, #1814, #1821, #1828, #1835, #1842, #1849, #1856, #1863, #1870, #1889));
#1756 = IFCFACETEDBREP (#1757);
#1913 = IFCCARTESIANPOINT ((-0.281227, -0.117441, 0.02811));
#1914 = IFCCARTESIANPOINT ((-0.282699, -0.119644, 0.02811));
#1915 = IFCCARTESIANPOINT ((-0.282699, -0.119644, 0.00713));
#1916 = IFCCARTESIANPOINT ((-0.281227, -0.117441, 0.00713));
#1912 = IFCPOLYLOOP ((#1913, #1914, #1915, #1916));
#1911 = IFCFACEOUTERBOUND (#1912, .T.);
#1910 = IFCFACE ((#1911));
#1920 = IFCCARTESIANPOINT ((-0.282699, -0.119644, 0.02811));
#1921 = IFCCARTESIANPOINT ((-0.284902, -0.121116, 0.02811));
#1922 = IFCCARTESIANPOINT ((-0.284902, -0.121116, 0.00713));
#1923 = IFCCARTESIANPOINT ((-0.282699, -0.119644, 0.00713));
#1919 = IFCPOLYLOOP ((#1920, #1921, #1922, #1923));
#1918 = IFCFACEOUTERBOUND (#1919, .T.);
#1917 = IFCFACE ((#1918));
#1927 = IFCCARTESIANPOINT ((-0.284902, -0.121116, 0.02811));
#1928 = IFCCARTESIANPOINT ((-0.2875, -0.121633, 0.02811));
#1929 = IFCCARTESIANPOINT ((-0.2875, -0.121633, 0.00713));
#1930 = IFCCARTESIANPOINT ((-0.284902, -0.121116, 0.00713));
#1926 = IFCPOLYLOOP ((#1927, #1928, #1929, #1930));
#1925 = IFCFACEOUTERBOUND (#1926, .T.);
#1924 = IFCFACE ((#1925));
#1934 = IFCCARTESIANPOINT ((-0.2875, -0.121633, 0.02811));
#1935 = IFCCARTESIANPOINT ((-0.290098, -0.121116, 0.02811));
#1936 = IFCCARTESIANPOINT ((-0.290098, -0.121116, 0.00713));
#1937 = IFCCARTESIANPOINT ((-0.2875, -0.121633, 0.00713));
#1933 = IFCPOLYLOOP ((#1934, #1935, #1936, #1937));
#1932 = IFCFACEOUTERBOUND (#1933, .T.);
#1931 = IFCFACE ((#1932));
#1941 = IFCCARTESIANPOINT ((-0.290098, -0.121116, 0.02811));
#1942 = IFCCARTESIANPOINT ((-0.292301, -0.119644, 0.02811));
#1943 = IFCCARTESIANPOINT ((-0.292301, -0.119644, 0.00713));
#1944 = IFCCARTESIANPOINT ((-0.290098, -0.121116, 0.00713));
#1940 = IFCPOLYLOOP ((#1941, #1942, #1943, #1944));
#1939 = IFCFACEOUTERBOUND (#1940, .T.);
#1938 = IFCFACE ((#1939));
#1948 = IFCCARTESIANPOINT ((-0.292301, -0.119644, 0.02811));
#1949 = IFCCARTESIANPOINT ((-0.293773, -0.117441, 0.02811));
#1950 = IFCCARTESIANPOINT ((-0.293773, -0.117441, 0.00713));
#1951 = IFCCARTESIANPOINT ((-0.292301, -0.119644, 0.00713));
#1947 = IFCPOLYLOOP ((#1948, #1949, #1950, #1951));
#1946 = IFCFACEOUTERBOUND (#1947, .T.);
#1945 = IFCFACE ((#1946));
#1955 = IFCCARTESIANPOINT ((-0.293773, -0.117441, 0.02811));
#1956 = IFCCARTESIANPOINT ((-0.29429, -0.114843, 0.02811));
#1957 = IFCCARTESIANPOINT ((-0.29429, -0.114843, 0.00713));
#1958 = IFCCARTESIANPOINT ((-0.293773, -0.117441, 0.00713));
#1954 = IFCPOLYLOOP ((#1955, #1956, #1957, #1958));
#1953 = IFCFACEOUTERBOUND (#1954, .T.);
#1952 = IFCFACE ((#1953));
#1962 = IFCCARTESIANPOINT ((-0.29429, -0.114843, 0.02811));
#1963 = IFCCARTESIANPOINT ((-0.293773, -0.112245, 0.02811));
#1964 = IFCCARTESIANPOINT ((-0.293773, -0.112245, 0.00713));
#1965 = IFCCARTESIANPOINT ((-0.29429, -0.114843, 0.00713));
#1961 = IFCPOLYLOOP ((#1962, #1963, #1964, #1965));
#1960 = IFCFACEOUTERBOUND (#1961, .T.);
#1959 = IFCFACE ((#1960));
#1969 = IFCCARTESIANPOINT ((-0.293773, -0.112245, 0.02811));
#1970 = IFCCARTESIANPOINT ((-0.292301, -0.110042, 0.02811));
#1971 = IFCCARTESIANPOINT ((-0.292301, -0.110042, 0.00713));
#1972 = IFCCARTESIANPOINT ((-0.293773, -0.112245, 0.00713));
#1968 = IFCPOLYLOOP ((#1969, #1970, #1971, #1972));
#1967 = IFCFACEOUTERBOUND (#1968, .T.);
#1966 = IFCFACE ((#1967));
#1976 = IFCCARTESIANPOINT ((-0.292301, -0.110042, 0.02811));
#1977 = IFCCARTESIANPOINT ((-0.290098, -0.10857, 0.02811));
#1978 = IFCCARTESIANPOINT ((-0.290098, -0.10857, 0.00713));
#1979 = IFCCARTESIANPOINT ((-0.292301, -0.110042, 0.00713));
#1975 = IFCPOLYLOOP ((#1976, #1977, #1978, #1979));
#1974 = IFCFACEOUTERBOUND (#1975, .T.);
#1973 = IFCFACE ((#1974));
#1983 = IFCCARTESIANPOINT ((-0.290098, -0.10857, 0.02811));
#1984 = IFCCARTESIANPOINT ((-0.2875, -0.108053, 0.02811));
#1985 = IFCCARTESIANPOINT ((-0.2875, -0.108053, 0.00713));
#1986 = IFCCARTESIANPOINT ((-0.290098, -0.10857, 0.00713));
#1982 = IFCPOLYLOOP ((#1983, #1984, #1985, #1986));
#1981 = IFCFACEOUTERBOUND (#1982, .T.);
#1980 = IFCFACE ((#1981));
#1990 = IFCCARTESIANPOINT ((-0.2875, -0.108053, 0.02811));
#1991 = IFCCARTESIANPOINT ((-0.284902, -0.10857, 0.02811));
#1992 = IFCCARTESIANPOINT ((-0.284902, -0.10857, 0.00713));
#1993 = IFCCARTESIANPOINT ((-0.2875, -0.108053, 0.00713));
#1989 = IFCPOLYLOOP ((#1990, #1991, #1992, #1993));
#1988 = IFCFACEOUTERBOUND (#1989, .T.);
#1987 = IFCFACE ((#1988));
#1997 = IFCCARTESIANPOINT ((-0.284902, -0.10857, 0.02811));
#1998 = IFCCARTESIANPOINT ((-0.282699, -0.110042, 0.02811));
#1999 = IFCCARTESIANPOINT ((-0.282699, -0.110042, 0.00713));
#2000 = IFCCARTESIANPOINT ((-0.284902, -0.10857, 0.00713));
#1996 = IFCPOLYLOOP ((#1997, #1998, #1999, #2000));
#1995 = IFCFACEOUTERBOUND (#1996, .T.);
#1994 = IFCFACE ((#1995));
#2004 = IFCCARTESIANPOINT ((-0.282699, -0.110042, 0.02811));
#2005 = IFCCARTESIANPOINT ((-0.281227, -0.112245, 0.02811));
#2006 = IFCCARTESIANPOINT ((-0.281227, -0.112245, 0.00713));
#2007 = IFCCARTESIANPOINT ((-0.282699, -0.110042, 0.00713));
#2003 = IFCPOLYLOOP ((#2004, #2005, #2006, #2007));
#2002 = IFCFACEOUTERBOUND (#2003, .T.);
#2001 = IFCFACE ((#2002));
#2011 = IFCCARTESIANPOINT ((-0.281227, -0.112245, 0.02811));
#2012 = IFCCARTESIANPOINT ((-0.28071, -0.114843, 0.02811));
#2013 = IFCCARTESIANPOINT ((-0.28071, -0.114843, 0.00713));
#2014 = IFCCARTESIANPOINT ((-0.281227, -0.112245, 0.00713));
#2010 = IFCPOLYLOOP ((#2011, #2012, #2013, #2014));
#2009 = IFCFACEOUTERBOUND (#2010, .T.);
#2008 = IFCFACE ((#2009));
#2018 = IFCCARTESIANPOINT ((-0.28071, -0.114843, 0.02811));
#2019 = IFCCARTESIANPOINT ((-0.281227, -0.117441, 0.02811));
#2020 = IFCCARTESIANPOINT ((-0.281227, -0.117441, 0.00713));
#2021 = IFCCARTESIANPOINT ((-0.28071, -0.114843, 0.00713));
#2017 = IFCPOLYLOOP ((#2018, #2019, #2020, #2021));
#2016 = IFCFACEOUTERBOUND (#2017, .T.);
#2015 = IFCFACE ((#2016));
#2025 = IFCCARTESIANPOINT ((-0.281227, -0.117441, 0.00713));
#2026 = IFCCARTESIANPOINT ((-0.282699, -0.119644, 0.00713));
#2027 = IFCCARTESIANPOINT ((-0.284902, -0.121116, 0.00713));
#2028 = IFCCARTESIANPOINT ((-0.2875, -0.121633, 0.00713));
#2029 = IFCCARTESIANPOINT ((-0.290098, -0.121116, 0.00713));
#2030 = IFCCARTESIANPOINT ((-0.292301, -0.119644, 0.00713));
#2031 = IFCCARTESIANPOINT ((-0.293773, -0.117441, 0.00713));
#2032 = IFCCARTESIANPOINT ((-0.29429, -0.114843, 0.00713));
#2033 = IFCCARTESIANPOINT ((-0.293773, -0.112245, 0.00713));
#2034 = IFCCARTESIANPOINT ((-0.292301, -0.110042, 0.00713));
#2035 = IFCCARTESIANPOINT ((-0.290098, -0.10857, 0.00713));
#2036 = IFCCARTESIANPOINT ((-0.2875, -0.108053, 0.00713));
#2037 = IFCCARTESIANPOINT ((-0.284902, -0.10857, 0.00713));
#2038 = IFCCARTESIANPOINT ((-0.282699, -0.110042, 0.00713));
#2039 = IFCCARTESIANPOINT ((-0.281227, -0.112245, 0.00713));
#2040 = IFCCARTESIANPOINT ((-0.28071, -0.114843, 0.00713));
#2024 = IFCPOLYLOOP ((#2025, #2026, #2027, #2028, #2029, #2030, #2031, #2032, #2033, #2034, #2035, #2036, #2037, #2038, #2039, #2040));
#2023 = IFCFACEOUTERBOUND (#2024, .T.);
#2022 = IFCFACE ((#2023));
#2044 = IFCCARTESIANPOINT ((-0.28071, -0.114843, 0.02811));
#2045 = IFCCARTESIANPOINT ((-0.281227, -0.112245, 0.02811));
#2046 = IFCCARTESIANPOINT ((-0.282699, -0.110042, 0.02811));
#2047 = IFCCARTESIANPOINT ((-0.284902, -0.10857, 0.02811));
#2048 = IFCCARTESIANPOINT ((-0.2875, -0.108053, 0.02811));
#2049 = IFCCARTESIANPOINT ((-0.290098, -0.10857, 0.02811));
#2050 = IFCCARTESIANPOINT ((-0.292301, -0.110042, 0.02811));
#2051 = IFCCARTESIANPOINT ((-0.293773, -0.112245, 0.02811));
#2052 = IFCCARTESIANPOINT ((-0.29429, -0.114843, 0.02811));
#2053 = IFCCARTESIANPOINT ((-0.293773, -0.117441, 0.02811));
#2054 = IFCCARTESIANPOINT ((-0.292301, -0.119644, 0.02811));
#2055 = IFCCARTESIANPOINT ((-0.290098, -0.121116, 0.02811));
#2056 = IFCCARTESIANPOINT ((-0.2875, -0.121633, 0.02811));
#2057 = IFCCARTESIANPOINT ((-0.284902, -0.121116, 0.02811));
#2058 = IFCCARTESIANPOINT ((-0.282699, -0.119644, 0.02811));
#2059 = IFCCARTESIANPOINT ((-0.281227, -0.117441, 0.02811));
#2043 = IFCPOLYLOOP ((#2044, #2045, #2046, #2047, #2048, #2049, #2050, #2051, #2052, #2053, #2054, #2055, #2056, #2057, #2058, #2059));
#2042 = IFCFACEOUTERBOUND (#2043, .T.);
#2041 = IFCFACE ((#2042));
#1909 = IFCCLOSEDSHELL ((#1910, #1917, #1924, #1931, #1938, #1945, #1952, #1959, #1966, #1973, #1980, #1987, #1994, #2001, #2008, #2015, #2022, #2041));
#1908 = IFCFACETEDBREP (#1909);
#2065 = IFCCARTESIANPOINT ((-0.259728, -0.396346, 0.00713));
#2066 = IFCCARTESIANPOINT ((-0.266244, -0.406099, 0.00713));
#2067 = IFCCARTESIANPOINT ((-0.266244, -0.406099, 0.));
#2068 = IFCCARTESIANPOINT ((-0.259728, -0.396346, 0.));
#2064 = IFCPOLYLOOP ((#2065, #2066, #2067, #2068));
#2063 = IFCFACEOUTERBOUND (#2064, .T.);
#2062 = IFCFACE ((#2063));
#2072 = IFCCARTESIANPOINT ((-0.266244, -0.406099, 0.00713));
#2073 = IFCCARTESIANPOINT ((-0.275997, -0.412615, 0.00713));
#2074 = IFCCARTESIANPOINT ((-0.275997, -0.412615, 0.));
#2075 = IFCCARTESIANPOINT ((-0.266244, -0.406099, 0.));
#2071 = IFCPOLYLOOP ((#2072, #2073, #2074, #2075));
#2070 = IFCFACEOUTERBOUND (#2071, .T.);
#2069 = IFCFACE ((#2070));
#2079 = IFCCARTESIANPOINT ((-0.275997, -0.412615, 0.00713));
#2080 = IFCCARTESIANPOINT ((-0.2875, -0.414903, 0.00713));
#2081 = IFCCARTESIANPOINT ((-0.2875, -0.414903, 0.));
#2082 = IFCCARTESIANPOINT ((-0.275997, -0.412615, 0.));
#2078 = IFCPOLYLOOP ((#2079, #2080, #2081, #2082));
#2077 = IFCFACEOUTERBOUND (#2078, .T.);
#2076 = IFCFACE ((#2077));
#2086 = IFCCARTESIANPOINT ((-0.2875, -0.414903, 0.00713));
#2087 = IFCCARTESIANPOINT ((-0.299003, -0.412615, 0.00713));
#2088 = IFCCARTESIANPOINT ((-0.299003, -0.412615, 0.));
#2089 = IFCCARTESIANPOINT ((-0.2875, -0.414903, 0.));
#2085 = IFCPOLYLOOP ((#2086, #2087, #2088, #2089));
#2084 = IFCFACEOUTERBOUND (#2085, .T.);
#2083 = IFCFACE ((#2084));
#2093 = IFCCARTESIANPOINT ((-0.299003, -0.412615, 0.00713));
#2094 = IFCCARTESIANPOINT ((-0.308756, -0.406099, 0.00713));
#2095 = IFCCARTESIANPOINT ((-0.308756, -0.406099, 0.));
#2096 = IFCCARTESIANPOINT ((-0.299003, -0.412615, 0.));
#2092 = IFCPOLYLOOP ((#2093, #2094, #2095, #2096));
#2091 = IFCFACEOUTERBOUND (#2092, .T.);
#2090 = IFCFACE ((#2091));
#2100 = IFCCARTESIANPOINT ((-0.308756, -0.406099, 0.00713));
#2101 = IFCCARTESIANPOINT ((-0.315272, -0.396346, 0.00713));
#2102 = IFCCARTESIANPOINT ((-0.315272, -0.396346, 0.));
#2103 = IFCCARTESIANPOINT ((-0.308756, -0.406099, 0.));
#2099 = IFCPOLYLOOP ((#2100, #2101, #2102, #2103));
#2098 = IFCFACEOUTERBOUND (#2099, .T.);
#2097 = IFCFACE ((#2098));
#2107 = IFCCARTESIANPOINT ((-0.315272, -0.396346, 0.00713));
#2108 = IFCCARTESIANPOINT ((-0.31756, -0.384843, 0.00713));
#2109 = IFCCARTESIANPOINT ((-0.31756, -0.384843, 0.));
#2110 = IFCCARTESIANPOINT ((-0.315272, -0.396346, 0.));
#2106 = IFCPOLYLOOP ((#2107, #2108, #2109, #2110));
#2105 = IFCFACEOUTERBOUND (#2106, .T.);
#2104 = IFCFACE ((#2105));
#2114 = IFCCARTESIANPOINT ((-0.31756, -0.384843, 0.00713));
#2115 = IFCCARTESIANPOINT ((-0.315272, -0.37334, 0.00713));
#2116 = IFCCARTESIANPOINT ((-0.315272, -0.37334, 0.));
#2117 = IFCCARTESIANPOINT ((-0.31756, -0.384843, 0.));
#2113 = IFCPOLYLOOP ((#2114, #2115, #2116, #2117));
#2112 = IFCFACEOUTERBOUND (#2113, .T.);
#2111 = IFCFACE ((#2112));
#2121 = IFCCARTESIANPOINT ((-0.315272, -0.37334, 0.00713));
#2122 = IFCCARTESIANPOINT ((-0.308756, -0.363587, 0.00713));
#2123 = IFCCARTESIANPOINT ((-0.308756, -0.363587, 0.));
#2124 = IFCCARTESIANPOINT ((-0.315272, -0.37334, 0.));
#2120 = IFCPOLYLOOP ((#2121, #2122, #2123, #2124));
#2119 = IFCFACEOUTERBOUND (#2120, .T.);
#2118 = IFCFACE ((#2119));
#2128 = IFCCARTESIANPOINT ((-0.308756, -0.363587, 0.00713));
#2129 = IFCCARTESIANPOINT ((-0.299003, -0.357071, 0.00713));
#2130 = IFCCARTESIANPOINT ((-0.299003, -0.357071, 0.));
#2131 = IFCCARTESIANPOINT ((-0.308756, -0.363587, 0.));
#2127 = IFCPOLYLOOP ((#2128, #2129, #2130, #2131));
#2126 = IFCFACEOUTERBOUND (#2127, .T.);
#2125 = IFCFACE ((#2126));
#2135 = IFCCARTESIANPOINT ((-0.299003, -0.357071, 0.00713));
#2136 = IFCCARTESIANPOINT ((-0.2875, -0.354783, 0.00713));
#2137 = IFCCARTESIANPOINT ((-0.2875, -0.354783, 0.));
#2138 = IFCCARTESIANPOINT ((-0.299003, -0.357071, 0.));
#2134 = IFCPOLYLOOP ((#2135, #2136, #2137, #2138));
#2133 = IFCFACEOUTERBOUND (#2134, .T.);
#2132 = IFCFACE ((#2133));
#2142 = IFCCARTESIANPOINT ((-0.2875, -0.354783, 0.00713));
#2143 = IFCCARTESIANPOINT ((-0.275997, -0.357071, 0.00713));
#2144 = IFCCARTESIANPOINT ((-0.275997, -0.357071, 0.));
#2145 = IFCCARTESIANPOINT ((-0.2875, -0.354783, 0.));
#2141 = IFCPOLYLOOP ((#2142, #2143, #2144, #2145));
#2140 = IFCFACEOUTERBOUND (#2141, .T.);
#2139 = IFCFACE ((#2140));
#2149 = IFCCARTESIANPOINT ((-0.275997, -0.357071, 0.00713));
#2150 = IFCCARTESIANPOINT ((-0.266244, -0.363587, 0.00713));
#2151 = IFCCARTESIANPOINT ((-0.266244, -0.363587, 0.));
#2152 = IFCCARTESIANPOINT ((-0.275997, -0.357071, 0.));
#2148 = IFCPOLYLOOP ((#2149, #2150, #2151, #2152));
#2147 = IFCFACEOUTERBOUND (#2148, .T.);
#2146 = IFCFACE ((#2147));
#2156 = IFCCARTESIANPOINT ((-0.266244, -0.363587, 0.00713));
#2157 = IFCCARTESIANPOINT ((-0.259728, -0.37334, 0.00713));
#2158 = IFCCARTESIANPOINT ((-0.259728, -0.37334, 0.));
#2159 = IFCCARTESIANPOINT ((-0.266244, -0.363587, 0.));
#2155 = IFCPOLYLOOP ((#2156, #2157, #2158, #2159));
#2154 = IFCFACEOUTERBOUND (#2155, .T.);
#2153 = IFCFACE ((#2154));
#2163 = IFCCARTESIANPOINT ((-0.259728, -0.37334, 0.00713));
#2164 = IFCCARTESIANPOINT ((-0.25744, -0.384843, 0.00713));
#2165 = IFCCARTESIANPOINT ((-0.25744, -0.384843, 0.));
#2166 = IFCCARTESIANPOINT ((-0.259728, -0.37334, 0.));
#2162 = IFCPOLYLOOP ((#2163, #2164, #2165, #2166));
#2161 = IFCFACEOUTERBOUND (#2162, .T.);
#2160 = IFCFACE ((#2161));
#2170 = IFCCARTESIANPOINT ((-0.25744, -0.384843, 0.00713));
#2171 = IFCCARTESIANPOINT ((-0.259728, -0.396346, 0.00713));
#2172 = IFCCARTESIANPOINT ((-0.259728, -0.396346, 0.));
#2173 = IFCCARTESIANPOINT ((-0.25744, -0.384843, 0.));
#2169 = IFCPOLYLOOP ((#2170, #2171, #2172, #2173));
#2168 = IFCFACEOUTERBOUND (#2169, .T.);
#2167 = IFCFACE ((#2168));
#2177 = IFCCARTESIANPOINT ((-0.259728, -0.396346, 0.));
#2178 = IFCCARTESIANPOINT ((-0.266244, -0.406099, 0.));
#2179 = IFCCARTESIANPOINT ((-0.275997, -0.412615, 0.));
#2180 = IFCCARTESIANPOINT ((-0.2875, -0.414903, 0.));
#2181 = IFCCARTESIANPOINT ((-0.299003, -0.412615, 0.));
#2182 = IFCCARTESIANPOINT ((-0.308756, -0.406099, 0.));
#2183 = IFCCARTESIANPOINT ((-0.315272, -0.396346, 0.));
#2184 = IFCCARTESIANPOINT ((-0.31756, -0.384843, 0.));
#2185 = IFCCARTESIANPOINT ((-0.315272, -0.37334, 0.));
#2186 = IFCCARTESIANPOINT ((-0.308756, -0.363587, 0.));
#2187 = IFCCARTESIANPOINT ((-0.299003, -0.357071, 0.));
#2188 = IFCCARTESIANPOINT ((-0.2875, -0.354783, 0.));
#2189 = IFCCARTESIANPOINT ((-0.275997, -0.357071, 0.));
#2190 = IFCCARTESIANPOINT ((-0.266244, -0.363587, 0.));
#2191 = IFCCARTESIANPOINT ((-0.259728, -0.37334, 0.));
#2192 = IFCCARTESIANPOINT ((-0.25744, -0.384843, 0.));
#2176 = IFCPOLYLOOP ((#2177, #2178, #2179, #2180, #2181, #2182, #2183, #2184, #2185, #2186, #2187, #2188, #2189, #2190, #2191, #2192));
#2175 = IFCFACEOUTERBOUND (#2176, .T.);
#2174 = IFCFACE ((#2175));
#2196 = IFCCARTESIANPOINT ((-0.25744, -0.384843, 0.00713));
#2197 = IFCCARTESIANPOINT ((-0.259728, -0.37334, 0.00713));
#2198 = IFCCARTESIANPOINT ((-0.266244, -0.363587, 0.00713));
#2199 = IFCCARTESIANPOINT ((-0.275997, -0.357071, 0.00713));
#2200 = IFCCARTESIANPOINT ((-0.2875, -0.354783, 0.00713));
#2201 = IFCCARTESIANPOINT ((-0.299003, -0.357071, 0.00713));
#2202 = IFCCARTESIANPOINT ((-0.308756, -0.363587, 0.00713));
#2203 = IFCCARTESIANPOINT ((-0.315272, -0.37334, 0.00713));
#2204 = IFCCARTESIANPOINT ((-0.31756, -0.384843, 0.00713));
#2205 = IFCCARTESIANPOINT ((-0.315272, -0.396346, 0.00713));
#2206 = IFCCARTESIANPOINT ((-0.308756, -0.406099, 0.00713));
#2207 = IFCCARTESIANPOINT ((-0.299003, -0.412615, 0.00713));
#2208 = IFCCARTESIANPOINT ((-0.2875, -0.414903, 0.00713));
#2209 = IFCCARTESIANPOINT ((-0.275997, -0.412615, 0.00713));
#2210 = IFCCARTESIANPOINT ((-0.266244, -0.406099, 0.00713));
#2211 = IFCCARTESIANPOINT ((-0.259728, -0.396346, 0.00713));
#2195 = IFCPOLYLOOP ((#2196, #2197, #2198, #2199, #2200, #2201, #2202, #2203, #2204, #2205, #2206, #2207, #2208, #2209, #2210, #2211));
#2194 = IFCFACEOUTERBOUND (#2195, .T.);
#2193 = IFCFACE ((#2194));
#2061 = IFCCLOSEDSHELL ((#2062, #2069, #2076, #2083, #2090, #2097, #2104, #2111, #2118, #2125, #2132, #2139, #2146, #2153, #2160, #2167, #2174, #2193));
#2060 = IFCFACETEDBREP (#2061);
#2217 = IFCCARTESIANPOINT ((-0.281227, -0.387441, 0.02811));
#2218 = IFCCARTESIANPOINT ((-0.282699, -0.389644, 0.02811));
#2219 = IFCCARTESIANPOINT ((-0.282699, -0.389644, 0.00713));
#2220 = IFCCARTESIANPOINT ((-0.281227, -0.387441, 0.00713));
#2216 = IFCPOLYLOOP ((#2217, #2218, #2219, #2220));
#2215 = IFCFACEOUTERBOUND (#2216, .T.);
#2214 = IFCFACE ((#2215));
#2224 = IFCCARTESIANPOINT ((-0.282699, -0.389644, 0.02811));
#2225 = IFCCARTESIANPOINT ((-0.284902, -0.391116, 0.02811));
#2226 = IFCCARTESIANPOINT ((-0.284902, -0.391116, 0.00713));
#2227 = IFCCARTESIANPOINT ((-0.282699, -0.389644, 0.00713));
#2223 = IFCPOLYLOOP ((#2224, #2225, #2226, #2227));
#2222 = IFCFACEOUTERBOUND (#2223, .T.);
#2221 = IFCFACE ((#2222));
#2231 = IFCCARTESIANPOINT ((-0.284902, -0.391116, 0.02811));
#2232 = IFCCARTESIANPOINT ((-0.2875, -0.391633, 0.02811));
#2233 = IFCCARTESIANPOINT ((-0.2875, -0.391633, 0.00713));
#2234 = IFCCARTESIANPOINT ((-0.284902, -0.391116, 0.00713));
#2230 = IFCPOLYLOOP ((#2231, #2232, #2233, #2234));
#2229 = IFCFACEOUTERBOUND (#2230, .T.);
#2228 = IFCFACE ((#2229));
#2238 = IFCCARTESIANPOINT ((-0.2875, -0.391633, 0.02811));
#2239 = IFCCARTESIANPOINT ((-0.290098, -0.391116, 0.02811));
#2240 = IFCCARTESIANPOINT ((-0.290098, -0.391116, 0.00713));
#2241 = IFCCARTESIANPOINT ((-0.2875, -0.391633, 0.00713));
#2237 = IFCPOLYLOOP ((#2238, #2239, #2240, #2241));
#2236 = IFCFACEOUTERBOUND (#2237, .T.);
#2235 = IFCFACE ((#2236));
#2245 = IFCCARTESIANPOINT ((-0.290098, -0.391116, 0.02811));
#2246 = IFCCARTESIANPOINT ((-0.292301, -0.389644, 0.02811));
#2247 = IFCCARTESIANPOINT ((-0.292301, -0.389644, 0.00713));
#2248 = IFCCARTESIANPOINT ((-0.290098, -0.391116, 0.00713));
#2244 = IFCPOLYLOOP ((#2245, #2246, #2247, #2248));
#2243 = IFCFACEOUTERBOUND (#2244, .T.);
#2242 = IFCFACE ((#2243));
#2252 = IFCCARTESIANPOINT ((-0.292301, -0.389644, 0.02811));
#2253 = IFCCARTESIANPOINT ((-0.293773, -0.387441, 0.02811));
#2254 = IFCCARTESIANPOINT ((-0.293773, -0.387441, 0.00713));
#2255 = IFCCARTESIANPOINT ((-0.292301, -0.389644, 0.00713));
#2251 = IFCPOLYLOOP ((#2252, #2253, #2254, #2255));
#2250 = IFCFACEOUTERBOUND (#2251, .T.);
#2249 = IFCFACE ((#2250));
#2259 = IFCCARTESIANPOINT ((-0.293773, -0.387441, 0.02811));
#2260 = IFCCARTESIANPOINT ((-0.29429, -0.384843, 0.02811));
#2261 = IFCCARTESIANPOINT ((-0.29429, -0.384843, 0.00713));
#2262 = IFCCARTESIANPOINT ((-0.293773, -0.387441, 0.00713));
#2258 = IFCPOLYLOOP ((#2259, #2260, #2261, #2262));
#2257 = IFCFACEOUTERBOUND (#2258, .T.);
#2256 = IFCFACE ((#2257));
#2266 = IFCCARTESIANPOINT ((-0.29429, -0.384843, 0.02811));
#2267 = IFCCARTESIANPOINT ((-0.293773, -0.382245, 0.02811));
#2268 = IFCCARTESIANPOINT ((-0.293773, -0.382245, 0.00713));
#2269 = IFCCARTESIANPOINT ((-0.29429, -0.384843, 0.00713));
#2265 = IFCPOLYLOOP ((#2266, #2267, #2268, #2269));
#2264 = IFCFACEOUTERBOUND (#2265, .T.);
#2263 = IFCFACE ((#2264));
#2273 = IFCCARTESIANPOINT ((-0.293773, -0.382245, 0.02811));
#2274 = IFCCARTESIANPOINT ((-0.292301, -0.380042, 0.02811));
#2275 = IFCCARTESIANPOINT ((-0.292301, -0.380042, 0.00713));
#2276 = IFCCARTESIANPOINT ((-0.293773, -0.382245, 0.00713));
#2272 = IFCPOLYLOOP ((#2273, #2274, #2275, #2276));
#2271 = IFCFACEOUTERBOUND (#2272, .T.);
#2270 = IFCFACE ((#2271));
#2280 = IFCCARTESIANPOINT ((-0.292301, -0.380042, 0.02811));
#2281 = IFCCARTESIANPOINT ((-0.290098, -0.37857, 0.02811));
#2282 = IFCCARTESIANPOINT ((-0.290098, -0.37857, 0.00713));
#2283 = IFCCARTESIANPOINT ((-0.292301, -0.380042, 0.00713));
#2279 = IFCPOLYLOOP ((#2280, #2281, #2282, #2283));
#2278 = IFCFACEOUTERBOUND (#2279, .T.);
#2277 = IFCFACE ((#2278));
#2287 = IFCCARTESIANPOINT ((-0.290098, -0.37857, 0.02811));
#2288 = IFCCARTESIANPOINT ((-0.2875, -0.378053, 0.02811));
#2289 = IFCCARTESIANPOINT ((-0.2875, -0.378053, 0.00713));
#2290 = IFCCARTESIANPOINT ((-0.290098, -0.37857, 0.00713));
#2286 = IFCPOLYLOOP ((#2287, #2288, #2289, #2290));
#2285 = IFCFACEOUTERBOUND (#2286, .T.);
#2284 = IFCFACE ((#2285));
#2294 = IFCCARTESIANPOINT ((-0.2875, -0.378053, 0.02811));
#2295 = IFCCARTESIANPOINT ((-0.284902, -0.37857, 0.02811));
#2296 = IFCCARTESIANPOINT ((-0.284902, -0.37857, 0.00713));
#2297 = IFCCARTESIANPOINT ((-0.2875, -0.378053, 0.00713));
#2293 = IFCPOLYLOOP ((#2294, #2295, #2296, #2297));
#2292 = IFCFACEOUTERBOUND (#2293, .T.);
#2291 = IFCFACE ((#2292));
#2301 = IFCCARTESIANPOINT ((-0.284902, -0.37857, 0.02811));
#2302 = IFCCARTESIANPOINT ((-0.282699, -0.380042, 0.02811));
#2303 = IFCCARTESIANPOINT ((-0.282699, -0.380042, 0.00713));
#2304 = IFCCARTESIANPOINT ((-0.284902, -0.37857, 0.00713));
#2300 = IFCPOLYLOOP ((#2301, #2302, #2303, #2304));
#2299 = IFCFACEOUTERBOUND (#2300, .T.);
#2298 = IFCFACE ((#2299));
#2308 = IFCCARTESIANPOINT ((-0.282699, -0.380042, 0.02811));
#2309 = IFCCARTESIANPOINT ((-0.281227, -0.382245, 0.02811));
#2310 = IFCCARTESIANPOINT ((-0.281227, -0.382245, 0.00713));
#2311 = IFCCARTESIANPOINT ((-0.282699, -0.380042, 0.00713));
#2307 = IFCPOLYLOOP ((#2308, #2309, #2310, #2311));
#2306 = IFCFACEOUTERBOUND (#2307, .T.);
#2305 = IFCFACE ((#2306));
#2315 = IFCCARTESIANPOINT ((-0.281227, -0.382245, 0.02811));
#2316 = IFCCARTESIANPOINT ((-0.28071, -0.384843, 0.02811));
#2317 = IFCCARTESIANPOINT ((-0.28071, -0.384843, 0.00713));
#2318 = IFCCARTESIANPOINT ((-0.281227, -0.382245, 0.00713));
#2314 = IFCPOLYLOOP ((#2315, #2316, #2317, #2318));
#2313 = IFCFACEOUTERBOUND (#2314, .T.);
#2312 = IFCFACE ((#2313));
#2322 = IFCCARTESIANPOINT ((-0.28071, -0.384843, 0.02811));
#2323 = IFCCARTESIANPOINT ((-0.281227, -0.387441, 0.02811));
#2324 = IFCCARTESIANPOINT ((-0.281227, -0.387441, 0.00713));
#2325 = IFCCARTESIANPOINT ((-0.28071, -0.384843, 0.00713));
#2321 = IFCPOLYLOOP ((#2322, #2323, #2324, #2325));
#2320 = IFCFACEOUTERBOUND (#2321, .T.);
#2319 = IFCFACE ((#2320));
#2329 = IFCCARTESIANPOINT ((-0.281227, -0.387441, 0.00713));
#2330 = IFCCARTESIANPOINT ((-0.282699, -0.389644, 0.00713));
#2331 = IFCCARTESIANPOINT ((-0.284902, -0.391116, 0.00713));
#2332 = IFCCARTESIANPOINT ((-0.2875, -0.391633, 0.00713));
#2333 = IFCCARTESIANPOINT ((-0.290098, -0.391116, 0.00713));
#2334 = IFCCARTESIANPOINT ((-0.292301, -0.389644, 0.00713));
#2335 = IFCCARTESIANPOINT ((-0.293773, -0.387441, 0.00713));
#2336 = IFCCARTESIANPOINT ((-0.29429, -0.384843, 0.00713));
#2337 = IFCCARTESIANPOINT ((-0.293773, -0.382245, 0.00713));
#2338 = IFCCARTESIANPOINT ((-0.292301, -0.380042, 0.00713));
#2339 = IFCCARTESIANPOINT ((-0.290098, -0.37857, 0.00713));
#2340 = IFCCARTESIANPOINT ((-0.2875, -0.378053, 0.00713));
#2341 = IFCCARTESIANPOINT ((-0.284902, -0.37857, 0.00713));
#2342 = IFCCARTESIANPOINT ((-0.282699, -0.380042, 0.00713));
#2343 = IFCCARTESIANPOINT ((-0.281227, -0.382245, 0.00713));
#2344 = IFCCARTESIANPOINT ((-0.28071, -0.384843, 0.00713));
#2328 = IFCPOLYLOOP ((#2329, #2330, #2331, #2332, #2333, #2334, #2335, #2336, #2337, #2338, #2339, #2340, #2341, #2342, #2343, #2344));
#2327 = IFCFACEOUTERBOUND (#2328, .T.);
#2326 = IFCFACE ((#2327));
#2348 = IFCCARTESIANPOINT ((-0.28071, -0.384843, 0.02811));
#2349 = IFCCARTESIANPOINT ((-0.281227, -0.382245, 0.02811));
#2350 = IFCCARTESIANPOINT ((-0.282699, -0.380042, 0.02811));
#2351 = IFCCARTESIANPOINT ((-0.284902, -0.37857, 0.02811));
#2352 = IFCCARTESIANPOINT ((-0.2875, -0.378053, 0.02811));
#2353 = IFCCARTESIANPOINT ((-0.290098, -0.37857, 0.02811));
#2354 = IFCCARTESIANPOINT ((-0.292301, -0.380042, 0.02811));
#2355 = IFCCARTESIANPOINT ((-0.293773, -0.382245, 0.02811));
#2356 = IFCCARTESIANPOINT ((-0.29429, -0.384843, 0.02811));
#2357 = IFCCARTESIANPOINT ((-0.293773, -0.387441, 0.02811));
#2358 = IFCCARTESIANPOINT ((-0.292301, -0.389644, 0.02811));
#2359 = IFCCARTESIANPOINT ((-0.290098, -0.391116, 0.02811));
#2360 = IFCCARTESIANPOINT ((-0.2875, -0.391633, 0.02811));
#2361 = IFCCARTESIANPOINT ((-0.284902, -0.391116, 0.02811));
#2362 = IFCCARTESIANPOINT ((-0.282699, -0.389644, 0.02811));
#2363 = IFCCARTESIANPOINT ((-0.281227, -0.387441, 0.02811));
#2347 = IFCPOLYLOOP ((#2348, #2349, #2350, #2351, #2352, #2353, #2354, #2355, #2356, #2357, #2358, #2359, #2360, #2361, #2362, #2363));
#2346 = IFCFACEOUTERBOUND (#2347, .T.);
#2345 = IFCFACE ((#2346));
#2213 = IFCCLOSEDSHELL ((#2214, #2221, #2228, #2235, #2242, #2249, #2256, #2263, #2270, #2277, #2284, #2291, #2298, #2305, #2312, #2319, #2326, #2345));
#2212 = IFCFACETEDBREP (#2213);
#2369 = IFCCARTESIANPOINT ((0.315272, -0.396346, 0.00713));
#2370 = IFCCARTESIANPOINT ((0.308756, -0.406099, 0.00713));
#2371 = IFCCARTESIANPOINT ((0.308756, -0.406099, 0.));
#2372 = IFCCARTESIANPOINT ((0.315272, -0.396346, 0.));
#2368 = IFCPOLYLOOP ((#2369, #2370, #2371, #2372));
#2367 = IFCFACEOUTERBOUND (#2368, .T.);
#2366 = IFCFACE ((#2367));
#2376 = IFCCARTESIANPOINT ((0.308756, -0.406099, 0.00713));
#2377 = IFCCARTESIANPOINT ((0.299003, -0.412615, 0.00713));
#2378 = IFCCARTESIANPOINT ((0.299003, -0.412615, 0.));
#2379 = IFCCARTESIANPOINT ((0.308756, -0.406099, 0.));
#2375 = IFCPOLYLOOP ((#2376, #2377, #2378, #2379));
#2374 = IFCFACEOUTERBOUND (#2375, .T.);
#2373 = IFCFACE ((#2374));
#2383 = IFCCARTESIANPOINT ((0.299003, -0.412615, 0.00713));
#2384 = IFCCARTESIANPOINT ((0.2875, -0.414903, 0.00713));
#2385 = IFCCARTESIANPOINT ((0.2875, -0.414903, 0.));
#2386 = IFCCARTESIANPOINT ((0.299003, -0.412615, 0.));
#2382 = IFCPOLYLOOP ((#2383, #2384, #2385, #2386));
#2381 = IFCFACEOUTERBOUND (#2382, .T.);
#2380 = IFCFACE ((#2381));
#2390 = IFCCARTESIANPOINT ((0.2875, -0.414903, 0.00713));
#2391 = IFCCARTESIANPOINT ((0.275997, -0.412615, 0.00713));
#2392 = IFCCARTESIANPOINT ((0.275997, -0.412615, 0.));
#2393 = IFCCARTESIANPOINT ((0.2875, -0.414903, 0.));
#2389 = IFCPOLYLOOP ((#2390, #2391, #2392, #2393));
#2388 = IFCFACEOUTERBOUND (#2389, .T.);
#2387 = IFCFACE ((#2388));
#2397 = IFCCARTESIANPOINT ((0.275997, -0.412615, 0.00713));
#2398 = IFCCARTESIANPOINT ((0.266244, -0.406099, 0.00713));
#2399 = IFCCARTESIANPOINT ((0.266244, -0.406099, 0.));
#2400 = IFCCARTESIANPOINT ((0.275997, -0.412615, 0.));
#2396 = IFCPOLYLOOP ((#2397, #2398, #2399, #2400));
#2395 = IFCFACEOUTERBOUND (#2396, .T.);
#2394 = IFCFACE ((#2395));
#2404 = IFCCARTESIANPOINT ((0.266244, -0.406099, 0.00713));
#2405 = IFCCARTESIANPOINT ((0.259728, -0.396346, 0.00713));
#2406 = IFCCARTESIANPOINT ((0.259728, -0.396346, 0.));
#2407 = IFCCARTESIANPOINT ((0.266244, -0.406099, 0.));
#2403 = IFCPOLYLOOP ((#2404, #2405, #2406, #2407));
#2402 = IFCFACEOUTERBOUND (#2403, .T.);
#2401 = IFCFACE ((#2402));
#2411 = IFCCARTESIANPOINT ((0.259728, -0.396346, 0.00713));
#2412 = IFCCARTESIANPOINT ((0.25744, -0.384843, 0.00713));
#2413 = IFCCARTESIANPOINT ((0.25744, -0.384843, 0.));
#2414 = IFCCARTESIANPOINT ((0.259728, -0.396346, 0.));
#2410 = IFCPOLYLOOP ((#2411, #2412, #2413, #2414));
#2409 = IFCFACEOUTERBOUND (#2410, .T.);
#2408 = IFCFACE ((#2409));
#2418 = IFCCARTESIANPOINT ((0.25744, -0.384843, 0.00713));
#2419 = IFCCARTESIANPOINT ((0.259728, -0.37334, 0.00713));
#2420 = IFCCARTESIANPOINT ((0.259728, -0.37334, 0.));
#2421 = IFCCARTESIANPOINT ((0.25744, -0.384843, 0.));
#2417 = IFCPOLYLOOP ((#2418, #2419, #2420, #2421));
#2416 = IFCFACEOUTERBOUND (#2417, .T.);
#2415 = IFCFACE ((#2416));
#2425 = IFCCARTESIANPOINT ((0.259728, -0.37334, 0.00713));
#2426 = IFCCARTESIANPOINT ((0.266244, -0.363587, 0.00713));
#2427 = IFCCARTESIANPOINT ((0.266244, -0.363587, 0.));
#2428 = IFCCARTESIANPOINT ((0.259728, -0.37334, 0.));
#2424 = IFCPOLYLOOP ((#2425, #2426, #2427, #2428));
#2423 = IFCFACEOUTERBOUND (#2424, .T.);
#2422 = IFCFACE ((#2423));
#2432 = IFCCARTESIANPOINT ((0.266244, -0.363587, 0.00713));
#2433 = IFCCARTESIANPOINT ((0.275997, -0.357071, 0.00713));
#2434 = IFCCARTESIANPOINT ((0.275997, -0.357071, 0.));
#2435 = IFCCARTESIANPOINT ((0.266244, -0.363587, 0.));
#2431 = IFCPOLYLOOP ((#2432, #2433, #2434, #2435));
#2430 = IFCFACEOUTERBOUND (#2431, .T.);
#2429 = IFCFACE ((#2430));
#2439 = IFCCARTESIANPOINT ((0.275997, -0.357071, 0.00713));
#2440 = IFCCARTESIANPOINT ((0.2875, -0.354783, 0.00713));
#2441 = IFCCARTESIANPOINT ((0.2875, -0.354783, 0.));
#2442 = IFCCARTESIANPOINT ((0.275997, -0.357071, 0.));
#2438 = IFCPOLYLOOP ((#2439, #2440, #2441, #2442));
#2437 = IFCFACEOUTERBOUND (#2438, .T.);
#2436 = IFCFACE ((#2437));
#2446 = IFCCARTESIANPOINT ((0.2875, -0.354783, 0.00713));
#2447 = IFCCARTESIANPOINT ((0.299003, -0.357071, 0.00713));
#2448 = IFCCARTESIANPOINT ((0.299003, -0.357071, 0.));
#2449 = IFCCARTESIANPOINT ((0.2875, -0.354783, 0.));
#2445 = IFCPOLYLOOP ((#2446, #2447, #2448, #2449));
#2444 = IFCFACEOUTERBOUND (#2445, .T.);
#2443 = IFCFACE ((#2444));
#2453 = IFCCARTESIANPOINT ((0.299003, -0.357071, 0.00713));
#2454 = IFCCARTESIANPOINT ((0.308756, -0.363587, 0.00713));
#2455 = IFCCARTESIANPOINT ((0.308756, -0.363587, 0.));
#2456 = IFCCARTESIANPOINT ((0.299003, -0.357071, 0.));
#2452 = IFCPOLYLOOP ((#2453, #2454, #2455, #2456));
#2451 = IFCFACEOUTERBOUND (#2452, .T.);
#2450 = IFCFACE ((#2451));
#2460 = IFCCARTESIANPOINT ((0.308756, -0.363587, 0.00713));
#2461 = IFCCARTESIANPOINT ((0.315272, -0.37334, 0.00713));
#2462 = IFCCARTESIANPOINT ((0.315272, -0.37334, 0.));
#2463 = IFCCARTESIANPOINT ((0.308756, -0.363587, 0.));
#2459 = IFCPOLYLOOP ((#2460, #2461, #2462, #2463));
#2458 = IFCFACEOUTERBOUND (#2459, .T.);
#2457 = IFCFACE ((#2458));
#2467 = IFCCARTESIANPOINT ((0.315272, -0.37334, 0.00713));
#2468 = IFCCARTESIANPOINT ((0.31756, -0.384843, 0.00713));
#2469 = IFCCARTESIANPOINT ((0.31756, -0.384843, 0.));
#2470 = IFCCARTESIANPOINT ((0.315272, -0.37334, 0.));
#2466 = IFCPOLYLOOP ((#2467, #2468, #2469, #2470));
#2465 = IFCFACEOUTERBOUND (#2466, .T.);
#2464 = IFCFACE ((#2465));
#2474 = IFCCARTESIANPOINT ((0.31756, -0.384843, 0.00713));
#2475 = IFCCARTESIANPOINT ((0.315272, -0.396346, 0.00713));
#2476 = IFCCARTESIANPOINT ((0.315272, -0.396346, 0.));
#2477 = IFCCARTESIANPOINT ((0.31756, -0.384843, 0.));
#2473 = IFCPOLYLOOP ((#2474, #2475, #2476, #2477));
#2472 = IFCFACEOUTERBOUND (#2473, .T.);
#2471 = IFCFACE ((#2472));
#2481 = IFCCARTESIANPOINT ((0.315272, -0.396346, 0.));
#2482 = IFCCARTESIANPOINT ((0.308756, -0.406099, 0.));
#2483 = IFCCARTESIANPOINT ((0.299003, -0.412615, 0.));
#2484 = IFCCARTESIANPOINT ((0.2875, -0.414903, 0.));
#2485 = IFCCARTESIANPOINT ((0.275997, -0.412615, 0.));
#2486 = IFCCARTESIANPOINT ((0.266244, -0.406099, 0.));
#2487 = IFCCARTESIANPOINT ((0.259728, -0.396346, 0.));
#2488 = IFCCARTESIANPOINT ((0.25744, -0.384843, 0.));
#2489 = IFCCARTESIANPOINT ((0.259728, -0.37334, 0.));
#2490 = IFCCARTESIANPOINT ((0.266244, -0.363587, 0.));
#2491 = IFCCARTESIANPOINT ((0.275997, -0.357071, 0.));
#2492 = IFCCARTESIANPOINT ((0.2875, -0.354783, 0.));
#2493 = IFCCARTESIANPOINT ((0.299003, -0.357071, 0.));
#2494 = IFCCARTESIANPOINT ((0.308756, -0.363587, 0.));
#2495 = IFCCARTESIANPOINT ((0.315272, -0.37334, 0.));
#2496 = IFCCARTESIANPOINT ((0.31756, -0.384843, 0.));
#2480 = IFCPOLYLOOP ((#2481, #2482, #2483, #2484, #2485, #2486, #2487, #2488, #2489, #2490, #2491, #2492, #2493, #2494, #2495, #2496));
#2479 = IFCFACEOUTERBOUND (#2480, .T.);
#2478 = IFCFACE ((#2479));
#2500 = IFCCARTESIANPOINT ((0.31756, -0.384843, 0.00713));
#2501 = IFCCARTESIANPOINT ((0.315272, -0.37334, 0.00713));
#2502 = IFCCARTESIANPOINT ((0.308756, -0.363587, 0.00713));
#2503 = IFCCARTESIANPOINT ((0.299003, -0.357071, 0.00713));
#2504 = IFCCARTESIANPOINT ((0.2875, -0.354783, 0.00713));
#2505 = IFCCARTESIANPOINT ((0.275997, -0.357071, 0.00713));
#2506 = IFCCARTESIANPOINT ((0.266244, -0.363587, 0.00713));
#2507 = IFCCARTESIANPOINT ((0.259728, -0.37334, 0.00713));
#2508 = IFCCARTESIANPOINT ((0.25744, -0.384843, 0.00713));
#2509 = IFCCARTESIANPOINT ((0.259728, -0.396346, 0.00713));
#2510 = IFCCARTESIANPOINT ((0.266244, -0.406099, 0.00713));
#2511 = IFCCARTESIANPOINT ((0.275997, -0.412615, 0.00713));
#2512 = IFCCARTESIANPOINT ((0.2875, -0.414903, 0.00713));
#2513 = IFCCARTESIANPOINT ((0.299003, -0.412615, 0.00713));
#2514 = IFCCARTESIANPOINT ((0.308756, -0.406099, 0.00713));
#2515 = IFCCARTESIANPOINT ((0.315272, -0.396346, 0.00713));
#2499 = IFCPOLYLOOP ((#2500, #2501, #2502, #2503, #2504, #2505, #2506, #2507, #2508, #2509, #2510, #2511, #2512, #2513, #2514, #2515));
#2498 = IFCFACEOUTERBOUND (#2499, .T.);
#2497 = IFCFACE ((#2498));
#2365 = IFCCLOSEDSHELL ((#2366, #2373, #2380, #2387, #2394, #2401, #2408, #2415, #2422, #2429, #2436, #2443, #2450, #2457, #2464, #2471, #2478, #2497));
#2364 = IFCFACETEDBREP (#2365);
#2521 = IFCCARTESIANPOINT ((0.293773, -0.387441, 0.02811));
#2522 = IFCCARTESIANPOINT ((0.292301, -0.389644, 0.02811));
#2523 = IFCCARTESIANPOINT ((0.292301, -0.389644, 0.00713));
#2524 = IFCCARTESIANPOINT ((0.293773, -0.387441, 0.00713));
#2520 = IFCPOLYLOOP ((#2521, #2522, #2523, #2524));
#2519 = IFCFACEOUTERBOUND (#2520, .T.);
#2518 = IFCFACE ((#2519));
#2528 = IFCCARTESIANPOINT ((0.292301, -0.389644, 0.02811));
#2529 = IFCCARTESIANPOINT ((0.290098, -0.391116, 0.02811));
#2530 = IFCCARTESIANPOINT ((0.290098, -0.391116, 0.00713));
#2531 = IFCCARTESIANPOINT ((0.292301, -0.389644, 0.00713));
#2527 = IFCPOLYLOOP ((#2528, #2529, #2530, #2531));
#2526 = IFCFACEOUTERBOUND (#2527, .T.);
#2525 = IFCFACE ((#2526));
#2535 = IFCCARTESIANPOINT ((0.290098, -0.391116, 0.02811));
#2536 = IFCCARTESIANPOINT ((0.2875, -0.391633, 0.02811));
#2537 = IFCCARTESIANPOINT ((0.2875, -0.391633, 0.00713));
#2538 = IFCCARTESIANPOINT ((0.290098, -0.391116, 0.00713));
#2534 = IFCPOLYLOOP ((#2535, #2536, #2537, #2538));
#2533 = IFCFACEOUTERBOUND (#2534, .T.);
#2532 = IFCFACE ((#2533));
#2542 = IFCCARTESIANPOINT ((0.2875, -0.391633, 0.02811));
#2543 = IFCCARTESIANPOINT ((0.284902, -0.391116, 0.02811));
#2544 = IFCCARTESIANPOINT ((0.284902, -0.391116, 0.00713));
#2545 = IFCCARTESIANPOINT ((0.2875, -0.391633, 0.00713));
#2541 = IFCPOLYLOOP ((#2542, #2543, #2544, #2545));
#2540 = IFCFACEOUTERBOUND (#2541, .T.);
#2539 = IFCFACE ((#2540));
#2549 = IFCCARTESIANPOINT ((0.284902, -0.391116, 0.02811));
#2550 = IFCCARTESIANPOINT ((0.282699, -0.389644, 0.02811));
#2551 = IFCCARTESIANPOINT ((0.282699, -0.389644, 0.00713));
#2552 = IFCCARTESIANPOINT ((0.284902, -0.391116, 0.00713));
#2548 = IFCPOLYLOOP ((#2549, #2550, #2551, #2552));
#2547 = IFCFACEOUTERBOUND (#2548, .T.);
#2546 = IFCFACE ((#2547));
#2556 = IFCCARTESIANPOINT ((0.282699, -0.389644, 0.02811));
#2557 = IFCCARTESIANPOINT ((0.281227, -0.387441, 0.02811));
#2558 = IFCCARTESIANPOINT ((0.281227, -0.387441, 0.00713));
#2559 = IFCCARTESIANPOINT ((0.282699, -0.389644, 0.00713));
#2555 = IFCPOLYLOOP ((#2556, #2557, #2558, #2559));
#2554 = IFCFACEOUTERBOUND (#2555, .T.);
#2553 = IFCFACE ((#2554));
#2563 = IFCCARTESIANPOINT ((0.281227, -0.387441, 0.02811));
#2564 = IFCCARTESIANPOINT ((0.28071, -0.384843, 0.02811));
#2565 = IFCCARTESIANPOINT ((0.28071, -0.384843, 0.00713));
#2566 = IFCCARTESIANPOINT ((0.281227, -0.387441, 0.00713));
#2562 = IFCPOLYLOOP ((#2563, #2564, #2565, #2566));
#2561 = IFCFACEOUTERBOUND (#2562, .T.);
#2560 = IFCFACE ((#2561));
#2570 = IFCCARTESIANPOINT ((0.28071, -0.384843, 0.02811));
#2571 = IFCCARTESIANPOINT ((0.281227, -0.382245, 0.02811));
#2572 = IFCCARTESIANPOINT ((0.281227, -0.382245, 0.00713));
#2573 = IFCCARTESIANPOINT ((0.28071, -0.384843, 0.00713));
#2569 = IFCPOLYLOOP ((#2570, #2571, #2572, #2573));
#2568 = IFCFACEOUTERBOUND (#2569, .T.);
#2567 = IFCFACE ((#2568));
#2577 = IFCCARTESIANPOINT ((0.281227, -0.382245, 0.02811));
#2578 = IFCCARTESIANPOINT ((0.282699, -0.380042, 0.02811));
#2579 = IFCCARTESIANPOINT ((0.282699, -0.380042, 0.00713));
#2580 = IFCCARTESIANPOINT ((0.281227, -0.382245, 0.00713));
#2576 = IFCPOLYLOOP ((#2577, #2578, #2579, #2580));
#2575 = IFCFACEOUTERBOUND (#2576, .T.);
#2574 = IFCFACE ((#2575));
#2584 = IFCCARTESIANPOINT ((0.282699, -0.380042, 0.02811));
#2585 = IFCCARTESIANPOINT ((0.284902, -0.37857, 0.02811));
#2586 = IFCCARTESIANPOINT ((0.284902, -0.37857, 0.00713));
#2587 = IFCCARTESIANPOINT ((0.282699, -0.380042, 0.00713));
#2583 = IFCPOLYLOOP ((#2584, #2585, #2586, #2587));
#2582 = IFCFACEOUTERBOUND (#2583, .T.);
#2581 = IFCFACE ((#2582));
#2591 = IFCCARTESIANPOINT ((0.284902, -0.37857, 0.02811));
#2592 = IFCCARTESIANPOINT ((0.2875, -0.378053, 0.02811));
#2593 = IFCCARTESIANPOINT ((0.2875, -0.378053, 0.00713));
#2594 = IFCCARTESIANPOINT ((0.284902, -0.37857, 0.00713));
#2590 = IFCPOLYLOOP ((#2591, #2592, #2593, #2594));
#2589 = IFCFACEOUTERBOUND (#2590, .T.);
#2588 = IFCFACE ((#2589));
#2598 = IFCCARTESIANPOINT ((0.2875, -0.378053, 0.02811));
#2599 = IFCCARTESIANPOINT ((0.290098, -0.37857, 0.02811));
#2600 = IFCCARTESIANPOINT ((0.290098, -0.37857, 0.00713));
#2601 = IFCCARTESIANPOINT ((0.2875, -0.378053, 0.00713));
#2597 = IFCPOLYLOOP ((#2598, #2599, #2600, #2601));
#2596 = IFCFACEOUTERBOUND (#2597, .T.);
#2595 = IFCFACE ((#2596));
#2605 = IFCCARTESIANPOINT ((0.290098, -0.37857, 0.02811));
#2606 = IFCCARTESIANPOINT ((0.292301, -0.380042, 0.02811));
#2607 = IFCCARTESIANPOINT ((0.292301, -0.380042, 0.00713));
#2608 = IFCCARTESIANPOINT ((0.290098, -0.37857, 0.00713));
#2604 = IFCPOLYLOOP ((#2605, #2606, #2607, #2608));
#2603 = IFCFACEOUTERBOUND (#2604, .T.);
#2602 = IFCFACE ((#2603));
#2612 = IFCCARTESIANPOINT ((0.292301, -0.380042, 0.02811));
#2613 = IFCCARTESIANPOINT ((0.293773, -0.382245, 0.02811));
#2614 = IFCCARTESIANPOINT ((0.293773, -0.382245, 0.00713));
#2615 = IFCCARTESIANPOINT ((0.292301, -0.380042, 0.00713));
#2611 = IFCPOLYLOOP ((#2612, #2613, #2614, #2615));
#2610 = IFCFACEOUTERBOUND (#2611, .T.);
#2609 = IFCFACE ((#2610));
#2619 = IFCCARTESIANPOINT ((0.293773, -0.382245, 0.02811));
#2620 = IFCCARTESIANPOINT ((0.29429, -0.384843, 0.02811));
#2621 = IFCCARTESIANPOINT ((0.29429, -0.384843, 0.00713));
#2622 = IFCCARTESIANPOINT ((0.293773, -0.382245, 0.00713));
#2618 = IFCPOLYLOOP ((#2619, #2620, #2621, #2622));
#2617 = IFCFACEOUTERBOUND (#2618, .T.);
#2616 = IFCFACE ((#2617));
#2626 = IFCCARTESIANPOINT ((0.29429, -0.384843, 0.02811));
#2627 = IFCCARTESIANPOINT ((0.293773, -0.387441, 0.02811));
#2628 = IFCCARTESIANPOINT ((0.293773, -0.387441, 0.00713));
#2629 = IFCCARTESIANPOINT ((0.29429, -0.384843, 0.00713));
#2625 = IFCPOLYLOOP ((#2626, #2627, #2628, #2629));
#2624 = IFCFACEOUTERBOUND (#2625, .T.);
#2623 = IFCFACE ((#2624));
#2633 = IFCCARTESIANPOINT ((0.293773, -0.387441, 0.00713));
#2634 = IFCCARTESIANPOINT ((0.292301, -0.389644, 0.00713));
#2635 = IFCCARTESIANPOINT ((0.290098, -0.391116, 0.00713));
#2636 = IFCCARTESIANPOINT ((0.2875, -0.391633, 0.00713));
#2637 = IFCCARTESIANPOINT ((0.284902, -0.391116, 0.00713));
#2638 = IFCCARTESIANPOINT ((0.282699, -0.389644, 0.00713));
#2639 = IFCCARTESIANPOINT ((0.281227, -0.387441, 0.00713));
#2640 = IFCCARTESIANPOINT ((0.28071, -0.384843, 0.00713));
#2641 = IFCCARTESIANPOINT ((0.281227, -0.382245, 0.00713));
#2642 = IFCCARTESIANPOINT ((0.282699, -0.380042, 0.00713));
#2643 = IFCCARTESIANPOINT ((0.284902, -0.37857, 0.00713));
#2644 = IFCCARTESIANPOINT ((0.2875, -0.378053, 0.00713));
#2645 = IFCCARTESIANPOINT ((0.290098, -0.37857, 0.00713));
#2646 = IFCCARTESIANPOINT ((0.292301, -0.380042, 0.00713));
#2647 = IFCCARTESIANPOINT ((0.293773, -0.382245, 0.00713));
#2648 = IFCCARTESIANPOINT ((0.29429, -0.384843, 0.00713));
#2632 = IFCPOLYLOOP ((#2633, #2634, #2635, #2636, #2637, #2638, #2639, #2640, #2641, #2642, #2643, #2644, #2645, #2646, #2647, #2648));
#2631 = IFCFACEOUTERBOUND (#2632, .T.);
#2630 = IFCFACE ((#2631));
#2652 = IFCCARTESIANPOINT ((0.29429, -0.384843, 0.02811));
#2653 = IFCCARTESIANPOINT ((0.293773, -0.382245, 0.02811));
#2654 = IFCCARTESIANPOINT ((0.292301, -0.380042, 0.02811));
#2655 = IFCCARTESIANPOINT ((0.290098, -0.37857, 0.02811));
#2656 = IFCCARTESIANPOINT ((0.2875, -0.378053, 0.02811));
#2657 = IFCCARTESIANPOINT ((0.284902, -0.37857, 0.02811));
#2658 = IFCCARTESIANPOINT ((0.282699, -0.380042, 0.02811));
#2659 = IFCCARTESIANPOINT ((0.281227, -0.382245, 0.02811));
#2660 = IFCCARTESIANPOINT ((0.28071, -0.384843, 0.02811));
#2661 = IFCCARTESIANPOINT ((0.281227, -0.387441, 0.02811));
#2662 = IFCCARTESIANPOINT ((0.282699, -0.389644, 0.02811));
#2663 = IFCCARTESIANPOINT ((0.284902, -0.391116, 0.02811));
#2664 = IFCCARTESIANPOINT ((0.2875, -0.391633, 0.02811));
#2665 = IFCCARTESIANPOINT ((0.290098, -0.391116, 0.02811));
#2666 = IFCCARTESIANPOINT ((0.292301, -0.389644, 0.02811));
#2667 = IFCCARTESIANPOINT ((0.293773, -0.387441, 0.02811));
#2651 = IFCPOLYLOOP ((#2652, #2653, #2654, #2655, #2656, #2657, #2658, #2659, #2660, #2661, #2662, #2663, #2664, #2665, #2666, #2667));
#2650 = IFCFACEOUTERBOUND (#2651, .T.);
#2649 = IFCFACE ((#2650));
#2517 = IFCCLOSEDSHELL ((#2518, #2525, #2532, #2539, #2546, #2553, #2560, #2567, #2574, #2581, #2588, #2595, #2602, #2609, #2616, #2623, #2630, #2649));
#2516 = IFCFACETEDBREP (#2517);
#2673 = IFCCARTESIANPOINT ((0.315272, -0.126346, 0.00713));
#2674 = IFCCARTESIANPOINT ((0.308756, -0.136099, 0.00713));
#2675 = IFCCARTESIANPOINT ((0.308756, -0.136099, 0.));
#2676 = IFCCARTESIANPOINT ((0.315272, -0.126346, 0.));
#2672 = IFCPOLYLOOP ((#2673, #2674, #2675, #2676));
#2671 = IFCFACEOUTERBOUND (#2672, .T.);
#2670 = IFCFACE ((#2671));
#2680 = IFCCARTESIANPOINT ((0.308756, -0.136099, 0.00713));
#2681 = IFCCARTESIANPOINT ((0.299003, -0.142615, 0.00713));
#2682 = IFCCARTESIANPOINT ((0.299003, -0.142615, 0.));
#2683 = IFCCARTESIANPOINT ((0.308756, -0.136099, 0.));
#2679 = IFCPOLYLOOP ((#2680, #2681, #2682, #2683));
#2678 = IFCFACEOUTERBOUND (#2679, .T.);
#2677 = IFCFACE ((#2678));
#2687 = IFCCARTESIANPOINT ((0.299003, -0.142615, 0.00713));
#2688 = IFCCARTESIANPOINT ((0.2875, -0.144903, 0.00713));
#2689 = IFCCARTESIANPOINT ((0.2875, -0.144903, 0.));
#2690 = IFCCARTESIANPOINT ((0.299003, -0.142615, 0.));
#2686 = IFCPOLYLOOP ((#2687, #2688, #2689, #2690));
#2685 = IFCFACEOUTERBOUND (#2686, .T.);
#2684 = IFCFACE ((#2685));
#2694 = IFCCARTESIANPOINT ((0.2875, -0.144903, 0.00713));
#2695 = IFCCARTESIANPOINT ((0.275997, -0.142615, 0.00713));
#2696 = IFCCARTESIANPOINT ((0.275997, -0.142615, 0.));
#2697 = IFCCARTESIANPOINT ((0.2875, -0.144903, 0.));
#2693 = IFCPOLYLOOP ((#2694, #2695, #2696, #2697));
#2692 = IFCFACEOUTERBOUND (#2693, .T.);
#2691 = IFCFACE ((#2692));
#2701 = IFCCARTESIANPOINT ((0.275997, -0.142615, 0.00713));
#2702 = IFCCARTESIANPOINT ((0.266244, -0.136099, 0.00713));
#2703 = IFCCARTESIANPOINT ((0.266244, -0.136099, 0.));
#2704 = IFCCARTESIANPOINT ((0.275997, -0.142615, 0.));
#2700 = IFCPOLYLOOP ((#2701, #2702, #2703, #2704));
#2699 = IFCFACEOUTERBOUND (#2700, .T.);
#2698 = IFCFACE ((#2699));
#2708 = IFCCARTESIANPOINT ((0.266244, -0.136099, 0.00713));
#2709 = IFCCARTESIANPOINT ((0.259728, -0.126346, 0.00713));
#2710 = IFCCARTESIANPOINT ((0.259728, -0.126346, 0.));
#2711 = IFCCARTESIANPOINT ((0.266244, -0.136099, 0.));
#2707 = IFCPOLYLOOP ((#2708, #2709, #2710, #2711));
#2706 = IFCFACEOUTERBOUND (#2707, .T.);
#2705 = IFCFACE ((#2706));
#2715 = IFCCARTESIANPOINT ((0.259728, -0.126346, 0.00713));
#2716 = IFCCARTESIANPOINT ((0.25744, -0.114843, 0.00713));
#2717 = IFCCARTESIANPOINT ((0.25744, -0.114843, 0.));
#2718 = IFCCARTESIANPOINT ((0.259728, -0.126346, 0.));
#2714 = IFCPOLYLOOP ((#2715, #2716, #2717, #2718));
#2713 = IFCFACEOUTERBOUND (#2714, .T.);
#2712 = IFCFACE ((#2713));
#2722 = IFCCARTESIANPOINT ((0.25744, -0.114843, 0.00713));
#2723 = IFCCARTESIANPOINT ((0.259728, -0.10334, 0.00713));
#2724 = IFCCARTESIANPOINT ((0.259728, -0.10334, 0.));
#2725 = IFCCARTESIANPOINT ((0.25744, -0.114843, 0.));
#2721 = IFCPOLYLOOP ((#2722, #2723, #2724, #2725));
#2720 = IFCFACEOUTERBOUND (#2721, .T.);
#2719 = IFCFACE ((#2720));
#2729 = IFCCARTESIANPOINT ((0.259728, -0.10334, 0.00713));
#2730 = IFCCARTESIANPOINT ((0.266244, -0.0935874, 0.00713));
#2731 = IFCCARTESIANPOINT ((0.266244, -0.0935874, 0.));
#2732 = IFCCARTESIANPOINT ((0.259728, -0.10334, 0.));
#2728 = IFCPOLYLOOP ((#2729, #2730, #2731, #2732));
#2727 = IFCFACEOUTERBOUND (#2728, .T.);
#2726 = IFCFACE ((#2727));
#2736 = IFCCARTESIANPOINT ((0.266244, -0.0935874, 0.00713));
#2737 = IFCCARTESIANPOINT ((0.275997, -0.0870712, 0.00713));
#2738 = IFCCARTESIANPOINT ((0.275997, -0.0870712, 0.));
#2739 = IFCCARTESIANPOINT ((0.266244, -0.0935874, 0.));
#2735 = IFCPOLYLOOP ((#2736, #2737, #2738, #2739));
#2734 = IFCFACEOUTERBOUND (#2735, .T.);
#2733 = IFCFACE ((#2734));
#2743 = IFCCARTESIANPOINT ((0.275997, -0.0870712, 0.00713));
#2744 = IFCCARTESIANPOINT ((0.2875, -0.084783, 0.00713));
#2745 = IFCCARTESIANPOINT ((0.2875, -0.084783, 0.));
#2746 = IFCCARTESIANPOINT ((0.275997, -0.0870712, 0.));
#2742 = IFCPOLYLOOP ((#2743, #2744, #2745, #2746));
#2741 = IFCFACEOUTERBOUND (#2742, .T.);
#2740 = IFCFACE ((#2741));
#2750 = IFCCARTESIANPOINT ((0.2875, -0.084783, 0.00713));
#2751 = IFCCARTESIANPOINT ((0.299003, -0.0870712, 0.00713));
#2752 = IFCCARTESIANPOINT ((0.299003, -0.0870712, 0.));
#2753 = IFCCARTESIANPOINT ((0.2875, -0.084783, 0.));
#2749 = IFCPOLYLOOP ((#2750, #2751, #2752, #2753));
#2748 = IFCFACEOUTERBOUND (#2749, .T.);
#2747 = IFCFACE ((#2748));
#2757 = IFCCARTESIANPOINT ((0.299003, -0.0870712, 0.00713));
#2758 = IFCCARTESIANPOINT ((0.308756, -0.0935874, 0.00713));
#2759 = IFCCARTESIANPOINT ((0.308756, -0.0935874, 0.));
#2760 = IFCCARTESIANPOINT ((0.299003, -0.0870712, 0.));
#2756 = IFCPOLYLOOP ((#2757, #2758, #2759, #2760));
#2755 = IFCFACEOUTERBOUND (#2756, .T.);
#2754 = IFCFACE ((#2755));
#2764 = IFCCARTESIANPOINT ((0.308756, -0.0935874, 0.00713));
#2765 = IFCCARTESIANPOINT ((0.315272, -0.10334, 0.00713));
#2766 = IFCCARTESIANPOINT ((0.315272, -0.10334, 0.));
#2767 = IFCCARTESIANPOINT ((0.308756, -0.0935874, 0.));
#2763 = IFCPOLYLOOP ((#2764, #2765, #2766, #2767));
#2762 = IFCFACEOUTERBOUND (#2763, .T.);
#2761 = IFCFACE ((#2762));
#2771 = IFCCARTESIANPOINT ((0.315272, -0.10334, 0.00713));
#2772 = IFCCARTESIANPOINT ((0.31756, -0.114843, 0.00713));
#2773 = IFCCARTESIANPOINT ((0.31756, -0.114843, 0.));
#2774 = IFCCARTESIANPOINT ((0.315272, -0.10334, 0.));
#2770 = IFCPOLYLOOP ((#2771, #2772, #2773, #2774));
#2769 = IFCFACEOUTERBOUND (#2770, .T.);
#2768 = IFCFACE ((#2769));
#2778 = IFCCARTESIANPOINT ((0.31756, -0.114843, 0.00713));
#2779 = IFCCARTESIANPOINT ((0.315272, -0.126346, 0.00713));
#2780 = IFCCARTESIANPOINT ((0.315272, -0.126346, 0.));
#2781 = IFCCARTESIANPOINT ((0.31756, -0.114843, 0.));
#2777 = IFCPOLYLOOP ((#2778, #2779, #2780, #2781));
#2776 = IFCFACEOUTERBOUND (#2777, .T.);
#2775 = IFCFACE ((#2776));
#2785 = IFCCARTESIANPOINT ((0.315272, -0.126346, 0.));
#2786 = IFCCARTESIANPOINT ((0.308756, -0.136099, 0.));
#2787 = IFCCARTESIANPOINT ((0.299003, -0.142615, 0.));
#2788 = IFCCARTESIANPOINT ((0.2875, -0.144903, 0.));
#2789 = IFCCARTESIANPOINT ((0.275997, -0.142615, 0.));
#2790 = IFCCARTESIANPOINT ((0.266244, -0.136099, 0.));
#2791 = IFCCARTESIANPOINT ((0.259728, -0.126346, 0.));
#2792 = IFCCARTESIANPOINT ((0.25744, -0.114843, 0.));
#2793 = IFCCARTESIANPOINT ((0.259728, -0.10334, 0.));
#2794 = IFCCARTESIANPOINT ((0.266244, -0.0935874, 0.));
#2795 = IFCCARTESIANPOINT ((0.275997, -0.0870712, 0.));
#2796 = IFCCARTESIANPOINT ((0.2875, -0.084783, 0.));
#2797 = IFCCARTESIANPOINT ((0.299003, -0.0870712, 0.));
#2798 = IFCCARTESIANPOINT ((0.308756, -0.0935874, 0.));
#2799 = IFCCARTESIANPOINT ((0.315272, -0.10334, 0.));
#2800 = IFCCARTESIANPOINT ((0.31756, -0.114843, 0.));
#2784 = IFCPOLYLOOP ((#2785, #2786, #2787, #2788, #2789, #2790, #2791, #2792, #2793, #2794, #2795, #2796, #2797, #2798, #2799, #2800));
#2783 = IFCFACEOUTERBOUND (#2784, .T.);
#2782 = IFCFACE ((#2783));
#2804 = IFCCARTESIANPOINT ((0.31756, -0.114843, 0.00713));
#2805 = IFCCARTESIANPOINT ((0.315272, -0.10334, 0.00713));
#2806 = IFCCARTESIANPOINT ((0.308756, -0.0935874, 0.00713));
#2807 = IFCCARTESIANPOINT ((0.299003, -0.0870712, 0.00713));
#2808 = IFCCARTESIANPOINT ((0.2875, -0.084783, 0.00713));
#2809 = IFCCARTESIANPOINT ((0.275997, -0.0870712, 0.00713));
#2810 = IFCCARTESIANPOINT ((0.266244, -0.0935874, 0.00713));
#2811 = IFCCARTESIANPOINT ((0.259728, -0.10334, 0.00713));
#2812 = IFCCARTESIANPOINT ((0.25744, -0.114843, 0.00713));
#2813 = IFCCARTESIANPOINT ((0.259728, -0.126346, 0.00713));
#2814 = IFCCARTESIANPOINT ((0.266244, -0.136099, 0.00713));
#2815 = IFCCARTESIANPOINT ((0.275997, -0.142615, 0.00713));
#2816 = IFCCARTESIANPOINT ((0.2875, -0.144903, 0.00713));
#2817 = IFCCARTESIANPOINT ((0.299003, -0.142615, 0.00713));
#2818 = IFCCARTESIANPOINT ((0.308756, -0.136099, 0.00713));
#2819 = IFCCARTESIANPOINT ((0.315272, -0.126346, 0.00713));
#2803 = IFCPOLYLOOP ((#2804, #2805, #2806, #2807, #2808, #2809, #2810, #2811, #2812, #2813, #2814, #2815, #2816, #2817, #2818, #2819));
#2802 = IFCFACEOUTERBOUND (#2803, .T.);
#2801 = IFCFACE ((#2802));
#2669 = IFCCLOSEDSHELL ((#2670, #2677, #2684, #2691, #2698, #2705, #2712, #2719, #2726, #2733, #2740, #2747, #2754, #2761, #2768, #2775, #2782, #2801));
#2668 = IFCFACETEDBREP (#2669);
#2825 = IFCCARTESIANPOINT ((0.293773, -0.117441, 0.028112));
#2826 = IFCCARTESIANPOINT ((0.292301, -0.119644, 0.028112));
#2827 = IFCCARTESIANPOINT ((0.292301, -0.119644, 0.007132));
#2828 = IFCCARTESIANPOINT ((0.293773, -0.117441, 0.007132));
#2824 = IFCPOLYLOOP ((#2825, #2826, #2827, #2828));
#2823 = IFCFACEOUTERBOUND (#2824, .T.);
#2822 = IFCFACE ((#2823));
#2832 = IFCCARTESIANPOINT ((0.292301, -0.119644, 0.028112));
#2833 = IFCCARTESIANPOINT ((0.290098, -0.121116, 0.028112));
#2834 = IFCCARTESIANPOINT ((0.290098, -0.121116, 0.007132));
#2835 = IFCCARTESIANPOINT ((0.292301, -0.119644, 0.007132));
#2831 = IFCPOLYLOOP ((#2832, #2833, #2834, #2835));
#2830 = IFCFACEOUTERBOUND (#2831, .T.);
#2829 = IFCFACE ((#2830));
#2839 = IFCCARTESIANPOINT ((0.290098, -0.121116, 0.028112));
#2840 = IFCCARTESIANPOINT ((0.2875, -0.121633, 0.028112));
#2841 = IFCCARTESIANPOINT ((0.2875, -0.121633, 0.007132));
#2842 = IFCCARTESIANPOINT ((0.290098, -0.121116, 0.007132));
#2838 = IFCPOLYLOOP ((#2839, #2840, #2841, #2842));
#2837 = IFCFACEOUTERBOUND (#2838, .T.);
#2836 = IFCFACE ((#2837));
#2846 = IFCCARTESIANPOINT ((0.2875, -0.121633, 0.028112));
#2847 = IFCCARTESIANPOINT ((0.284902, -0.121116, 0.028112));
#2848 = IFCCARTESIANPOINT ((0.284902, -0.121116, 0.007132));
#2849 = IFCCARTESIANPOINT ((0.2875, -0.121633, 0.007132));
#2845 = IFCPOLYLOOP ((#2846, #2847, #2848, #2849));
#2844 = IFCFACEOUTERBOUND (#2845, .T.);
#2843 = IFCFACE ((#2844));
#2853 = IFCCARTESIANPOINT ((0.284902, -0.121116, 0.028112));
#2854 = IFCCARTESIANPOINT ((0.282699, -0.119644, 0.028112));
#2855 = IFCCARTESIANPOINT ((0.282699, -0.119644, 0.007132));
#2856 = IFCCARTESIANPOINT ((0.284902, -0.121116, 0.007132));
#2852 = IFCPOLYLOOP ((#2853, #2854, #2855, #2856));
#2851 = IFCFACEOUTERBOUND (#2852, .T.);
#2850 = IFCFACE ((#2851));
#2860 = IFCCARTESIANPOINT ((0.282699, -0.119644, 0.028112));
#2861 = IFCCARTESIANPOINT ((0.281227, -0.117441, 0.028112));
#2862 = IFCCARTESIANPOINT ((0.281227, -0.117441, 0.007132));
#2863 = IFCCARTESIANPOINT ((0.282699, -0.119644, 0.007132));
#2859 = IFCPOLYLOOP ((#2860, #2861, #2862, #2863));
#2858 = IFCFACEOUTERBOUND (#2859, .T.);
#2857 = IFCFACE ((#2858));
#2867 = IFCCARTESIANPOINT ((0.281227, -0.117441, 0.028112));
#2868 = IFCCARTESIANPOINT ((0.28071, -0.114843, 0.028112));
#2869 = IFCCARTESIANPOINT ((0.28071, -0.114843, 0.007132));
#2870 = IFCCARTESIANPOINT ((0.281227, -0.117441, 0.007132));
#2866 = IFCPOLYLOOP ((#2867, #2868, #2869, #2870));
#2865 = IFCFACEOUTERBOUND (#2866, .T.);
#2864 = IFCFACE ((#2865));
#2874 = IFCCARTESIANPOINT ((0.28071, -0.114843, 0.028112));
#2875 = IFCCARTESIANPOINT ((0.281227, -0.112245, 0.028112));
#2876 = IFCCARTESIANPOINT ((0.281227, -0.112245, 0.007132));
#2877 = IFCCARTESIANPOINT ((0.28071, -0.114843, 0.007132));
#2873 = IFCPOLYLOOP ((#2874, #2875, #2876, #2877));
#2872 = IFCFACEOUTERBOUND (#2873, .T.);
#2871 = IFCFACE ((#2872));
#2881 = IFCCARTESIANPOINT ((0.281227, -0.112245, 0.028112));
#2882 = IFCCARTESIANPOINT ((0.282699, -0.110042, 0.028112));
#2883 = IFCCARTESIANPOINT ((0.282699, -0.110042, 0.007132));
#2884 = IFCCARTESIANPOINT ((0.281227, -0.112245, 0.007132));
#2880 = IFCPOLYLOOP ((#2881, #2882, #2883, #2884));
#2879 = IFCFACEOUTERBOUND (#2880, .T.);
#2878 = IFCFACE ((#2879));
#2888 = IFCCARTESIANPOINT ((0.282699, -0.110042, 0.028112));
#2889 = IFCCARTESIANPOINT ((0.284902, -0.10857, 0.028112));
#2890 = IFCCARTESIANPOINT ((0.284902, -0.10857, 0.007132));
#2891 = IFCCARTESIANPOINT ((0.282699, -0.110042, 0.007132));
#2887 = IFCPOLYLOOP ((#2888, #2889, #2890, #2891));
#2886 = IFCFACEOUTERBOUND (#2887, .T.);
#2885 = IFCFACE ((#2886));
#2895 = IFCCARTESIANPOINT ((0.284902, -0.10857, 0.028112));
#2896 = IFCCARTESIANPOINT ((0.2875, -0.108053, 0.028112));
#2897 = IFCCARTESIANPOINT ((0.2875, -0.108053, 0.007132));
#2898 = IFCCARTESIANPOINT ((0.284902, -0.10857, 0.007132));
#2894 = IFCPOLYLOOP ((#2895, #2896, #2897, #2898));
#2893 = IFCFACEOUTERBOUND (#2894, .T.);
#2892 = IFCFACE ((#2893));
#2902 = IFCCARTESIANPOINT ((0.2875, -0.108053, 0.028112));
#2903 = IFCCARTESIANPOINT ((0.290098, -0.10857, 0.028112));
#2904 = IFCCARTESIANPOINT ((0.290098, -0.10857, 0.007132));
#2905 = IFCCARTESIANPOINT ((0.2875, -0.108053, 0.007132));
#2901 = IFCPOLYLOOP ((#2902, #2903, #2904, #2905));
#2900 = IFCFACEOUTERBOUND (#2901, .T.);
#2899 = IFCFACE ((#2900));
#2909 = IFCCARTESIANPOINT ((0.290098, -0.10857, 0.028112));
#2910 = IFCCARTESIANPOINT ((0.292301, -0.110042, 0.028112));
#2911 = IFCCARTESIANPOINT ((0.292301, -0.110042, 0.007132));
#2912 = IFCCARTESIANPOINT ((0.290098, -0.10857, 0.007132));
#2908 = IFCPOLYLOOP ((#2909, #2910, #2911, #2912));
#2907 = IFCFACEOUTERBOUND (#2908, .T.);
#2906 = IFCFACE ((#2907));
#2916 = IFCCARTESIANPOINT ((0.292301, -0.110042, 0.028112));
#2917 = IFCCARTESIANPOINT ((0.293773, -0.112245, 0.028112));
#2918 = IFCCARTESIANPOINT ((0.293773, -0.112245, 0.007132));
#2919 = IFCCARTESIANPOINT ((0.292301, -0.110042, 0.007132));
#2915 = IFCPOLYLOOP ((#2916, #2917, #2918, #2919));
#2914 = IFCFACEOUTERBOUND (#2915, .T.);
#2913 = IFCFACE ((#2914));
#2923 = IFCCARTESIANPOINT ((0.293773, -0.112245, 0.028112));
#2924 = IFCCARTESIANPOINT ((0.29429, -0.114843, 0.028112));
#2925 = IFCCARTESIANPOINT ((0.29429, -0.114843, 0.007132));
#2926 = IFCCARTESIANPOINT ((0.293773, -0.112245, 0.007132));
#2922 = IFCPOLYLOOP ((#2923, #2924, #2925, #2926));
#2921 = IFCFACEOUTERBOUND (#2922, .T.);
#2920 = IFCFACE ((#2921));
#2930 = IFCCARTESIANPOINT ((0.29429, -0.114843, 0.028112));
#2931 = IFCCARTESIANPOINT ((0.293773, -0.117441, 0.028112));
#2932 = IFCCARTESIANPOINT ((0.293773, -0.117441, 0.007132));
#2933 = IFCCARTESIANPOINT ((0.29429, -0.114843, 0.007132));
#2929 = IFCPOLYLOOP ((#2930, #2931, #2932, #2933));
#2928 = IFCFACEOUTERBOUND (#2929, .T.);
#2927 = IFCFACE ((#2928));
#2937 = IFCCARTESIANPOINT ((0.293773, -0.117441, 0.007132));
#2938 = IFCCARTESIANPOINT ((0.292301, -0.119644, 0.007132));
#2939 = IFCCARTESIANPOINT ((0.290098, -0.121116, 0.007132));
#2940 = IFCCARTESIANPOINT ((0.2875, -0.121633, 0.007132));
#2941 = IFCCARTESIANPOINT ((0.284902, -0.121116, 0.007132));
#2942 = IFCCARTESIANPOINT ((0.282699, -0.119644, 0.007132));
#2943 = IFCCARTESIANPOINT ((0.281227, -0.117441, 0.007132));
#2944 = IFCCARTESIANPOINT ((0.28071, -0.114843, 0.007132));
#2945 = IFCCARTESIANPOINT ((0.281227, -0.112245, 0.007132));
#2946 = IFCCARTESIANPOINT ((0.282699, -0.110042, 0.007132));
#2947 = IFCCARTESIANPOINT ((0.284902, -0.10857, 0.007132));
#2948 = IFCCARTESIANPOINT ((0.2875, -0.108053, 0.007132));
#2949 = IFCCARTESIANPOINT ((0.290098, -0.10857, 0.007132));
#2950 = IFCCARTESIANPOINT ((0.292301, -0.110042, 0.007132));
#2951 = IFCCARTESIANPOINT ((0.293773, -0.112245, 0.007132));
#2952 = IFCCARTESIANPOINT ((0.29429, -0.114843, 0.007132));
#2936 = IFCPOLYLOOP ((#2937, #2938, #2939, #2940, #2941, #2942, #2943, #2944, #2945, #2946, #2947, #2948, #2949, #2950, #2951, #2952));
#2935 = IFCFACEOUTERBOUND (#2936, .T.);
#2934 = IFCFACE ((#2935));
#2956 = IFCCARTESIANPOINT ((0.29429, -0.114843, 0.028112));
#2957 = IFCCARTESIANPOINT ((0.293773, -0.112245, 0.028112));
#2958 = IFCCARTESIANPOINT ((0.292301, -0.110042, 0.028112));
#2959 = IFCCARTESIANPOINT ((0.290098, -0.10857, 0.028112));
#2960 = IFCCARTESIANPOINT ((0.2875, -0.108053, 0.028112));
#2961 = IFCCARTESIANPOINT ((0.284902, -0.10857, 0.028112));
#2962 = IFCCARTESIANPOINT ((0.282699, -0.110042, 0.028112));
#2963 = IFCCARTESIANPOINT ((0.281227, -0.112245, 0.028112));
#2964 = IFCCARTESIANPOINT ((0.28071, -0.114843, 0.028112));
#2965 = IFCCARTESIANPOINT ((0.281227, -0.117441, 0.028112));
#2966 = IFCCARTESIANPOINT ((0.282699, -0.119644, 0.028112));
#2967 = IFCCARTESIANPOINT ((0.284902, -0.121116, 0.028112));
#2968 = IFCCARTESIANPOINT ((0.2875, -0.121633, 0.028112));
#2969 = IFCCARTESIANPOINT ((0.290098, -0.121116, 0.028112));
#2970 = IFCCARTESIANPOINT ((0.292301, -0.119644, 0.028112));
#2971 = IFCCARTESIANPOINT ((0.293773, -0.117441, 0.028112));
#2955 = IFCPOLYLOOP ((#2956, #2957, #2958, #2959, #2960, #2961, #2962, #2963, #2964, #2965, #2966, #2967, #2968, #2969, #2970, #2971));
#2954 = IFCFACEOUTERBOUND (#2955, .T.);
#2953 = IFCFACE ((#2954));
#2821 = IFCCLOSEDSHELL ((#2822, #2829, #2836, #2843, #2850, #2857, #2864, #2871, #2878, #2885, #2892, #2899, #2906, #2913, #2920, #2927, #2934, #2953));
#2820 = IFCFACETEDBREP (#2821);
#2977 = IFCCARTESIANPOINT ((0.2695, -0.369973, 0.0281137));
#2978 = IFCCARTESIANPOINT ((0.3055, -0.369973, 0.0281137));
#2979 = IFCCARTESIANPOINT ((0.3055, -0.397723, 0.0281137));
#2980 = IFCCARTESIANPOINT ((0.2695, -0.397723, 0.0281137));
#2976 = IFCPOLYLOOP ((#2977, #2978, #2979, #2980));
#2975 = IFCFACEOUTERBOUND (#2976, .T.);
#2974 = IFCFACE ((#2975));
#2984 = IFCCARTESIANPOINT ((0.2695, -0.369973, 0.0281137));
#2985 = IFCCARTESIANPOINT ((0.2695, -0.369973, 0.929094));
#2986 = IFCCARTESIANPOINT ((0.3055, -0.369973, 0.929094));
#2987 = IFCCARTESIANPOINT ((0.3055, -0.369973, 0.0281137));
#2983 = IFCPOLYLOOP ((#2984, #2985, #2986, #2987));
#2982 = IFCFACEOUTERBOUND (#2983, .T.);
#2981 = IFCFACE ((#2982));
#2991 = IFCCARTESIANPOINT ((0.3055, -0.397723, 0.0281137));
#2992 = IFCCARTESIANPOINT ((0.3055, -0.369973, 0.0281137));
#2993 = IFCCARTESIANPOINT ((0.3055, -0.369973, 0.929094));
#2994 = IFCCARTESIANPOINT ((0.3055, -0.397723, 0.929094));
#2990 = IFCPOLYLOOP ((#2991, #2992, #2993, #2994));
#2989 = IFCFACEOUTERBOUND (#2990, .T.);
#2988 = IFCFACE ((#2989));
#2998 = IFCCARTESIANPOINT ((0.2695, -0.397723, 0.0281137));
#2999 = IFCCARTESIANPOINT ((0.3055, -0.397723, 0.0281137));
#3000 = IFCCARTESIANPOINT ((0.3055, -0.397723, 0.929094));
#3001 = IFCCARTESIANPOINT ((0.2695, -0.397723, 0.929094));
#2997 = IFCPOLYLOOP ((#2998, #2999, #3000, #3001));
#2996 = IFCFACEOUTERBOUND (#2997, .T.);
#2995 = IFCFACE ((#2996));
#3005 = IFCCARTESIANPOINT ((0.2695, -0.369973, 0.0281137));
#3006 = IFCCARTESIANPOINT ((0.2695, -0.397723, 0.0281137));
#3007 = IFCCARTESIANPOINT ((0.2695, -0.397723, 0.929094));
#3008 = IFCCARTESIANPOINT ((0.2695, -0.369973, 0.929094));
#3004 = IFCPOLYLOOP ((#3005, #3006, #3007, #3008));
#3003 = IFCFACEOUTERBOUND (#3004, .T.);
#3002 = IFCFACE ((#3003));
#3012 = IFCCARTESIANPOINT ((0.2695, -0.369973, 0.929094));
#3013 = IFCCARTESIANPOINT ((0.2695, -0.397723, 0.929094));
#3014 = IFCCARTESIANPOINT ((0.3055, -0.397723, 0.929094));
#3015 = IFCCARTESIANPOINT ((0.3055, -0.369973, 0.929094));
#3011 = IFCPOLYLOOP ((#3012, #3013, #3014, #3015));
#3010 = IFCFACEOUTERBOUND (#3011, .T.);
#3009 = IFCFACE ((#3010));
#2973 = IFCCLOSEDSHELL ((#2974, #2981, #2988, #2995, #3002, #3009));
#2972 = IFCFACETEDBREP (#2973);
#3021 = IFCCARTESIANPOINT ((0.2695, -0.099973, 0.0281137));
#3022 = IFCCARTESIANPOINT ((0.3055, -0.099973, 0.0281137));
#3023 = IFCCARTESIANPOINT ((0.3055, -0.127723, 0.0281137));
#3024 = IFCCARTESIANPOINT ((0.2695, -0.127723, 0.0281137));
#3020 = IFCPOLYLOOP ((#3021, #3022, #3023, #3024));
#3019 = IFCFACEOUTERBOUND (#3020, .T.);
#3018 = IFCFACE ((#3019));
#3028 = IFCCARTESIANPOINT ((0.2695, -0.099973, 0.0281137));
#3029 = IFCCARTESIANPOINT ((0.2695, -0.099973, 0.929094));
#3030 = IFCCARTESIANPOINT ((0.3055, -0.099973, 0.929094));
#3031 = IFCCARTESIANPOINT ((0.3055, -0.099973, 0.0281137));
#3027 = IFCPOLYLOOP ((#3028, #3029, #3030, #3031));
#3026 = IFCFACEOUTERBOUND (#3027, .T.);
#3025 = IFCFACE ((#3026));
#3035 = IFCCARTESIANPOINT ((0.3055, -0.127723, 0.0281137));
#3036 = IFCCARTESIANPOINT ((0.3055, -0.099973, 0.0281137));
#3037 = IFCCARTESIANPOINT ((0.3055, -0.099973, 0.929094));
#3038 = IFCCARTESIANPOINT ((0.3055, -0.127723, 0.929094));
#3034 = IFCPOLYLOOP ((#3035, #3036, #3037, #3038));
#3033 = IFCFACEOUTERBOUND (#3034, .T.);
#3032 = IFCFACE ((#3033));
#3042 = IFCCARTESIANPOINT ((0.2695, -0.127723, 0.0281137));
#3043 = IFCCARTESIANPOINT ((0.3055, -0.127723, 0.0281137));
#3044 = IFCCARTESIANPOINT ((0.3055, -0.127723, 0.929094));
#3045 = IFCCARTESIANPOINT ((0.2695, -0.127723, 0.929094));
#3041 = IFCPOLYLOOP ((#3042, #3043, #3044, #3045));
#3040 = IFCFACEOUTERBOUND (#3041, .T.);
#3039 = IFCFACE ((#3040));
#3049 = IFCCARTESIANPOINT ((0.2695, -0.099973, 0.0281137));
#3050 = IFCCARTESIANPOINT ((0.2695, -0.127723, 0.0281137));
#3051 = IFCCARTESIANPOINT ((0.2695, -0.127723, 0.929094));
#3052 = IFCCARTESIANPOINT ((0.2695, -0.099973, 0.929094));
#3048 = IFCPOLYLOOP ((#3049, #3050, #3051, #3052));
#3047 = IFCFACEOUTERBOUND (#3048, .T.);
#3046 = IFCFACE ((#3047));
#3056 = IFCCARTESIANPOINT ((0.2695, -0.099973, 0.929094));
#3057 = IFCCARTESIANPOINT ((0.2695, -0.127723, 0.929094));
#3058 = IFCCARTESIANPOINT ((0.3055, -0.127723, 0.929094));
#3059 = IFCCARTESIANPOINT ((0.3055, -0.099973, 0.929094));
#3055 = IFCPOLYLOOP ((#3056, #3057, #3058, #3059));
#3054 = IFCFACEOUTERBOUND (#3055, .T.);
#3053 = IFCFACE ((#3054));
#3017 = IFCCLOSEDSHELL ((#3018, #3025, #3032, #3039, #3046, #3053));
#3016 = IFCFACETEDBREP (#3017);
#3065 = IFCCARTESIANPOINT ((-0.3055, -0.369973, 0.0281137));
#3066 = IFCCARTESIANPOINT ((-0.2695, -0.369973, 0.0281137));
#3067 = IFCCARTESIANPOINT ((-0.2695, -0.397723, 0.0281137));
#3068 = IFCCARTESIANPOINT ((-0.3055, -0.397723, 0.0281137));
#3064 = IFCPOLYLOOP ((#3065, #3066, #3067, #3068));
#3063 = IFCFACEOUTERBOUND (#3064, .T.);
#3062 = IFCFACE ((#3063));
#3072 = IFCCARTESIANPOINT ((-0.3055, -0.369973, 0.0281137));
#3073 = IFCCARTESIANPOINT ((-0.3055, -0.369973, 0.929094));
#3074 = IFCCARTESIANPOINT ((-0.2695, -0.369973, 0.929094));
#3075 = IFCCARTESIANPOINT ((-0.2695, -0.369973, 0.0281137));
#3071 = IFCPOLYLOOP ((#3072, #3073, #3074, #3075));
#3070 = IFCFACEOUTERBOUND (#3071, .T.);
#3069 = IFCFACE ((#3070));
#3079 = IFCCARTESIANPOINT ((-0.2695, -0.397723, 0.0281137));
#3080 = IFCCARTESIANPOINT ((-0.2695, -0.369973, 0.0281137));
#3081 = IFCCARTESIANPOINT ((-0.2695, -0.369973, 0.929094));
#3082 = IFCCARTESIANPOINT ((-0.2695, -0.397723, 0.929094));
#3078 = IFCPOLYLOOP ((#3079, #3080, #3081, #3082));
#3077 = IFCFACEOUTERBOUND (#3078, .T.);
#3076 = IFCFACE ((#3077));
#3086 = IFCCARTESIANPOINT ((-0.3055, -0.397723, 0.0281137));
#3087 = IFCCARTESIANPOINT ((-0.2695, -0.397723, 0.0281137));
#3088 = IFCCARTESIANPOINT ((-0.2695, -0.397723, 0.929094));
#3089 = IFCCARTESIANPOINT ((-0.3055, -0.397723, 0.929094));
#3085 = IFCPOLYLOOP ((#3086, #3087, #3088, #3089));
#3084 = IFCFACEOUTERBOUND (#3085, .T.);
#3083 = IFCFACE ((#3084));
#3093 = IFCCARTESIANPOINT ((-0.3055, -0.369973, 0.0281137));
#3094 = IFCCARTESIANPOINT ((-0.3055, -0.397723, 0.0281137));
#3095 = IFCCARTESIANPOINT ((-0.3055, -0.397723, 0.929094));
#3096 = IFCCARTESIANPOINT ((-0.3055, -0.369973, 0.929094));
#3092 = IFCPOLYLOOP ((#3093, #3094, #3095, #3096));
#3091 = IFCFACEOUTERBOUND (#3092, .T.);
#3090 = IFCFACE ((#3091));
#3100 = IFCCARTESIANPOINT ((-0.3055, -0.369973, 0.929094));
#3101 = IFCCARTESIANPOINT ((-0.3055, -0.397723, 0.929094));
#3102 = IFCCARTESIANPOINT ((-0.2695, -0.397723, 0.929094));
#3103 = IFCCARTESIANPOINT ((-0.2695, -0.369973, 0.929094));
#3099 = IFCPOLYLOOP ((#3100, #3101, #3102, #3103));
#3098 = IFCFACEOUTERBOUND (#3099, .T.);
#3097 = IFCFACE ((#3098));
#3061 = IFCCLOSEDSHELL ((#3062, #3069, #3076, #3083, #3090, #3097));
#3060 = IFCFACETEDBREP (#3061);
#3109 = IFCCARTESIANPOINT ((-0.2695, -0.127723, 0.0281137));
#3110 = IFCCARTESIANPOINT ((-0.3055, -0.127723, 0.0281137));
#3111 = IFCCARTESIANPOINT ((-0.3055, -0.0999733, 0.0281137));
#3112 = IFCCARTESIANPOINT ((-0.2695, -0.0999733, 0.0281137));
#3108 = IFCPOLYLOOP ((#3109, #3110, #3111, #3112));
#3107 = IFCFACEOUTERBOUND (#3108, .T.);
#3106 = IFCFACE ((#3107));
#3116 = IFCCARTESIANPOINT ((-0.2695, -0.127723, 0.0281137));
#3117 = IFCCARTESIANPOINT ((-0.2695, -0.127723, 0.929094));
#3118 = IFCCARTESIANPOINT ((-0.3055, -0.127723, 0.929094));
#3119 = IFCCARTESIANPOINT ((-0.3055, -0.127723, 0.0281137));
#3115 = IFCPOLYLOOP ((#3116, #3117, #3118, #3119));
#3114 = IFCFACEOUTERBOUND (#3115, .T.);
#3113 = IFCFACE ((#3114));
#3123 = IFCCARTESIANPOINT ((-0.3055, -0.0999733, 0.0281137));
#3124 = IFCCARTESIANPOINT ((-0.3055, -0.127723, 0.0281137));
#3125 = IFCCARTESIANPOINT ((-0.3055, -0.127723, 0.929094));
#3126 = IFCCARTESIANPOINT ((-0.3055, -0.0999733, 0.929094));
#3122 = IFCPOLYLOOP ((#3123, #3124, #3125, #3126));
#3121 = IFCFACEOUTERBOUND (#3122, .T.);
#3120 = IFCFACE ((#3121));
#3130 = IFCCARTESIANPOINT ((-0.2695, -0.0999733, 0.0281137));
#3131 = IFCCARTESIANPOINT ((-0.3055, -0.0999733, 0.0281137));
#3132 = IFCCARTESIANPOINT ((-0.3055, -0.0999733, 0.929094));
#3133 = IFCCARTESIANPOINT ((-0.2695, -0.0999733, 0.929094));
#3129 = IFCPOLYLOOP ((#3130, #3131, #3132, #3133));
#3128 = IFCFACEOUTERBOUND (#3129, .T.);
#3127 = IFCFACE ((#3128));
#3137 = IFCCARTESIANPOINT ((-0.2695, -0.127723, 0.0281137));
#3138 = IFCCARTESIANPOINT ((-0.2695, -0.0999733, 0.0281137));
#3139 = IFCCARTESIANPOINT ((-0.2695, -0.0999733, 0.929094));
#3140 = IFCCARTESIANPOINT ((-0.2695, -0.127723, 0.929094));
#3136 = IFCPOLYLOOP ((#3137, #3138, #3139, #3140));
#3135 = IFCFACEOUTERBOUND (#3136, .T.);
#3134 = IFCFACE ((#3135));
#3144 = IFCCARTESIANPOINT ((-0.2695, -0.127723, 0.929094));
#3145 = IFCCARTESIANPOINT ((-0.2695, -0.0999733, 0.929094));
#3146 = IFCCARTESIANPOINT ((-0.3055, -0.0999733, 0.929094));
#3147 = IFCCARTESIANPOINT ((-0.3055, -0.127723, 0.929094));
#3143 = IFCPOLYLOOP ((#3144, #3145, #3146, #3147));
#3142 = IFCFACEOUTERBOUND (#3143, .T.);
#3141 = IFCFACE ((#3142));
#3105 = IFCCLOSEDSHELL ((#3106, #3113, #3120, #3127, #3134, #3141));
#3104 = IFCFACETEDBREP (#3105);
#3153 = IFCCARTESIANPOINT ((-0.14, -0.578723, 0.45421));
#3154 = IFCCARTESIANPOINT ((-0.14, -0.418723, 0.45421));
#3155 = IFCCARTESIANPOINT ((0.14, -0.418723, 0.45421));
#3156 = IFCCARTESIANPOINT ((0.14, -0.578723, 0.45421));
#3152 = IFCPOLYLOOP ((#3153, #3154, #3155, #3156));
#3151 = IFCFACEOUTERBOUND (#3152, .T.);
#3150 = IFCFACE ((#3151));
#3160 = IFCCARTESIANPOINT ((-0.14, -0.578723, 0.45421));
#3161 = IFCCARTESIANPOINT ((-0.14, -0.578723, 1.55));
#3162 = IFCCARTESIANPOINT ((-0.14, -0.418723, 1.55));
#3163 = IFCCARTESIANPOINT ((-0.14, -0.418723, 0.45421));
#3159 = IFCPOLYLOOP ((#3160, #3161, #3162, #3163));
#3158 = IFCFACEOUTERBOUND (#3159, .T.);
#3157 = IFCFACE ((#3158));
#3167 = IFCCARTESIANPOINT ((0.14, -0.418723, 0.45421));
#3168 = IFCCARTESIANPOINT ((-0.14, -0.418723, 0.45421));
#3169 = IFCCARTESIANPOINT ((-0.14, -0.418723, 1.55));
#3170 = IFCCARTESIANPOINT ((0.14, -0.418723, 1.55));
#3166 = IFCPOLYLOOP ((#3167, #3168, #3169, #3170));
#3165 = IFCFACEOUTERBOUND (#3166, .T.);
#3164 = IFCFACE ((#3165));
#3174 = IFCCARTESIANPOINT ((0.14, -0.578723, 0.45421));
#3175 = IFCCARTESIANPOINT ((0.14, -0.418723, 0.45421));
#3176 = IFCCARTESIANPOINT ((0.14, -0.418723, 1.55));
#3177 = IFCCARTESIANPOINT ((0.14, -0.578723, 1.55));
#3173 = IFCPOLYLOOP ((#3174, #3175, #3176, #3177));
#3172 = IFCFACEOUTERBOUND (#3173, .T.);
#3171 = IFCFACE ((#3172));
#3181 = IFCCARTESIANPOINT ((-0.14, -0.578723, 0.45421));
#3182 = IFCCARTESIANPOINT ((0.14, -0.578723, 0.45421));
#3183 = IFCCARTESIANPOINT ((0.14, -0.578723, 1.55));
#3184 = IFCCARTESIANPOINT ((-0.14, -0.578723, 1.55));
#3180 = IFCPOLYLOOP ((#3181, #3182, #3183, #3184));
#3179 = IFCFACEOUTERBOUND (#3180, .T.);
#3178 = IFCFACE ((#3179));
#3188 = IFCCARTESIANPOINT ((-0.14, -0.578723, 1.55));
#3189 = IFCCARTESIANPOINT ((0.14, -0.578723, 1.55));
#3190 = IFCCARTESIANPOINT ((0.14, -0.418723, 1.55));
#3191 = IFCCARTESIANPOINT ((-0.14, -0.418723, 1.55));
#3187 = IFCPOLYLOOP ((#3188, #3189, #3190, #3191));
#3186 = IFCFACEOUTERBOUND (#3187, .T.);
#3185 = IFCFACE ((#3186));
#3149 = IFCCLOSEDSHELL ((#3150, #3157, #3164, #3171, #3178, #3185));
#3148 = IFCFACETEDBREP (#3149);
#3197 = IFCCARTESIANPOINT ((-0.344, -0.394487, 1.6229));
#3198 = IFCCARTESIANPOINT ((-0.344, -0.104487, 1.6229));
#3199 = IFCCARTESIANPOINT ((0.344, -0.104487, 1.6229));
#3200 = IFCCARTESIANPOINT ((0.344, -0.394487, 1.6229));
#3196 = IFCPOLYLOOP ((#3197, #3198, #3199, #3200));
#3195 = IFCFACEOUTERBOUND (#3196, .T.);
#3194 = IFCFACE ((#3195));
#3204 = IFCCARTESIANPOINT ((-0.344, -0.394487, 1.6229));
#3205 = IFCCARTESIANPOINT ((-0.344, -0.394487, 1.6429));
#3206 = IFCCARTESIANPOINT ((-0.344, -0.104487, 1.6429));
#3207 = IFCCARTESIANPOINT ((-0.344, -0.104487, 1.6229));
#3203 = IFCPOLYLOOP ((#3204, #3205, #3206, #3207));
#3202 = IFCFACEOUTERBOUND (#3203, .T.);
#3201 = IFCFACE ((#3202));
#3211 = IFCCARTESIANPOINT ((0.344, -0.104487, 1.6229));
#3212 = IFCCARTESIANPOINT ((-0.344, -0.104487, 1.6229));
#3213 = IFCCARTESIANPOINT ((-0.344, -0.104487, 1.6429));
#3214 = IFCCARTESIANPOINT ((0.344, -0.104487, 1.6429));
#3210 = IFCPOLYLOOP ((#3211, #3212, #3213, #3214));
#3209 = IFCFACEOUTERBOUND (#3210, .T.);
#3208 = IFCFACE ((#3209));
#3218 = IFCCARTESIANPOINT ((0.344, -0.394487, 1.6229));
#3219 = IFCCARTESIANPOINT ((0.344, -0.104487, 1.6229));
#3220 = IFCCARTESIANPOINT ((0.344, -0.104487, 1.6429));
#3221 = IFCCARTESIANPOINT ((0.344, -0.394487, 1.6429));
#3217 = IFCPOLYLOOP ((#3218, #3219, #3220, #3221));
#3216 = IFCFACEOUTERBOUND (#3217, .T.);
#3215 = IFCFACE ((#3216));
#3225 = IFCCARTESIANPOINT ((-0.344, -0.394487, 1.6229));
#3226 = IFCCARTESIANPOINT ((0.344, -0.394487, 1.6229));
#3227 = IFCCARTESIANPOINT ((0.344, -0.394487, 1.6429));
#3228 = IFCCARTESIANPOINT ((-0.344, -0.394487, 1.6429));
#3224 = IFCPOLYLOOP ((#3225, #3226, #3227, #3228));
#3223 = IFCFACEOUTERBOUND (#3224, .T.);
#3222 = IFCFACE ((#3223));
#3232 = IFCCARTESIANPOINT ((-0.344, -0.394487, 1.6429));
#3233 = IFCCARTESIANPOINT ((0.344, -0.394487, 1.6429));
#3234 = IFCCARTESIANPOINT ((0.344, -0.104487, 1.6429));
#3235 = IFCCARTESIANPOINT ((-0.344, -0.104487, 1.6429));
#3231 = IFCPOLYLOOP ((#3232, #3233, #3234, #3235));
#3230 = IFCFACEOUTERBOUND (#3231, .T.);
#3229 = IFCFACE ((#3230));
#3193 = IFCCLOSEDSHELL ((#3194, #3201, #3208, #3215, #3222, #3229));
#3192 = IFCFACETEDBREP (#3193);
#3241 = IFCCARTESIANPOINT ((-0.344, -0.394487, 0.96909));
#3242 = IFCCARTESIANPOINT ((-0.344, -0.104487, 0.96909));
#3243 = IFCCARTESIANPOINT ((0.344, -0.104487, 0.96909));
#3244 = IFCCARTESIANPOINT ((0.344, -0.394487, 0.96909));
#3240 = IFCPOLYLOOP ((#3241, #3242, #3243, #3244));
#3239 = IFCFACEOUTERBOUND (#3240, .T.);
#3238 = IFCFACE ((#3239));
#3248 = IFCCARTESIANPOINT ((-0.344, -0.394487, 0.96909));
#3249 = IFCCARTESIANPOINT ((-0.344, -0.394487, 1.6209));
#3250 = IFCCARTESIANPOINT ((-0.344, -0.104487, 1.6209));
#3251 = IFCCARTESIANPOINT ((-0.344, -0.104487, 0.96909));
#3247 = IFCPOLYLOOP ((#3248, #3249, #3250, #3251));
#3246 = IFCFACEOUTERBOUND (#3247, .T.);
#3245 = IFCFACE ((#3246));
#3255 = IFCCARTESIANPOINT ((0.344, -0.104487, 0.96909));
#3256 = IFCCARTESIANPOINT ((-0.344, -0.104487, 0.96909));
#3257 = IFCCARTESIANPOINT ((-0.344, -0.104487, 1.6209));
#3258 = IFCCARTESIANPOINT ((0.344, -0.104487, 1.6209));
#3254 = IFCPOLYLOOP ((#3255, #3256, #3257, #3258));
#3253 = IFCFACEOUTERBOUND (#3254, .T.);
#3252 = IFCFACE ((#3253));
#3262 = IFCCARTESIANPOINT ((0.344, -0.394487, 0.96909));
#3263 = IFCCARTESIANPOINT ((0.344, -0.104487, 0.96909));
#3264 = IFCCARTESIANPOINT ((0.344, -0.104487, 1.6209));
#3265 = IFCCARTESIANPOINT ((0.344, -0.394487, 1.6209));
#3261 = IFCPOLYLOOP ((#3262, #3263, #3264, #3265));
#3260 = IFCFACEOUTERBOUND (#3261, .T.);
#3259 = IFCFACE ((#3260));
#3269 = IFCCARTESIANPOINT ((-0.344, -0.394487, 0.96909));
#3270 = IFCCARTESIANPOINT ((0.344, -0.394487, 0.96909));
#3271 = IFCCARTESIANPOINT ((0.344, -0.394487, 1.6209));
#3272 = IFCCARTESIANPOINT ((-0.344, -0.394487, 1.6209));
#3268 = IFCPOLYLOOP ((#3269, #3270, #3271, #3272));
#3267 = IFCFACEOUTERBOUND (#3268, .T.);
#3266 = IFCFACE ((#3267));
#3276 = IFCCARTESIANPOINT ((-0.344, -0.394487, 1.6209));
#3277 = IFCCARTESIANPOINT ((0.344, -0.394487, 1.6209));
#3278 = IFCCARTESIANPOINT ((0.344, -0.104487, 1.6209));
#3279 = IFCCARTESIANPOINT ((-0.344, -0.104487, 1.6209));
#3275 = IFCPOLYLOOP ((#3276, #3277, #3278, #3279));
#3274 = IFCFACEOUTERBOUND (#3275, .T.);
#3273 = IFCFACE ((#3274));
#3237 = IFCCLOSEDSHELL ((#3238, #3245, #3252, #3259, #3266, #3273));
#3236 = IFCFACETEDBREP (#3237);
#3285 = IFCCARTESIANPOINT ((0.344, -0.399562, 0.92909));
#3286 = IFCCARTESIANPOINT ((0.344, -0.399562, 0.96909));
#3287 = IFCCARTESIANPOINT ((-0.344, -0.399562, 0.96909));
#3288 = IFCCARTESIANPOINT ((-0.344, -0.399562, 0.92909));
#3284 = IFCPOLYLOOP ((#3285, #3286, #3287, #3288));
#3283 = IFCFACEOUTERBOUND (#3284, .T.);
#3282 = IFCFACE ((#3283));
#3292 = IFCCARTESIANPOINT ((0.344, -0.399562, 0.92909));
#3293 = IFCCARTESIANPOINT ((0.344, -0.0994125, 0.92909));
#3294 = IFCCARTESIANPOINT ((0.344, -0.0994125, 0.96909));
#3295 = IFCCARTESIANPOINT ((0.344, -0.399562, 0.96909));
#3291 = IFCPOLYLOOP ((#3292, #3293, #3294, #3295));
#3290 = IFCFACEOUTERBOUND (#3291, .T.);
#3289 = IFCFACE ((#3290));
#3299 = IFCCARTESIANPOINT ((-0.344, -0.399562, 0.96909));
#3300 = IFCCARTESIANPOINT ((0.344, -0.399562, 0.96909));
#3301 = IFCCARTESIANPOINT ((0.344, -0.0994125, 0.96909));
#3302 = IFCCARTESIANPOINT ((-0.344, -0.0994125, 0.96909));
#3298 = IFCPOLYLOOP ((#3299, #3300, #3301, #3302));
#3297 = IFCFACEOUTERBOUND (#3298, .T.);
#3296 = IFCFACE ((#3297));
#3306 = IFCCARTESIANPOINT ((-0.344, -0.399562, 0.92909));
#3307 = IFCCARTESIANPOINT ((-0.344, -0.399562, 0.96909));
#3308 = IFCCARTESIANPOINT ((-0.344, -0.0994125, 0.96909));
#3309 = IFCCARTESIANPOINT ((-0.344, -0.0994125, 0.92909));
#3305 = IFCPOLYLOOP ((#3306, #3307, #3308, #3309));
#3304 = IFCFACEOUTERBOUND (#3305, .T.);
#3303 = IFCFACE ((#3304));
#3313 = IFCCARTESIANPOINT ((0.344, -0.399562, 0.92909));
#3314 = IFCCARTESIANPOINT ((-0.344, -0.399562, 0.92909));
#3315 = IFCCARTESIANPOINT ((-0.344, -0.0994125, 0.92909));
#3316 = IFCCARTESIANPOINT ((0.344, -0.0994125, 0.92909));
#3312 = IFCPOLYLOOP ((#3313, #3314, #3315, #3316));
#3311 = IFCFACEOUTERBOUND (#3312, .T.);
#3310 = IFCFACE ((#3311));
#3320 = IFCCARTESIANPOINT ((0.344, -0.0994125, 0.92909));
#3321 = IFCCARTESIANPOINT ((-0.344, -0.0994125, 0.92909));
#3322 = IFCCARTESIANPOINT ((-0.344, -0.0994125, 0.96909));
#3323 = IFCCARTESIANPOINT ((0.344, -0.0994125, 0.96909));
#3319 = IFCPOLYLOOP ((#3320, #3321, #3322, #3323));
#3318 = IFCFACEOUTERBOUND (#3319, .T.);
#3317 = IFCFACE ((#3318));
#3281 = IFCCLOSEDSHELL ((#3282, #3289, #3296, #3303, #3310, #3317));
#3280 = IFCFACETEDBREP (#3281);
#3329 = IFCCARTESIANPOINT ((0.289042, -0.134368, 0.886847));
#3330 = IFCCARTESIANPOINT ((0.289042, -0.365113, 0.886847));
#3331 = IFCCARTESIANPOINT ((-0.289042, -0.365113, 0.886847));
#3332 = IFCCARTESIANPOINT ((-0.289042, -0.134368, 0.886847));
#3328 = IFCPOLYLOOP ((#3329, #3330, #3331, #3332));
#3327 = IFCFACEOUTERBOUND (#3328, .T.);
#3326 = IFCFACE ((#3327));
#3336 = IFCCARTESIANPOINT ((0.289042, -0.365113, 0.886847));
#3337 = IFCCARTESIANPOINT ((0.289042, -0.375113, 0.92909));
#3338 = IFCCARTESIANPOINT ((-0.289042, -0.375113, 0.92909));
#3339 = IFCCARTESIANPOINT ((-0.289042, -0.365113, 0.886847));
#3335 = IFCPOLYLOOP ((#3336, #3337, #3338, #3339));
#3334 = IFCFACEOUTERBOUND (#3335, .T.);
#3333 = IFCFACE ((#3334));
#3343 = IFCCARTESIANPOINT ((0.289042, -0.375113, 0.92909));
#3344 = IFCCARTESIANPOINT ((0.289042, -0.124368, 0.92909));
#3345 = IFCCARTESIANPOINT ((-0.289042, -0.124368, 0.92909));
#3346 = IFCCARTESIANPOINT ((-0.289042, -0.375113, 0.92909));
#3342 = IFCPOLYLOOP ((#3343, #3344, #3345, #3346));
#3341 = IFCFACEOUTERBOUND (#3342, .T.);
#3340 = IFCFACE ((#3341));
#3350 = IFCCARTESIANPOINT ((0.289042, -0.124368, 0.92909));
#3351 = IFCCARTESIANPOINT ((0.289042, -0.134368, 0.886847));
#3352 = IFCCARTESIANPOINT ((-0.289042, -0.134368, 0.886847));
#3353 = IFCCARTESIANPOINT ((-0.289042, -0.124368, 0.92909));
#3349 = IFCPOLYLOOP ((#3350, #3351, #3352, #3353));
#3348 = IFCFACEOUTERBOUND (#3349, .T.);
#3347 = IFCFACE ((#3348));
#3357 = IFCCARTESIANPOINT ((-0.289042, -0.134368, 0.886847));
#3358 = IFCCARTESIANPOINT ((-0.289042, -0.365113, 0.886847));
#3359 = IFCCARTESIANPOINT ((-0.289042, -0.375113, 0.92909));
#3360 = IFCCARTESIANPOINT ((-0.289042, -0.124368, 0.92909));
#3356 = IFCPOLYLOOP ((#3357, #3358, #3359, #3360));
#3355 = IFCFACEOUTERBOUND (#3356, .T.);
#3354 = IFCFACE ((#3355));
#3364 = IFCCARTESIANPOINT ((0.289042, -0.124368, 0.92909));
#3365 = IFCCARTESIANPOINT ((0.289042, -0.375113, 0.92909));
#3366 = IFCCARTESIANPOINT ((0.289042, -0.365113, 0.886847));
#3367 = IFCCARTESIANPOINT ((0.289042, -0.134368, 0.886847));
#3363 = IFCPOLYLOOP ((#3364, #3365, #3366, #3367));
#3362 = IFCFACEOUTERBOUND (#3363, .T.);
#3361 = IFCFACE ((#3362));
#3325 = IFCCLOSEDSHELL ((#3326, #3333, #3340, #3347, #3354, #3361));
#3324 = IFCFACETEDBREP (#3325);
#3373 = IFCCARTESIANPOINT ((-0.04, -0.099294, 0.545813));
#3374 = IFCCARTESIANPOINT ((0.04, -0.099294, 0.545813));
#3375 = IFCCARTESIANPOINT ((0.04, -0.271449, 0.545813));
#3376 = IFCCARTESIANPOINT ((-0.04, -0.271449, 0.545813));
#3372 = IFCPOLYLOOP ((#3373, #3374, #3375, #3376));
#3371 = IFCFACEOUTERBOUND (#3372, .T.);
#3370 = IFCFACE ((#3371));
#3380 = IFCCARTESIANPOINT ((0.04, -0.099294, 0.545813));
#3381 = IFCCARTESIANPOINT ((0.04, -0.099294, 0.565813));
#3382 = IFCCARTESIANPOINT ((0.04, -0.271449, 0.565813));
#3383 = IFCCARTESIANPOINT ((0.04, -0.271449, 0.545813));
#3379 = IFCPOLYLOOP ((#3380, #3381, #3382, #3383));
#3378 = IFCFACEOUTERBOUND (#3379, .T.);
#3377 = IFCFACE ((#3378));
#3387 = IFCCARTESIANPOINT ((0.04, -0.099294, 0.565813));
#3388 = IFCCARTESIANPOINT ((0.037, -0.099294, 0.565813));
#3389 = IFCCARTESIANPOINT ((0.037, -0.271449, 0.565813));
#3390 = IFCCARTESIANPOINT ((0.04, -0.271449, 0.565813));
#3386 = IFCPOLYLOOP ((#3387, #3388, #3389, #3390));
#3385 = IFCFACEOUTERBOUND (#3386, .T.);
#3384 = IFCFACE ((#3385));
#3394 = IFCCARTESIANPOINT ((0.037, -0.099294, 0.565813));
#3395 = IFCCARTESIANPOINT ((0.037, -0.099294, 0.548813));
#3396 = IFCCARTESIANPOINT ((0.037, -0.271449, 0.548813));
#3397 = IFCCARTESIANPOINT ((0.037, -0.271449, 0.565813));
#3393 = IFCPOLYLOOP ((#3394, #3395, #3396, #3397));
#3392 = IFCFACEOUTERBOUND (#3393, .T.);
#3391 = IFCFACE ((#3392));
#3401 = IFCCARTESIANPOINT ((0.037, -0.099294, 0.548813));
#3402 = IFCCARTESIANPOINT ((-0.037, -0.099294, 0.548813));
#3403 = IFCCARTESIANPOINT ((-0.037, -0.271449, 0.548813));
#3404 = IFCCARTESIANPOINT ((0.037, -0.271449, 0.548813));
#3400 = IFCPOLYLOOP ((#3401, #3402, #3403, #3404));
#3399 = IFCFACEOUTERBOUND (#3400, .T.);
#3398 = IFCFACE ((#3399));
#3408 = IFCCARTESIANPOINT ((-0.037, -0.099294, 0.548813));
#3409 = IFCCARTESIANPOINT ((-0.037, -0.099294, 0.565813));
#3410 = IFCCARTESIANPOINT ((-0.037, -0.271449, 0.565813));
#3411 = IFCCARTESIANPOINT ((-0.037, -0.271449, 0.548813));
#3407 = IFCPOLYLOOP ((#3408, #3409, #3410, #3411));
#3406 = IFCFACEOUTERBOUND (#3407, .T.);
#3405 = IFCFACE ((#3406));
#3415 = IFCCARTESIANPOINT ((-0.037, -0.099294, 0.565813));
#3416 = IFCCARTESIANPOINT ((-0.04, -0.099294, 0.565813));
#3417 = IFCCARTESIANPOINT ((-0.04, -0.271449, 0.565813));
#3418 = IFCCARTESIANPOINT ((-0.037, -0.271449, 0.565813));
#3414 = IFCPOLYLOOP ((#3415, #3416, #3417, #3418));
#3413 = IFCFACEOUTERBOUND (#3414, .T.);
#3412 = IFCFACE ((#3413));
#3422 = IFCCARTESIANPOINT ((-0.04, -0.099294, 0.565813));
#3423 = IFCCARTESIANPOINT ((-0.04, -0.099294, 0.545813));
#3424 = IFCCARTESIANPOINT ((-0.04, -0.271449, 0.545813));
#3425 = IFCCARTESIANPOINT ((-0.04, -0.271449, 0.565813));
#3421 = IFCPOLYLOOP ((#3422, #3423, #3424, #3425));
#3420 = IFCFACEOUTERBOUND (#3421, .T.);
#3419 = IFCFACE ((#3420));
#3429 = IFCCARTESIANPOINT ((-0.04, -0.271449, 0.545813));
#3430 = IFCCARTESIANPOINT ((0.04, -0.271449, 0.545813));
#3431 = IFCCARTESIANPOINT ((0.04, -0.271449, 0.565813));
#3432 = IFCCARTESIANPOINT ((0.037, -0.271449, 0.565813));
#3433 = IFCCARTESIANPOINT ((0.037, -0.271449, 0.548813));
#3434 = IFCCARTESIANPOINT ((-0.037, -0.271449, 0.548813));
#3435 = IFCCARTESIANPOINT ((-0.037, -0.271449, 0.565813));
#3436 = IFCCARTESIANPOINT ((-0.04, -0.271449, 0.565813));
#3428 = IFCPOLYLOOP ((#3429, #3430, #3431, #3432, #3433, #3434, #3435, #3436));
#3427 = IFCFACEOUTERBOUND (#3428, .T.);
#3426 = IFCFACE ((#3427));
#3440 = IFCCARTESIANPOINT ((-0.04, -0.099294, 0.565813));
#3441 = IFCCARTESIANPOINT ((-0.037, -0.099294, 0.565813));
#3442 = IFCCARTESIANPOINT ((-0.037, -0.099294, 0.548813));
#3443 = IFCCARTESIANPOINT ((0.037, -0.099294, 0.548813));
#3444 = IFCCARTESIANPOINT ((0.037, -0.099294, 0.565813));
#3445 = IFCCARTESIANPOINT ((0.04, -0.099294, 0.565813));
#3446 = IFCCARTESIANPOINT ((0.04, -0.099294, 0.545813));
#3447 = IFCCARTESIANPOINT ((-0.04, -0.099294, 0.545813));
#3439 = IFCPOLYLOOP ((#3440, #3441, #3442, #3443, #3444, #3445, #3446, #3447));
#3438 = IFCFACEOUTERBOUND (#3439, .T.);
#3437 = IFCFACE ((#3438));
#3369 = IFCCLOSEDSHELL ((#3370, #3377, #3384, #3391, #3398, #3405, #3412, #3419, #3426, #3437));
#3368 = IFCFACETEDBREP (#3369);
#3453 = IFCCARTESIANPOINT ((0.307, -0.369412, 0.544549));
#3454 = IFCCARTESIANPOINT ((0.307, -0.128562, 0.544549));
#3455 = IFCCARTESIANPOINT ((0.266691, -0.128562, 0.544549));
#3456 = IFCCARTESIANPOINT ((0.266691, -0.369412, 0.544549));
#3452 = IFCPOLYLOOP ((#3453, #3454, #3455, #3456));
#3451 = IFCFACEOUTERBOUND (#3452, .T.);
#3450 = IFCFACE ((#3451));
#3460 = IFCCARTESIANPOINT ((0.307, -0.369412, 0.544549));
#3461 = IFCCARTESIANPOINT ((0.307, -0.369412, 0.514549));
#3462 = IFCCARTESIANPOINT ((0.307, -0.128562, 0.514549));
#3463 = IFCCARTESIANPOINT ((0.307, -0.128562, 0.544549));
#3459 = IFCPOLYLOOP ((#3460, #3461, #3462, #3463));
#3458 = IFCFACEOUTERBOUND (#3459, .T.);
#3457 = IFCFACE ((#3458));
#3467 = IFCCARTESIANPOINT ((0.266691, -0.128562, 0.544549));
#3468 = IFCCARTESIANPOINT ((0.307, -0.128562, 0.544549));
#3469 = IFCCARTESIANPOINT ((0.307, -0.128562, 0.514549));
#3470 = IFCCARTESIANPOINT ((0.266691, -0.128562, 0.514549));
#3466 = IFCPOLYLOOP ((#3467, #3468, #3469, #3470));
#3465 = IFCFACEOUTERBOUND (#3466, .T.);
#3464 = IFCFACE ((#3465));
#3474 = IFCCARTESIANPOINT ((0.266691, -0.369412, 0.544549));
#3475 = IFCCARTESIANPOINT ((0.266691, -0.128562, 0.544549));
#3476 = IFCCARTESIANPOINT ((0.266691, -0.128562, 0.514549));
#3477 = IFCCARTESIANPOINT ((0.266691, -0.369412, 0.514549));
#3473 = IFCPOLYLOOP ((#3474, #3475, #3476, #3477));
#3472 = IFCFACEOUTERBOUND (#3473, .T.);
#3471 = IFCFACE ((#3472));
#3481 = IFCCARTESIANPOINT ((0.307, -0.369412, 0.544549));
#3482 = IFCCARTESIANPOINT ((0.266691, -0.369412, 0.544549));
#3483 = IFCCARTESIANPOINT ((0.266691, -0.369412, 0.514549));
#3484 = IFCCARTESIANPOINT ((0.307, -0.369412, 0.514549));
#3480 = IFCPOLYLOOP ((#3481, #3482, #3483, #3484));
#3479 = IFCFACEOUTERBOUND (#3480, .T.);
#3478 = IFCFACE ((#3479));
#3488 = IFCCARTESIANPOINT ((0.307, -0.369412, 0.514549));
#3489 = IFCCARTESIANPOINT ((0.266691, -0.369412, 0.514549));
#3490 = IFCCARTESIANPOINT ((0.266691, -0.128562, 0.514549));
#3491 = IFCCARTESIANPOINT ((0.307, -0.128562, 0.514549));
#3487 = IFCPOLYLOOP ((#3488, #3489, #3490, #3491));
#3486 = IFCFACEOUTERBOUND (#3487, .T.);
#3485 = IFCFACE ((#3486));
#3449 = IFCCLOSEDSHELL ((#3450, #3457, #3464, #3471, #3478, #3485));
#3448 = IFCFACETEDBREP (#3449);
#3497 = IFCCARTESIANPOINT ((0.266691, -0.398562, 0.514549));
#3498 = IFCCARTESIANPOINT ((-0.266692, -0.398562, 0.514549));
#3499 = IFCCARTESIANPOINT ((-0.266692, -0.369412, 0.514549));
#3500 = IFCCARTESIANPOINT ((0.266691, -0.369412, 0.514549));
#3496 = IFCPOLYLOOP ((#3497, #3498, #3499, #3500));
#3495 = IFCFACEOUTERBOUND (#3496, .T.);
#3494 = IFCFACE ((#3495));
#3504 = IFCCARTESIANPOINT ((0.266691, -0.398562, 0.514549));
#3505 = IFCCARTESIANPOINT ((0.266691, -0.398562, 0.544549));
#3506 = IFCCARTESIANPOINT ((-0.266692, -0.398562, 0.544549));
#3507 = IFCCARTESIANPOINT ((-0.266692, -0.398562, 0.514549));
#3503 = IFCPOLYLOOP ((#3504, #3505, #3506, #3507));
#3502 = IFCFACEOUTERBOUND (#3503, .T.);
#3501 = IFCFACE ((#3502));
#3511 = IFCCARTESIANPOINT ((-0.266692, -0.369412, 0.514549));
#3512 = IFCCARTESIANPOINT ((-0.266692, -0.398562, 0.514549));
#3513 = IFCCARTESIANPOINT ((-0.266692, -0.398562, 0.544549));
#3514 = IFCCARTESIANPOINT ((-0.266692, -0.369412, 0.544549));
#3510 = IFCPOLYLOOP ((#3511, #3512, #3513, #3514));
#3509 = IFCFACEOUTERBOUND (#3510, .T.);
#3508 = IFCFACE ((#3509));
#3518 = IFCCARTESIANPOINT ((0.266691, -0.369412, 0.514549));
#3519 = IFCCARTESIANPOINT ((-0.266692, -0.369412, 0.514549));
#3520 = IFCCARTESIANPOINT ((-0.266692, -0.369412, 0.544549));
#3521 = IFCCARTESIANPOINT ((0.266691, -0.369412, 0.544549));
#3517 = IFCPOLYLOOP ((#3518, #3519, #3520, #3521));
#3516 = IFCFACEOUTERBOUND (#3517, .T.);
#3515 = IFCFACE ((#3516));
#3525 = IFCCARTESIANPOINT ((0.266691, -0.398562, 0.514549));
#3526 = IFCCARTESIANPOINT ((0.266691, -0.369412, 0.514549));
#3527 = IFCCARTESIANPOINT ((0.266691, -0.369412, 0.544549));
#3528 = IFCCARTESIANPOINT ((0.266691, -0.398562, 0.544549));
#3524 = IFCPOLYLOOP ((#3525, #3526, #3527, #3528));
#3523 = IFCFACEOUTERBOUND (#3524, .T.);
#3522 = IFCFACE ((#3523));
#3532 = IFCCARTESIANPOINT ((0.266691, -0.398562, 0.544549));
#3533 = IFCCARTESIANPOINT ((0.266691, -0.369412, 0.544549));
#3534 = IFCCARTESIANPOINT ((-0.266692, -0.369412, 0.544549));
#3535 = IFCCARTESIANPOINT ((-0.266692, -0.398562, 0.544549));
#3531 = IFCPOLYLOOP ((#3532, #3533, #3534, #3535));
#3530 = IFCFACEOUTERBOUND (#3531, .T.);
#3529 = IFCFACE ((#3530));
#3493 = IFCCLOSEDSHELL ((#3494, #3501, #3508, #3515, #3522, #3529));
#3492 = IFCFACETEDBREP (#3493);
#3541 = IFCCARTESIANPOINT ((-0.266691, -0.128562, 0.514549));
#3542 = IFCCARTESIANPOINT ((-0.266691, -0.0994124, 0.514549));
#3543 = IFCCARTESIANPOINT ((0.266692, -0.0994124, 0.514549));
#3544 = IFCCARTESIANPOINT ((0.266692, -0.128562, 0.514549));
#3540 = IFCPOLYLOOP ((#3541, #3542, #3543, #3544));
#3539 = IFCFACEOUTERBOUND (#3540, .T.);
#3538 = IFCFACE ((#3539));
#3548 = IFCCARTESIANPOINT ((-0.266691, -0.128562, 0.514549));
#3549 = IFCCARTESIANPOINT ((-0.266691, -0.128562, 0.544549));
#3550 = IFCCARTESIANPOINT ((-0.266691, -0.0994124, 0.544549));
#3551 = IFCCARTESIANPOINT ((-0.266691, -0.0994124, 0.514549));
#3547 = IFCPOLYLOOP ((#3548, #3549, #3550, #3551));
#3546 = IFCFACEOUTERBOUND (#3547, .T.);
#3545 = IFCFACE ((#3546));
#3555 = IFCCARTESIANPOINT ((0.266692, -0.0994124, 0.514549));
#3556 = IFCCARTESIANPOINT ((-0.266691, -0.0994124, 0.514549));
#3557 = IFCCARTESIANPOINT ((-0.266691, -0.0994124, 0.544549));
#3558 = IFCCARTESIANPOINT ((0.266692, -0.0994124, 0.544549));
#3554 = IFCPOLYLOOP ((#3555, #3556, #3557, #3558));
#3553 = IFCFACEOUTERBOUND (#3554, .T.);
#3552 = IFCFACE ((#3553));
#3562 = IFCCARTESIANPOINT ((0.266692, -0.128562, 0.514549));
#3563 = IFCCARTESIANPOINT ((0.266692, -0.0994124, 0.514549));
#3564 = IFCCARTESIANPOINT ((0.266692, -0.0994124, 0.544549));
#3565 = IFCCARTESIANPOINT ((0.266692, -0.128562, 0.544549));
#3561 = IFCPOLYLOOP ((#3562, #3563, #3564, #3565));
#3560 = IFCFACEOUTERBOUND (#3561, .T.);
#3559 = IFCFACE ((#3560));
#3569 = IFCCARTESIANPOINT ((-0.266691, -0.128562, 0.514549));
#3570 = IFCCARTESIANPOINT ((0.266692, -0.128562, 0.514549));
#3571 = IFCCARTESIANPOINT ((0.266692, -0.128562, 0.544549));
#3572 = IFCCARTESIANPOINT ((-0.266691, -0.128562, 0.544549));
#3568 = IFCPOLYLOOP ((#3569, #3570, #3571, #3572));
#3567 = IFCFACEOUTERBOUND (#3568, .T.);
#3566 = IFCFACE ((#3567));
#3576 = IFCCARTESIANPOINT ((-0.266691, -0.128562, 0.544549));
#3577 = IFCCARTESIANPOINT ((0.266692, -0.128562, 0.544549));
#3578 = IFCCARTESIANPOINT ((0.266692, -0.0994124, 0.544549));
#3579 = IFCCARTESIANPOINT ((-0.266691, -0.0994124, 0.544549));
#3575 = IFCPOLYLOOP ((#3576, #3577, #3578, #3579));
#3574 = IFCFACEOUTERBOUND (#3575, .T.);
#3573 = IFCFACE ((#3574));
#3537 = IFCCLOSEDSHELL ((#3538, #3545, #3552, #3559, #3566, #3573));
#3536 = IFCFACETEDBREP (#3537);
#3585 = IFCCARTESIANPOINT ((-0.307, -0.128562, 0.544549));
#3586 = IFCCARTESIANPOINT ((-0.307, -0.369412, 0.544549));
#3587 = IFCCARTESIANPOINT ((-0.266691, -0.369412, 0.544549));
#3588 = IFCCARTESIANPOINT ((-0.266691, -0.128562, 0.544549));
#3584 = IFCPOLYLOOP ((#3585, #3586, #3587, #3588));
#3583 = IFCFACEOUTERBOUND (#3584, .T.);
#3582 = IFCFACE ((#3583));
#3592 = IFCCARTESIANPOINT ((-0.307, -0.128562, 0.544549));
#3593 = IFCCARTESIANPOINT ((-0.307, -0.128562, 0.514549));
#3594 = IFCCARTESIANPOINT ((-0.307, -0.369412, 0.514549));
#3595 = IFCCARTESIANPOINT ((-0.307, -0.369412, 0.544549));
#3591 = IFCPOLYLOOP ((#3592, #3593, #3594, #3595));
#3590 = IFCFACEOUTERBOUND (#3591, .T.);
#3589 = IFCFACE ((#3590));
#3599 = IFCCARTESIANPOINT ((-0.266691, -0.369412, 0.544549));
#3600 = IFCCARTESIANPOINT ((-0.307, -0.369412, 0.544549));
#3601 = IFCCARTESIANPOINT ((-0.307, -0.369412, 0.514549));
#3602 = IFCCARTESIANPOINT ((-0.266691, -0.369412, 0.514549));
#3598 = IFCPOLYLOOP ((#3599, #3600, #3601, #3602));
#3597 = IFCFACEOUTERBOUND (#3598, .T.);
#3596 = IFCFACE ((#3597));
#3606 = IFCCARTESIANPOINT ((-0.266691, -0.128562, 0.544549));
#3607 = IFCCARTESIANPOINT ((-0.266691, -0.369412, 0.544549));
#3608 = IFCCARTESIANPOINT ((-0.266691, -0.369412, 0.514549));
#3609 = IFCCARTESIANPOINT ((-0.266691, -0.128562, 0.514549));
#3605 = IFCPOLYLOOP ((#3606, #3607, #3608, #3609));
#3604 = IFCFACEOUTERBOUND (#3605, .T.);
#3603 = IFCFACE ((#3604));
#3613 = IFCCARTESIANPOINT ((-0.307, -0.128562, 0.544549));
#3614 = IFCCARTESIANPOINT ((-0.266691, -0.128562, 0.544549));
#3615 = IFCCARTESIANPOINT ((-0.266691, -0.128562, 0.514549));
#3616 = IFCCARTESIANPOINT ((-0.307, -0.128562, 0.514549));
#3612 = IFCPOLYLOOP ((#3613, #3614, #3615, #3616));
#3611 = IFCFACEOUTERBOUND (#3612, .T.);
#3610 = IFCFACE ((#3611));
#3620 = IFCCARTESIANPOINT ((-0.307, -0.128562, 0.514549));
#3621 = IFCCARTESIANPOINT ((-0.266691, -0.128562, 0.514549));
#3622 = IFCCARTESIANPOINT ((-0.266691, -0.369412, 0.514549));
#3623 = IFCCARTESIANPOINT ((-0.307, -0.369412, 0.514549));
#3619 = IFCPOLYLOOP ((#3620, #3621, #3622, #3623));
#3618 = IFCFACEOUTERBOUND (#3619, .T.);
#3617 = IFCFACE ((#3618));
#3581 = IFCCLOSEDSHELL ((#3582, #3589, #3596, #3603, #3610, #3617));
#3580 = IFCFACETEDBREP (#3581);
#3629 = IFCCARTESIANPOINT ((0.0729865, -0.418727, 1.41053));
#3630 = IFCCARTESIANPOINT ((0.0558614, -0.418727, 1.3849));
#3631 = IFCCARTESIANPOINT ((0.0558614, -0.394487, 1.3849));
#3632 = IFCCARTESIANPOINT ((0.0729865, -0.394487, 1.41053));
#3628 = IFCPOLYLOOP ((#3629, #3630, #3631, #3632));
#3627 = IFCFACEOUTERBOUND (#3628, .T.);
#3626 = IFCFACE ((#3627));
#3636 = IFCCARTESIANPOINT ((0.0558614, -0.418727, 1.3849));
#3637 = IFCCARTESIANPOINT ((0.030232, -0.418727, 1.36777));
#3638 = IFCCARTESIANPOINT ((0.030232, -0.394487, 1.36777));
#3639 = IFCCARTESIANPOINT ((0.0558614, -0.394487, 1.3849));
#3635 = IFCPOLYLOOP ((#3636, #3637, #3638, #3639));
#3634 = IFCFACEOUTERBOUND (#3635, .T.);
#3633 = IFCFACE ((#3634));
#3643 = IFCCARTESIANPOINT ((0.030232, -0.418727, 1.36777));
#3644 = IFCCARTESIANPOINT ((0., -0.418727, 1.36176));
#3645 = IFCCARTESIANPOINT ((0., -0.394487, 1.36176));
#3646 = IFCCARTESIANPOINT ((0.030232, -0.394487, 1.36777));
#3642 = IFCPOLYLOOP ((#3643, #3644, #3645, #3646));
#3641 = IFCFACEOUTERBOUND (#3642, .T.);
#3640 = IFCFACE ((#3641));
#3650 = IFCCARTESIANPOINT ((0., -0.418727, 1.36176));
#3651 = IFCCARTESIANPOINT ((-0.030232, -0.418727, 1.36777));
#3652 = IFCCARTESIANPOINT ((-0.030232, -0.394487, 1.36777));
#3653 = IFCCARTESIANPOINT ((0., -0.394487, 1.36176));
#3649 = IFCPOLYLOOP ((#3650, #3651, #3652, #3653));
#3648 = IFCFACEOUTERBOUND (#3649, .T.);
#3647 = IFCFACE ((#3648));
#3657 = IFCCARTESIANPOINT ((-0.030232, -0.418727, 1.36777));
#3658 = IFCCARTESIANPOINT ((-0.0558614, -0.418727, 1.3849));
#3659 = IFCCARTESIANPOINT ((-0.0558614, -0.394487, 1.3849));
#3660 = IFCCARTESIANPOINT ((-0.030232, -0.394487, 1.36777));
#3656 = IFCPOLYLOOP ((#3657, #3658, #3659, #3660));
#3655 = IFCFACEOUTERBOUND (#3656, .T.);
#3654 = IFCFACE ((#3655));
#3664 = IFCCARTESIANPOINT ((-0.0558614, -0.418727, 1.3849));
#3665 = IFCCARTESIANPOINT ((-0.0729865, -0.418727, 1.41053));
#3666 = IFCCARTESIANPOINT ((-0.0729865, -0.394487, 1.41053));
#3667 = IFCCARTESIANPOINT ((-0.0558614, -0.394487, 1.3849));
#3663 = IFCPOLYLOOP ((#3664, #3665, #3666, #3667));
#3662 = IFCFACEOUTERBOUND (#3663, .T.);
#3661 = IFCFACE ((#3662));
#3671 = IFCCARTESIANPOINT ((-0.0729865, -0.418727, 1.41053));
#3672 = IFCCARTESIANPOINT ((-0.079, -0.418727, 1.44076));
#3673 = IFCCARTESIANPOINT ((-0.079, -0.394487, 1.44076));
#3674 = IFCCARTESIANPOINT ((-0.0729865, -0.394487, 1.41053));
#3670 = IFCPOLYLOOP ((#3671, #3672, #3673, #3674));
#3669 = IFCFACEOUTERBOUND (#3670, .T.);
#3668 = IFCFACE ((#3669));
#3678 = IFCCARTESIANPOINT ((-0.079, -0.418727, 1.44076));
#3679 = IFCCARTESIANPOINT ((-0.0729865, -0.418727, 1.47099));
#3680 = IFCCARTESIANPOINT ((-0.0729865, -0.394487, 1.47099));
#3681 = IFCCARTESIANPOINT ((-0.079, -0.394487, 1.44076));
#3677 = IFCPOLYLOOP ((#3678, #3679, #3680, #3681));
#3676 = IFCFACEOUTERBOUND (#3677, .T.);
#3675 = IFCFACE ((#3676));
#3685 = IFCCARTESIANPOINT ((-0.0729865, -0.418727, 1.47099));
#3686 = IFCCARTESIANPOINT ((-0.0558614, -0.418727, 1.49662));
#3687 = IFCCARTESIANPOINT ((-0.0558614, -0.394487, 1.49662));
#3688 = IFCCARTESIANPOINT ((-0.0729865, -0.394487, 1.47099));
#3684 = IFCPOLYLOOP ((#3685, #3686, #3687, #3688));
#3683 = IFCFACEOUTERBOUND (#3684, .T.);
#3682 = IFCFACE ((#3683));
#3692 = IFCCARTESIANPOINT ((-0.0558614, -0.418727, 1.49662));
#3693 = IFCCARTESIANPOINT ((-0.030232, -0.418727, 1.51375));
#3694 = IFCCARTESIANPOINT ((-0.030232, -0.394487, 1.51375));
#3695 = IFCCARTESIANPOINT ((-0.0558614, -0.394487, 1.49662));
#3691 = IFCPOLYLOOP ((#3692, #3693, #3694, #3695));
#3690 = IFCFACEOUTERBOUND (#3691, .T.);
#3689 = IFCFACE ((#3690));
#3699 = IFCCARTESIANPOINT ((-0.030232, -0.418727, 1.51375));
#3700 = IFCCARTESIANPOINT ((0., -0.418727, 1.51976));
#3701 = IFCCARTESIANPOINT ((0., -0.394487, 1.51976));
#3702 = IFCCARTESIANPOINT ((-0.030232, -0.394487, 1.51375));
#3698 = IFCPOLYLOOP ((#3699, #3700, #3701, #3702));
#3697 = IFCFACEOUTERBOUND (#3698, .T.);
#3696 = IFCFACE ((#3697));
#3706 = IFCCARTESIANPOINT ((0., -0.418727, 1.51976));
#3707 = IFCCARTESIANPOINT ((0.030232, -0.418727, 1.51375));
#3708 = IFCCARTESIANPOINT ((0.030232, -0.394487, 1.51375));
#3709 = IFCCARTESIANPOINT ((0., -0.394487, 1.51976));
#3705 = IFCPOLYLOOP ((#3706, #3707, #3708, #3709));
#3704 = IFCFACEOUTERBOUND (#3705, .T.);
#3703 = IFCFACE ((#3704));
#3713 = IFCCARTESIANPOINT ((0.030232, -0.418727, 1.51375));
#3714 = IFCCARTESIANPOINT ((0.0558614, -0.418727, 1.49662));
#3715 = IFCCARTESIANPOINT ((0.0558614, -0.394487, 1.49662));
#3716 = IFCCARTESIANPOINT ((0.030232, -0.394487, 1.51375));
#3712 = IFCPOLYLOOP ((#3713, #3714, #3715, #3716));
#3711 = IFCFACEOUTERBOUND (#3712, .T.);
#3710 = IFCFACE ((#3711));
#3720 = IFCCARTESIANPOINT ((0.0558614, -0.418727, 1.49662));
#3721 = IFCCARTESIANPOINT ((0.0729865, -0.418727, 1.47099));
#3722 = IFCCARTESIANPOINT ((0.0729865, -0.394487, 1.47099));
#3723 = IFCCARTESIANPOINT ((0.0558614, -0.394487, 1.49662));
#3719 = IFCPOLYLOOP ((#3720, #3721, #3722, #3723));
#3718 = IFCFACEOUTERBOUND (#3719, .T.);
#3717 = IFCFACE ((#3718));
#3727 = IFCCARTESIANPOINT ((0.0729865, -0.418727, 1.47099));
#3728 = IFCCARTESIANPOINT ((0.079, -0.418727, 1.44076));
#3729 = IFCCARTESIANPOINT ((0.079, -0.394487, 1.44076));
#3730 = IFCCARTESIANPOINT ((0.0729865, -0.394487, 1.47099));
#3726 = IFCPOLYLOOP ((#3727, #3728, #3729, #3730));
#3725 = IFCFACEOUTERBOUND (#3726, .T.);
#3724 = IFCFACE ((#3725));
#3734 = IFCCARTESIANPOINT ((0.079, -0.418727, 1.44076));
#3735 = IFCCARTESIANPOINT ((0.0729865, -0.418727, 1.41053));
#3736 = IFCCARTESIANPOINT ((0.0729865, -0.394487, 1.41053));
#3737 = IFCCARTESIANPOINT ((0.079, -0.394487, 1.44076));
#3733 = IFCPOLYLOOP ((#3734, #3735, #3736, #3737));
#3732 = IFCFACEOUTERBOUND (#3733, .T.);
#3731 = IFCFACE ((#3732));
#3741 = IFCCARTESIANPOINT ((0.0729865, -0.394487, 1.41053));
#3742 = IFCCARTESIANPOINT ((0.0558614, -0.394487, 1.3849));
#3743 = IFCCARTESIANPOINT ((0.030232, -0.394487, 1.36777));
#3744 = IFCCARTESIANPOINT ((0., -0.394487, 1.36176));
#3745 = IFCCARTESIANPOINT ((-0.030232, -0.394487, 1.36777));
#3746 = IFCCARTESIANPOINT ((-0.0558614, -0.394487, 1.3849));
#3747 = IFCCARTESIANPOINT ((-0.0729865, -0.394487, 1.41053));
#3748 = IFCCARTESIANPOINT ((-0.079, -0.394487, 1.44076));
#3749 = IFCCARTESIANPOINT ((-0.0729865, -0.394487, 1.47099));
#3750 = IFCCARTESIANPOINT ((-0.0558614, -0.394487, 1.49662));
#3751 = IFCCARTESIANPOINT ((-0.030232, -0.394487, 1.51375));
#3752 = IFCCARTESIANPOINT ((0., -0.394487, 1.51976));
#3753 = IFCCARTESIANPOINT ((0.030232, -0.394487, 1.51375));
#3754 = IFCCARTESIANPOINT ((0.0558614, -0.394487, 1.49662));
#3755 = IFCCARTESIANPOINT ((0.0729865, -0.394487, 1.47099));
#3756 = IFCCARTESIANPOINT ((0.079, -0.394487, 1.44076));
#3740 = IFCPOLYLOOP ((#3741, #3742, #3743, #3744, #3745, #3746, #3747, #3748, #3749, #3750, #3751, #3752, #3753, #3754, #3755, #3756));
#3739 = IFCFACEOUTERBOUND (#3740, .T.);
#3738 = IFCFACE ((#3739));
#3760 = IFCCARTESIANPOINT ((0.079, -0.418727, 1.44076));
#3761 = IFCCARTESIANPOINT ((0.0729865, -0.418727, 1.47099));
#3762 = IFCCARTESIANPOINT ((0.0558614, -0.418727, 1.49662));
#3763 = IFCCARTESIANPOINT ((0.030232, -0.418727, 1.51375));
#3764 = IFCCARTESIANPOINT ((0., -0.418727, 1.51976));
#3765 = IFCCARTESIANPOINT ((-0.030232, -0.418727, 1.51375));
#3766 = IFCCARTESIANPOINT ((-0.0558614, -0.418727, 1.49662));
#3767 = IFCCARTESIANPOINT ((-0.0729865, -0.418727, 1.47099));
#3768 = IFCCARTESIANPOINT ((-0.079, -0.418727, 1.44076));
#3769 = IFCCARTESIANPOINT ((-0.0729865, -0.418727, 1.41053));
#3770 = IFCCARTESIANPOINT ((-0.0558614, -0.418727, 1.3849));
#3771 = IFCCARTESIANPOINT ((-0.030232, -0.418727, 1.36777));
#3772 = IFCCARTESIANPOINT ((0., -0.418727, 1.36176));
#3773 = IFCCARTESIANPOINT ((0.030232, -0.418727, 1.36777));
#3774 = IFCCARTESIANPOINT ((0.0558614, -0.418727, 1.3849));
#3775 = IFCCARTESIANPOINT ((0.0729865, -0.418727, 1.41053));
#3759 = IFCPOLYLOOP ((#3760, #3761, #3762, #3763, #3764, #3765, #3766, #3767, #3768, #3769, #3770, #3771, #3772, #3773, #3774, #3775));
#3758 = IFCFACEOUTERBOUND (#3759, .T.);
#3757 = IFCFACE ((#3758));
#3625 = IFCCLOSEDSHELL ((#3626, #3633, #3640, #3647, #3654, #3661, #3668, #3675, #3682, #3689, #3696, #3703, #3710, #3717, #3724, #3731, #3738, #3757));
#3624 = IFCFACETEDBREP (#3625);
#3781 = IFCCARTESIANPOINT ((0.3, -1.588, 0.80725));
#3782 = IFCCARTESIANPOINT ((0.3, -1.588, 0.107664));
#3783 = IFCCARTESIANPOINT ((0.3, -0.848723, 0.107664));
#3784 = IFCCARTESIANPOINT ((0.3, -0.848723, 0.80725));
#3780 = IFCPOLYLOOP ((#3781, #3782, #3783, #3784));
#3779 = IFCFACEOUTERBOUND (#3780, .T.);
#3778 = IFCFACE ((#3779));
#3788 = IFCCARTESIANPOINT ((0.3, -1.588, 0.107664));
#3789 = IFCCARTESIANPOINT ((0.24, -1.588, 0.047243));
#3790 = IFCCARTESIANPOINT ((0.24, -0.848723, 0.047243));
#3791 = IFCCARTESIANPOINT ((0.3, -0.848723, 0.107664));
#3787 = IFCPOLYLOOP ((#3788, #3789, #3790, #3791));
#3786 = IFCFACEOUTERBOUND (#3787, .T.);
#3785 = IFCFACE ((#3786));
#3795 = IFCCARTESIANPOINT ((0.24, -1.588, 0.047243));
#3796 = IFCCARTESIANPOINT ((0.24, -1.588, 0.867251));
#3797 = IFCCARTESIANPOINT ((0.24, -0.848723, 0.867251));
#3798 = IFCCARTESIANPOINT ((0.24, -0.848723, 0.047243));
#3794 = IFCPOLYLOOP ((#3795, #3796, #3797, #3798));
#3793 = IFCFACEOUTERBOUND (#3794, .T.);
#3792 = IFCFACE ((#3793));
#3802 = IFCCARTESIANPOINT ((0.24, -1.588, 0.867251));
#3803 = IFCCARTESIANPOINT ((0.3, -1.588, 0.80725));
#3804 = IFCCARTESIANPOINT ((0.3, -0.848723, 0.80725));
#3805 = IFCCARTESIANPOINT ((0.24, -0.848723, 0.867251));
#3801 = IFCPOLYLOOP ((#3802, #3803, #3804, #3805));
#3800 = IFCFACEOUTERBOUND (#3801, .T.);
#3799 = IFCFACE ((#3800));
#3809 = IFCCARTESIANPOINT ((0.3, -0.848723, 0.80725));
#3810 = IFCCARTESIANPOINT ((0.3, -0.848723, 0.107664));
#3811 = IFCCARTESIANPOINT ((0.24, -0.848723, 0.047243));
#3812 = IFCCARTESIANPOINT ((0.24, -0.848723, 0.867251));
#3808 = IFCPOLYLOOP ((#3809, #3810, #3811, #3812));
#3807 = IFCFACEOUTERBOUND (#3808, .T.);
#3806 = IFCFACE ((#3807));
#3816 = IFCCARTESIANPOINT ((0.24, -1.588, 0.867251));
#3817 = IFCCARTESIANPOINT ((0.24, -1.588, 0.047243));
#3818 = IFCCARTESIANPOINT ((0.3, -1.588, 0.107664));
#3819 = IFCCARTESIANPOINT ((0.3, -1.588, 0.80725));
#3815 = IFCPOLYLOOP ((#3816, #3817, #3818, #3819));
#3814 = IFCFACEOUTERBOUND (#3815, .T.);
#3813 = IFCFACE ((#3814));
#3777 = IFCCLOSEDSHELL ((#3778, #3785, #3792, #3799, #3806, #3813));
#3776 = IFCFACETEDBREP (#3777);
#3825 = IFCCARTESIANPOINT ((-0.3, -1.588, 0.107663));
#3826 = IFCCARTESIANPOINT ((-0.3, -1.588, 0.807249));
#3827 = IFCCARTESIANPOINT ((-0.3, -0.848723, 0.807249));
#3828 = IFCCARTESIANPOINT ((-0.3, -0.848723, 0.107663));
#3824 = IFCPOLYLOOP ((#3825, #3826, #3827, #3828));
#3823 = IFCFACEOUTERBOUND (#3824, .T.);
#3822 = IFCFACE ((#3823));
#3832 = IFCCARTESIANPOINT ((-0.3, -1.588, 0.807249));
#3833 = IFCCARTESIANPOINT ((-0.24, -1.588, 0.86725));
#3834 = IFCCARTESIANPOINT ((-0.24, -0.848723, 0.86725));
#3835 = IFCCARTESIANPOINT ((-0.3, -0.848723, 0.807249));
#3831 = IFCPOLYLOOP ((#3832, #3833, #3834, #3835));
#3830 = IFCFACEOUTERBOUND (#3831, .T.);
#3829 = IFCFACE ((#3830));
#3839 = IFCCARTESIANPOINT ((-0.24, -1.588, 0.86725));
#3840 = IFCCARTESIANPOINT ((-0.24, -1.588, 0.0472421));
#3841 = IFCCARTESIANPOINT ((-0.24, -0.848723, 0.0472421));
#3842 = IFCCARTESIANPOINT ((-0.24, -0.848723, 0.86725));
#3838 = IFCPOLYLOOP ((#3839, #3840, #3841, #3842));
#3837 = IFCFACEOUTERBOUND (#3838, .T.);
#3836 = IFCFACE ((#3837));
#3846 = IFCCARTESIANPOINT ((-0.24, -1.588, 0.0472421));
#3847 = IFCCARTESIANPOINT ((-0.3, -1.588, 0.107663));
#3848 = IFCCARTESIANPOINT ((-0.3, -0.848723, 0.107663));
#3849 = IFCCARTESIANPOINT ((-0.24, -0.848723, 0.0472421));
#3845 = IFCPOLYLOOP ((#3846, #3847, #3848, #3849));
#3844 = IFCFACEOUTERBOUND (#3845, .T.);
#3843 = IFCFACE ((#3844));
#3853 = IFCCARTESIANPOINT ((-0.3, -0.848723, 0.107663));
#3854 = IFCCARTESIANPOINT ((-0.3, -0.848723, 0.807249));
#3855 = IFCCARTESIANPOINT ((-0.24, -0.848723, 0.86725));
#3856 = IFCCARTESIANPOINT ((-0.24, -0.848723, 0.0472421));
#3852 = IFCPOLYLOOP ((#3853, #3854, #3855, #3856));
#3851 = IFCFACEOUTERBOUND (#3852, .T.);
#3850 = IFCFACE ((#3851));
#3860 = IFCCARTESIANPOINT ((-0.24, -1.588, 0.0472421));
#3861 = IFCCARTESIANPOINT ((-0.24, -1.588, 0.86725));
#3862 = IFCCARTESIANPOINT ((-0.3, -1.588, 0.807249));
#3863 = IFCCARTESIANPOINT ((-0.3, -1.588, 0.107663));
#3859 = IFCPOLYLOOP ((#3860, #3861, #3862, #3863));
#3858 = IFCFACEOUTERBOUND (#3859, .T.);
#3857 = IFCFACE ((#3858));
#3821 = IFCCLOSEDSHELL ((#3822, #3829, #3836, #3843, #3850, #3857));
#3820 = IFCFACETEDBREP (#3821);
#3869 = IFCCARTESIANPOINT ((0.115, -1.898, 0.110505));
#3870 = IFCCARTESIANPOINT ((0.115, -1.898, 0.63044));
#3871 = IFCCARTESIANPOINT ((-0.115, -1.898, 0.63044));
#3872 = IFCCARTESIANPOINT ((-0.115, -1.898, 0.110505));
#3868 = IFCPOLYLOOP ((#3869, #3870, #3871, #3872));
#3867 = IFCFACEOUTERBOUND (#3868, .T.);
#3866 = IFCFACE ((#3867));
#3876 = IFCCARTESIANPOINT ((0.115, -1.898, 0.110505));
#3877 = IFCCARTESIANPOINT ((0.115, -1.8877, 0.110505));
#3878 = IFCCARTESIANPOINT ((0.115, -1.8877, 0.63044));
#3879 = IFCCARTESIANPOINT ((0.115, -1.898, 0.63044));
#3875 = IFCPOLYLOOP ((#3876, #3877, #3878, #3879));
#3874 = IFCFACEOUTERBOUND (#3875, .T.);
#3873 = IFCFACE ((#3874));
#3883 = IFCCARTESIANPOINT ((-0.115, -1.898, 0.63044));
#3884 = IFCCARTESIANPOINT ((0.115, -1.898, 0.63044));
#3885 = IFCCARTESIANPOINT ((0.115, -1.8877, 0.63044));
#3886 = IFCCARTESIANPOINT ((-0.115, -1.8877, 0.63044));
#3882 = IFCPOLYLOOP ((#3883, #3884, #3885, #3886));
#3881 = IFCFACEOUTERBOUND (#3882, .T.);
#3880 = IFCFACE ((#3881));
#3890 = IFCCARTESIANPOINT ((-0.115, -1.898, 0.110505));
#3891 = IFCCARTESIANPOINT ((-0.115, -1.898, 0.63044));
#3892 = IFCCARTESIANPOINT ((-0.115, -1.8877, 0.63044));
#3893 = IFCCARTESIANPOINT ((-0.115, -1.8877, 0.110505));
#3889 = IFCPOLYLOOP ((#3890, #3891, #3892, #3893));
#3888 = IFCFACEOUTERBOUND (#3889, .T.);
#3887 = IFCFACE ((#3888));
#3897 = IFCCARTESIANPOINT ((0.115, -1.898, 0.110505));
#3898 = IFCCARTESIANPOINT ((-0.115, -1.898, 0.110505));
#3899 = IFCCARTESIANPOINT ((-0.115, -1.8877, 0.110505));
#3900 = IFCCARTESIANPOINT ((0.115, -1.8877, 0.110505));
#3896 = IFCPOLYLOOP ((#3897, #3898, #3899, #3900));
#3895 = IFCFACEOUTERBOUND (#3896, .T.);
#3894 = IFCFACE ((#3895));
#3904 = IFCCARTESIANPOINT ((0.115, -1.8877, 0.110505));
#3905 = IFCCARTESIANPOINT ((-0.115, -1.8877, 0.110505));
#3906 = IFCCARTESIANPOINT ((-0.115, -1.8877, 0.63044));
#3907 = IFCCARTESIANPOINT ((0.115, -1.8877, 0.63044));
#3903 = IFCPOLYLOOP ((#3904, #3905, #3906, #3907));
#3902 = IFCFACEOUTERBOUND (#3903, .T.);
#3901 = IFCFACE ((#3902));
#3865 = IFCCLOSEDSHELL ((#3866, #3873, #3880, #3887, #3894, #3901));
#3864 = IFCFACETEDBREP (#3865);
#3913 = IFCCARTESIANPOINT ((-0.18125, -1.58235, 0.973267));
#3914 = IFCCARTESIANPOINT ((-0.18125, -1.58294, 0.964245));
#3915 = IFCCARTESIANPOINT ((0.17787, -1.58294, 0.964245));
#3916 = IFCCARTESIANPOINT ((0.17787, -1.58235, 0.973267));
#3912 = IFCPOLYLOOP ((#3913, #3914, #3915, #3916));
#3911 = IFCFACEOUTERBOUND (#3912, .T.);
#3910 = IFCFACE ((#3911));
#3920 = IFCCARTESIANPOINT ((-0.18125, -1.58294, 0.964245));
#3921 = IFCCARTESIANPOINT ((-0.18125, -1.58324, 0.955207));
#3922 = IFCCARTESIANPOINT ((0.17787, -1.58324, 0.955207));
#3923 = IFCCARTESIANPOINT ((0.17787, -1.58294, 0.964245));
#3919 = IFCPOLYLOOP ((#3920, #3921, #3922, #3923));
#3918 = IFCFACEOUTERBOUND (#3919, .T.);
#3917 = IFCFACE ((#3918));
#3927 = IFCCARTESIANPOINT ((-0.18125, -1.58324, 0.955207));
#3928 = IFCCARTESIANPOINT ((-0.18125, -1.58322, 0.946166));
#3929 = IFCCARTESIANPOINT ((0.17787, -1.58322, 0.946166));
#3930 = IFCCARTESIANPOINT ((0.17787, -1.58324, 0.955207));
#3926 = IFCPOLYLOOP ((#3927, #3928, #3929, #3930));
#3925 = IFCFACEOUTERBOUND (#3926, .T.);
#3924 = IFCFACE ((#3925));
#3934 = IFCCARTESIANPOINT ((-0.18125, -1.58322, 0.946166));
#3935 = IFCCARTESIANPOINT ((-0.18125, -1.5829, 0.937129));
#3936 = IFCCARTESIANPOINT ((0.17787, -1.5829, 0.937129));
#3937 = IFCCARTESIANPOINT ((0.17787, -1.58322, 0.946166));
#3933 = IFCPOLYLOOP ((#3934, #3935, #3936, #3937));
#3932 = IFCFACEOUTERBOUND (#3933, .T.);
#3931 = IFCFACE ((#3932));
#3941 = IFCCARTESIANPOINT ((-0.18125, -1.5829, 0.937129));
#3942 = IFCCARTESIANPOINT ((-0.18125, -1.58105, 0.92964));
#3943 = IFCCARTESIANPOINT ((0.17787, -1.58105, 0.92964));
#3944 = IFCCARTESIANPOINT ((0.17787, -1.5829, 0.937129));
#3940 = IFCPOLYLOOP ((#3941, #3942, #3943, #3944));
#3939 = IFCFACEOUTERBOUND (#3940, .T.);
#3938 = IFCFACE ((#3939));
#3948 = IFCCARTESIANPOINT ((-0.18125, -1.58105, 0.92964));
#3949 = IFCCARTESIANPOINT ((-0.18125, -1.57656, 0.923369));
#3950 = IFCCARTESIANPOINT ((0.17787, -1.57656, 0.923369));
#3951 = IFCCARTESIANPOINT ((0.17787, -1.58105, 0.92964));
#3947 = IFCPOLYLOOP ((#3948, #3949, #3950, #3951));
#3946 = IFCFACEOUTERBOUND (#3947, .T.);
#3945 = IFCFACE ((#3946));
#3955 = IFCCARTESIANPOINT ((-0.18125, -1.57656, 0.923369));
#3956 = IFCCARTESIANPOINT ((-0.18125, -1.57006, 0.91921));
#3957 = IFCCARTESIANPOINT ((0.17787, -1.57006, 0.91921));
#3958 = IFCCARTESIANPOINT ((0.17787, -1.57656, 0.923369));
#3954 = IFCPOLYLOOP ((#3955, #3956, #3957, #3958));
#3953 = IFCFACEOUTERBOUND (#3954, .T.);
#3952 = IFCFACE ((#3953));
#3962 = IFCCARTESIANPOINT ((-0.18125, -1.57006, 0.91921));
#3963 = IFCCARTESIANPOINT ((-0.18125, -1.56248, 0.917754));
#3964 = IFCCARTESIANPOINT ((0.17787, -1.56248, 0.917754));
#3965 = IFCCARTESIANPOINT ((0.17787, -1.57006, 0.91921));
#3961 = IFCPOLYLOOP ((#3962, #3963, #3964, #3965));
#3960 = IFCFACEOUTERBOUND (#3961, .T.);
#3959 = IFCFACE ((#3960));
#3969 = IFCCARTESIANPOINT ((-0.18125, -1.56248, 0.917754));
#3970 = IFCCARTESIANPOINT ((-0.18125, -1.3478, 0.917754));
#3971 = IFCCARTESIANPOINT ((0.17787, -1.3478, 0.917754));
#3972 = IFCCARTESIANPOINT ((0.17787, -1.56248, 0.917754));
#3968 = IFCPOLYLOOP ((#3969, #3970, #3971, #3972));
#3967 = IFCFACEOUTERBOUND (#3968, .T.);
#3966 = IFCFACE ((#3967));
#3976 = IFCCARTESIANPOINT ((-0.18125, -1.3478, 0.917754));
#3977 = IFCCARTESIANPOINT ((-0.18125, -1.35182, 0.994502));
#3978 = IFCCARTESIANPOINT ((0.17787, -1.35182, 0.994502));
#3979 = IFCCARTESIANPOINT ((0.17787, -1.3478, 0.917754));
#3975 = IFCPOLYLOOP ((#3976, #3977, #3978, #3979));
#3974 = IFCFACEOUTERBOUND (#3975, .T.);
#3973 = IFCFACE ((#3974));
#3983 = IFCCARTESIANPOINT ((-0.18125, -1.35182, 0.994502));
#3984 = IFCCARTESIANPOINT ((-0.18125, -1.36439, 1.01245));
#3985 = IFCCARTESIANPOINT ((0.17787, -1.36439, 1.01245));
#3986 = IFCCARTESIANPOINT ((0.17787, -1.35182, 0.994502));
#3982 = IFCPOLYLOOP ((#3983, #3984, #3985, #3986));
#3981 = IFCFACEOUTERBOUND (#3982, .T.);
#3980 = IFCFACE ((#3981));
#3990 = IFCCARTESIANPOINT ((-0.18125, -1.36439, 1.01245));
#3991 = IFCCARTESIANPOINT ((-0.18125, -1.53532, 1.01244));
#3992 = IFCCARTESIANPOINT ((0.17787, -1.53532, 1.01244));
#3993 = IFCCARTESIANPOINT ((0.17787, -1.36439, 1.01245));
#3989 = IFCPOLYLOOP ((#3990, #3991, #3992, #3993));
#3988 = IFCFACEOUTERBOUND (#3989, .T.);
#3987 = IFCFACE ((#3988));
#3997 = IFCCARTESIANPOINT ((-0.18125, -1.53532, 1.01244));
#3998 = IFCCARTESIANPOINT ((-0.18125, -1.54145, 1.01184));
#3999 = IFCCARTESIANPOINT ((0.17787, -1.54145, 1.01184));
#4000 = IFCCARTESIANPOINT ((0.17787, -1.53532, 1.01244));
#3996 = IFCPOLYLOOP ((#3997, #3998, #3999, #4000));
#3995 = IFCFACEOUTERBOUND (#3996, .T.);
#3994 = IFCFACE ((#3995));
#4004 = IFCCARTESIANPOINT ((-0.18125, -1.54145, 1.01184));
#4005 = IFCCARTESIANPOINT ((-0.18125, -1.54735, 1.01005));
#4006 = IFCCARTESIANPOINT ((0.17787, -1.54735, 1.01005));
#4007 = IFCCARTESIANPOINT ((0.17787, -1.54145, 1.01184));
#4003 = IFCPOLYLOOP ((#4004, #4005, #4006, #4007));
#4002 = IFCFACEOUTERBOUND (#4003, .T.);
#4001 = IFCFACE ((#4002));
#4011 = IFCCARTESIANPOINT ((-0.18125, -1.54735, 1.01005));
#4012 = IFCCARTESIANPOINT ((-0.18125, -1.55279, 1.00715));
#4013 = IFCCARTESIANPOINT ((0.17787, -1.55279, 1.00715));
#4014 = IFCCARTESIANPOINT ((0.17787, -1.54735, 1.01005));
#4010 = IFCPOLYLOOP ((#4011, #4012, #4013, #4014));
#4009 = IFCFACEOUTERBOUND (#4010, .T.);
#4008 = IFCFACE ((#4009));
#4018 = IFCCARTESIANPOINT ((-0.18125, -1.55279, 1.00715));
#4019 = IFCCARTESIANPOINT ((-0.18125, -1.55755, 1.00323));
#4020 = IFCCARTESIANPOINT ((0.17787, -1.55755, 1.00323));
#4021 = IFCCARTESIANPOINT ((0.17787, -1.55279, 1.00715));
#4017 = IFCPOLYLOOP ((#4018, #4019, #4020, #4021));
#4016 = IFCFACEOUTERBOUND (#4017, .T.);
#4015 = IFCFACE ((#4016));
#4025 = IFCCARTESIANPOINT ((-0.18125, -1.55755, 1.00323));
#4026 = IFCCARTESIANPOINT ((-0.18125, -1.58188, 0.978907));
#4027 = IFCCARTESIANPOINT ((0.17787, -1.58188, 0.978907));
#4028 = IFCCARTESIANPOINT ((0.17787, -1.55755, 1.00323));
#4024 = IFCPOLYLOOP ((#4025, #4026, #4027, #4028));
#4023 = IFCFACEOUTERBOUND (#4024, .T.);
#4022 = IFCFACE ((#4023));
#4032 = IFCCARTESIANPOINT ((-0.18125, -1.58188, 0.978907));
#4033 = IFCCARTESIANPOINT ((-0.18125, -1.58235, 0.973267));
#4034 = IFCCARTESIANPOINT ((0.17787, -1.58235, 0.973267));
#4035 = IFCCARTESIANPOINT ((0.17787, -1.58188, 0.978907));
#4031 = IFCPOLYLOOP ((#4032, #4033, #4034, #4035));
#4030 = IFCFACEOUTERBOUND (#4031, .T.);
#4029 = IFCFACE ((#4030));
#4039 = IFCCARTESIANPOINT ((0.17787, -1.58235, 0.973267));
#4040 = IFCCARTESIANPOINT ((0.17787, -1.58294, 0.964245));
#4041 = IFCCARTESIANPOINT ((0.17787, -1.58324, 0.955207));
#4042 = IFCCARTESIANPOINT ((0.17787, -1.58322, 0.946166));
#4043 = IFCCARTESIANPOINT ((0.17787, -1.5829, 0.937129));
#4044 = IFCCARTESIANPOINT ((0.17787, -1.58105, 0.92964));
#4045 = IFCCARTESIANPOINT ((0.17787, -1.57656, 0.923369));
#4046 = IFCCARTESIANPOINT ((0.17787, -1.57006, 0.91921));
#4047 = IFCCARTESIANPOINT ((0.17787, -1.56248, 0.917754));
#4048 = IFCCARTESIANPOINT ((0.17787, -1.3478, 0.917754));
#4049 = IFCCARTESIANPOINT ((0.17787, -1.35182, 0.994502));
#4050 = IFCCARTESIANPOINT ((0.17787, -1.36439, 1.01245));
#4051 = IFCCARTESIANPOINT ((0.17787, -1.53532, 1.01244));
#4052 = IFCCARTESIANPOINT ((0.17787, -1.54145, 1.01184));
#4053 = IFCCARTESIANPOINT ((0.17787, -1.54735, 1.01005));
#4054 = IFCCARTESIANPOINT ((0.17787, -1.55279, 1.00715));
#4055 = IFCCARTESIANPOINT ((0.17787, -1.55755, 1.00323));
#4056 = IFCCARTESIANPOINT ((0.17787, -1.58188, 0.978907));
#4038 = IFCPOLYLOOP ((#4039, #4040, #4041, #4042, #4043, #4044, #4045, #4046, #4047, #4048, #4049, #4050, #4051, #4052, #4053, #4054, #4055, #4056));
#4037 = IFCFACEOUTERBOUND (#4038, .T.);
#4036 = IFCFACE ((#4037));
#4060 = IFCCARTESIANPOINT ((-0.18125, -1.58188, 0.978907));
#4061 = IFCCARTESIANPOINT ((-0.18125, -1.55755, 1.00323));
#4062 = IFCCARTESIANPOINT ((-0.18125, -1.55279, 1.00715));
#4063 = IFCCARTESIANPOINT ((-0.18125, -1.54735, 1.01005));
#4064 = IFCCARTESIANPOINT ((-0.18125, -1.54145, 1.01184));
#4065 = IFCCARTESIANPOINT ((-0.18125, -1.53532, 1.01244));
#4066 = IFCCARTESIANPOINT ((-0.18125, -1.36439, 1.01245));
#4067 = IFCCARTESIANPOINT ((-0.18125, -1.35182, 0.994502));
#4068 = IFCCARTESIANPOINT ((-0.18125, -1.3478, 0.917754));
#4069 = IFCCARTESIANPOINT ((-0.18125, -1.56248, 0.917754));
#4070 = IFCCARTESIANPOINT ((-0.18125, -1.57006, 0.91921));
#4071 = IFCCARTESIANPOINT ((-0.18125, -1.57656, 0.923369));
#4072 = IFCCARTESIANPOINT ((-0.18125, -1.58105, 0.92964));
#4073 = IFCCARTESIANPOINT ((-0.18125, -1.5829, 0.937129));
#4074 = IFCCARTESIANPOINT ((-0.18125, -1.58322, 0.946166));
#4075 = IFCCARTESIANPOINT ((-0.18125, -1.58324, 0.955207));
#4076 = IFCCARTESIANPOINT ((-0.18125, -1.58294, 0.964245));
#4077 = IFCCARTESIANPOINT ((-0.18125, -1.58235, 0.973267));
#4059 = IFCPOLYLOOP ((#4060, #4061, #4062, #4063, #4064, #4065, #4066, #4067, #4068, #4069, #4070, #4071, #4072, #4073, #4074, #4075, #4076, #4077));
#4058 = IFCFACEOUTERBOUND (#4059, .T.);
#4057 = IFCFACE ((#4058));
#3909 = IFCCLOSEDSHELL ((#3910, #3917, #3924, #3931, #3938, #3945, #3952, #3959, #3966, #3973, #3980, #3987, #3994, #4001, #4008, #4015, #4022, #4029, #4036, #4057));
#3908 = IFCFACETEDBREP (#3909);
#4083 = IFCCARTESIANPOINT ((-0.149597, -1.53498, 0.917754));
#4084 = IFCCARTESIANPOINT ((-0.149597, -1.53498, 0.895999));
#4085 = IFCCARTESIANPOINT ((0.147097, -1.53498, 0.895999));
#4086 = IFCCARTESIANPOINT ((0.147097, -1.53498, 0.917754));
#4082 = IFCPOLYLOOP ((#4083, #4084, #4085, #4086));
#4081 = IFCFACEOUTERBOUND (#4082, .T.);
#4080 = IFCFACE ((#4081));
#4090 = IFCCARTESIANPOINT ((-0.149597, -1.53498, 0.895999));
#4091 = IFCCARTESIANPOINT ((-0.149597, -1.36213, 0.895999));
#4092 = IFCCARTESIANPOINT ((0.147097, -1.36213, 0.895999));
#4093 = IFCCARTESIANPOINT ((0.147097, -1.53498, 0.895999));
#4089 = IFCPOLYLOOP ((#4090, #4091, #4092, #4093));
#4088 = IFCFACEOUTERBOUND (#4089, .T.);
#4087 = IFCFACE ((#4088));
#4097 = IFCCARTESIANPOINT ((-0.149597, -1.36213, 0.895999));
#4098 = IFCCARTESIANPOINT ((-0.149597, -1.36327, 0.917754));
#4099 = IFCCARTESIANPOINT ((0.147097, -1.36327, 0.917754));
#4100 = IFCCARTESIANPOINT ((0.147097, -1.36213, 0.895999));
#4096 = IFCPOLYLOOP ((#4097, #4098, #4099, #4100));
#4095 = IFCFACEOUTERBOUND (#4096, .T.);
#4094 = IFCFACE ((#4095));
#4104 = IFCCARTESIANPOINT ((-0.149597, -1.36327, 0.917754));
#4105 = IFCCARTESIANPOINT ((-0.149597, -1.53498, 0.917754));
#4106 = IFCCARTESIANPOINT ((0.147097, -1.53498, 0.917754));
#4107 = IFCCARTESIANPOINT ((0.147097, -1.36327, 0.917754));
#4103 = IFCPOLYLOOP ((#4104, #4105, #4106, #4107));
#4102 = IFCFACEOUTERBOUND (#4103, .T.);
#4101 = IFCFACE ((#4102));
#4111 = IFCCARTESIANPOINT ((0.147097, -1.53498, 0.917754));
#4112 = IFCCARTESIANPOINT ((0.147097, -1.53498, 0.895999));
#4113 = IFCCARTESIANPOINT ((0.147097, -1.36213, 0.895999));
#4114 = IFCCARTESIANPOINT ((0.147097, -1.36327, 0.917754));
#4110 = IFCPOLYLOOP ((#4111, #4112, #4113, #4114));
#4109 = IFCFACEOUTERBOUND (#4110, .T.);
#4108 = IFCFACE ((#4109));
#4118 = IFCCARTESIANPOINT ((-0.149597, -1.36327, 0.917754));
#4119 = IFCCARTESIANPOINT ((-0.149597, -1.36213, 0.895999));
#4120 = IFCCARTESIANPOINT ((-0.149597, -1.53498, 0.895999));
#4121 = IFCCARTESIANPOINT ((-0.149597, -1.53498, 0.917754));
#4117 = IFCPOLYLOOP ((#4118, #4119, #4120, #4121));
#4116 = IFCFACEOUTERBOUND (#4117, .T.);
#4115 = IFCFACE ((#4116));
#4079 = IFCCLOSEDSHELL ((#4080, #4087, #4094, #4101, #4108, #4115));
#4078 = IFCFACETEDBREP (#4079);
#4127 = IFCCARTESIANPOINT ((0.0802502, -1.55343, 1.0067));
#4128 = IFCCARTESIANPOINT ((0.0802502, -1.52113, 1.039));
#4129 = IFCCARTESIANPOINT ((-0.0827498, -1.52113, 1.039));
#4130 = IFCCARTESIANPOINT ((-0.0827498, -1.55343, 1.0067));
#4126 = IFCPOLYLOOP ((#4127, #4128, #4129, #4130));
#4125 = IFCFACEOUTERBOUND (#4126, .T.);
#4124 = IFCFACE ((#4125));
#4134 = IFCCARTESIANPOINT ((0.0802502, -1.52113, 1.039));
#4135 = IFCCARTESIANPOINT ((0.0802502, -1.51177, 1.039));
#4136 = IFCCARTESIANPOINT ((-0.0827498, -1.51177, 1.039));
#4137 = IFCCARTESIANPOINT ((-0.0827498, -1.52113, 1.039));
#4133 = IFCPOLYLOOP ((#4134, #4135, #4136, #4137));
#4132 = IFCFACEOUTERBOUND (#4133, .T.);
#4131 = IFCFACE ((#4132));
#4141 = IFCCARTESIANPOINT ((0.0802502, -1.51177, 1.039));
#4142 = IFCCARTESIANPOINT ((0.0802502, -1.50982, 1.03881));
#4143 = IFCCARTESIANPOINT ((-0.0827498, -1.50982, 1.03881));
#4144 = IFCCARTESIANPOINT ((-0.0827498, -1.51177, 1.039));
#4140 = IFCPOLYLOOP ((#4141, #4142, #4143, #4144));
#4139 = IFCFACEOUTERBOUND (#4140, .T.);
#4138 = IFCFACE ((#4139));
#4148 = IFCCARTESIANPOINT ((0.0802502, -1.50982, 1.03881));
#4149 = IFCCARTESIANPOINT ((0.0802502, -1.50794, 1.03824));
#4150 = IFCCARTESIANPOINT ((-0.0827498, -1.50794, 1.03824));
#4151 = IFCCARTESIANPOINT ((-0.0827498, -1.50982, 1.03881));
#4147 = IFCPOLYLOOP ((#4148, #4149, #4150, #4151));
#4146 = IFCFACEOUTERBOUND (#4147, .T.);
#4145 = IFCFACE ((#4146));
#4155 = IFCCARTESIANPOINT ((0.0802502, -1.50794, 1.03824));
#4156 = IFCCARTESIANPOINT ((0.0802502, -1.50621, 1.03731));
#4157 = IFCCARTESIANPOINT ((-0.0827498, -1.50621, 1.03731));
#4158 = IFCCARTESIANPOINT ((-0.0827498, -1.50794, 1.03824));
#4154 = IFCPOLYLOOP ((#4155, #4156, #4157, #4158));
#4153 = IFCFACEOUTERBOUND (#4154, .T.);
#4152 = IFCFACE ((#4153));
#4162 = IFCCARTESIANPOINT ((0.0802502, -1.50621, 1.03731));
#4163 = IFCCARTESIANPOINT ((0.0802502, -1.5047, 1.03607));
#4164 = IFCCARTESIANPOINT ((-0.0827498, -1.5047, 1.03607));
#4165 = IFCCARTESIANPOINT ((-0.0827498, -1.50621, 1.03731));
#4161 = IFCPOLYLOOP ((#4162, #4163, #4164, #4165));
#4160 = IFCFACEOUTERBOUND (#4161, .T.);
#4159 = IFCFACE ((#4160));
#4169 = IFCCARTESIANPOINT ((0.0802502, -1.5047, 1.03607));
#4170 = IFCCARTESIANPOINT ((0.0802502, -1.49663, 1.028));
#4171 = IFCCARTESIANPOINT ((-0.0827498, -1.49663, 1.028));
#4172 = IFCCARTESIANPOINT ((-0.0827498, -1.5047, 1.03607));
#4168 = IFCPOLYLOOP ((#4169, #4170, #4171, #4172));
#4167 = IFCFACEOUTERBOUND (#4168, .T.);
#4166 = IFCFACE ((#4167));
#4176 = IFCCARTESIANPOINT ((0.0802502, -1.49663, 1.028));
#4177 = IFCCARTESIANPOINT ((0.0802502, -1.37405, 1.028));
#4178 = IFCCARTESIANPOINT ((-0.0827498, -1.37405, 1.028));
#4179 = IFCCARTESIANPOINT ((-0.0827498, -1.49663, 1.028));
#4175 = IFCPOLYLOOP ((#4176, #4177, #4178, #4179));
#4174 = IFCFACEOUTERBOUND (#4175, .T.);
#4173 = IFCFACE ((#4174));
#4183 = IFCCARTESIANPOINT ((0.0802502, -1.37405, 1.028));
#4184 = IFCCARTESIANPOINT ((0.0802502, -1.36878, 1.023));
#4185 = IFCCARTESIANPOINT ((-0.0827498, -1.36878, 1.023));
#4186 = IFCCARTESIANPOINT ((-0.0827498, -1.37405, 1.028));
#4182 = IFCPOLYLOOP ((#4183, #4184, #4185, #4186));
#4181 = IFCFACEOUTERBOUND (#4182, .T.);
#4180 = IFCFACE ((#4181));
#4190 = IFCCARTESIANPOINT ((0.0802502, -1.36878, 1.023));
#4191 = IFCCARTESIANPOINT ((0.0802502, -1.36823, 1.01244));
#4192 = IFCCARTESIANPOINT ((-0.0827498, -1.36823, 1.01244));
#4193 = IFCCARTESIANPOINT ((-0.0827498, -1.36878, 1.023));
#4189 = IFCPOLYLOOP ((#4190, #4191, #4192, #4193));
#4188 = IFCFACEOUTERBOUND (#4189, .T.);
#4187 = IFCFACE ((#4188));
#4197 = IFCCARTESIANPOINT ((0.0802502, -1.36823, 1.01244));
#4198 = IFCCARTESIANPOINT ((0.0802502, -1.53531, 1.01244));
#4199 = IFCCARTESIANPOINT ((-0.0827498, -1.53531, 1.01244));
#4200 = IFCCARTESIANPOINT ((-0.0827498, -1.36823, 1.01244));
#4196 = IFCPOLYLOOP ((#4197, #4198, #4199, #4200));
#4195 = IFCFACEOUTERBOUND (#4196, .T.);
#4194 = IFCFACE ((#4195));
#4204 = IFCCARTESIANPOINT ((0.0802502, -1.53531, 1.01244));
#4205 = IFCCARTESIANPOINT ((0.0802502, -1.54012, 1.01207));
#4206 = IFCCARTESIANPOINT ((-0.0827498, -1.54012, 1.01207));
#4207 = IFCCARTESIANPOINT ((-0.0827498, -1.53531, 1.01244));
#4203 = IFCPOLYLOOP ((#4204, #4205, #4206, #4207));
#4202 = IFCFACEOUTERBOUND (#4203, .T.);
#4201 = IFCFACE ((#4202));
#4211 = IFCCARTESIANPOINT ((0.0802502, -1.54012, 1.01207));
#4212 = IFCCARTESIANPOINT ((0.0802502, -1.54482, 1.01097));
#4213 = IFCCARTESIANPOINT ((-0.0827498, -1.54482, 1.01097));
#4214 = IFCCARTESIANPOINT ((-0.0827498, -1.54012, 1.01207));
#4210 = IFCPOLYLOOP ((#4211, #4212, #4213, #4214));
#4209 = IFCFACEOUTERBOUND (#4210, .T.);
#4208 = IFCFACE ((#4209));
#4218 = IFCCARTESIANPOINT ((0.0802502, -1.54482, 1.01097));
#4219 = IFCCARTESIANPOINT ((0.0802502, -1.54929, 1.00917));
#4220 = IFCCARTESIANPOINT ((-0.0827498, -1.54929, 1.00917));
#4221 = IFCCARTESIANPOINT ((-0.0827498, -1.54482, 1.01097));
#4217 = IFCPOLYLOOP ((#4218, #4219, #4220, #4221));
#4216 = IFCFACEOUTERBOUND (#4217, .T.);
#4215 = IFCFACE ((#4216));
#4225 = IFCCARTESIANPOINT ((0.0802502, -1.54929, 1.00917));
#4226 = IFCCARTESIANPOINT ((0.0802502, -1.55343, 1.0067));
#4227 = IFCCARTESIANPOINT ((-0.0827498, -1.55343, 1.0067));
#4228 = IFCCARTESIANPOINT ((-0.0827498, -1.54929, 1.00917));
#4224 = IFCPOLYLOOP ((#4225, #4226, #4227, #4228));
#4223 = IFCFACEOUTERBOUND (#4224, .T.);
#4222 = IFCFACE ((#4223));
#4232 = IFCCARTESIANPOINT ((-0.0827498, -1.55343, 1.0067));
#4233 = IFCCARTESIANPOINT ((-0.0827498, -1.52113, 1.039));
#4234 = IFCCARTESIANPOINT ((-0.0827498, -1.51177, 1.039));
#4235 = IFCCARTESIANPOINT ((-0.0827498, -1.50982, 1.03881));
#4236 = IFCCARTESIANPOINT ((-0.0827498, -1.50794, 1.03824));
#4237 = IFCCARTESIANPOINT ((-0.0827498, -1.50621, 1.03731));
#4238 = IFCCARTESIANPOINT ((-0.0827498, -1.5047, 1.03607));
#4239 = IFCCARTESIANPOINT ((-0.0827498, -1.49663, 1.028));
#4240 = IFCCARTESIANPOINT ((-0.0827498, -1.37405, 1.028));
#4241 = IFCCARTESIANPOINT ((-0.0827498, -1.36878, 1.023));
#4242 = IFCCARTESIANPOINT ((-0.0827498, -1.36823, 1.01244));
#4243 = IFCCARTESIANPOINT ((-0.0827498, -1.53531, 1.01244));
#4244 = IFCCARTESIANPOINT ((-0.0827498, -1.54012, 1.01207));
#4245 = IFCCARTESIANPOINT ((-0.0827498, -1.54482, 1.01097));
#4246 = IFCCARTESIANPOINT ((-0.0827498, -1.54929, 1.00917));
#4231 = IFCPOLYLOOP ((#4232, #4233, #4234, #4235, #4236, #4237, #4238, #4239, #4240, #4241, #4242, #4243, #4244, #4245, #4246));
#4230 = IFCFACEOUTERBOUND (#4231, .T.);
#4229 = IFCFACE ((#4230));
#4250 = IFCCARTESIANPOINT ((0.0802502, -1.54929, 1.00917));
#4251 = IFCCARTESIANPOINT ((0.0802502, -1.54482, 1.01097));
#4252 = IFCCARTESIANPOINT ((0.0802502, -1.54012, 1.01207));
#4253 = IFCCARTESIANPOINT ((0.0802502, -1.53531, 1.01244));
#4254 = IFCCARTESIANPOINT ((0.0802502, -1.36823, 1.01244));
#4255 = IFCCARTESIANPOINT ((0.0802502, -1.36878, 1.023));
#4256 = IFCCARTESIANPOINT ((0.0802502, -1.37405, 1.028));
#4257 = IFCCARTESIANPOINT ((0.0802502, -1.49663, 1.028));
#4258 = IFCCARTESIANPOINT ((0.0802502, -1.5047, 1.03607));
#4259 = IFCCARTESIANPOINT ((0.0802502, -1.50621, 1.03731));
#4260 = IFCCARTESIANPOINT ((0.0802502, -1.50794, 1.03824));
#4261 = IFCCARTESIANPOINT ((0.0802502, -1.50982, 1.03881));
#4262 = IFCCARTESIANPOINT ((0.0802502, -1.51177, 1.039));
#4263 = IFCCARTESIANPOINT ((0.0802502, -1.52113, 1.039));
#4264 = IFCCARTESIANPOINT ((0.0802502, -1.55343, 1.0067));
#4249 = IFCPOLYLOOP ((#4250, #4251, #4252, #4253, #4254, #4255, #4256, #4257, #4258, #4259, #4260, #4261, #4262, #4263, #4264));
#4248 = IFCFACEOUTERBOUND (#4249, .T.);
#4247 = IFCFACE ((#4248));
#4123 = IFCCLOSEDSHELL ((#4124, #4131, #4138, #4145, #4152, #4159, #4166, #4173, #4180, #4187, #4194, #4201, #4208, #4215, #4222, #4229, #4247));
#4122 = IFCFACETEDBREP (#4123);
#4270 = IFCCARTESIANPOINT ((0.0697502, -1.58311, 0.960448));
#4271 = IFCCARTESIANPOINT ((0.0697502, -1.59602, 0.974055));
#4272 = IFCCARTESIANPOINT ((-0.0722498, -1.59602, 0.974055));
#4273 = IFCCARTESIANPOINT ((-0.0722498, -1.58311, 0.960448));
#4269 = IFCPOLYLOOP ((#4270, #4271, #4272, #4273));
#4268 = IFCFACEOUTERBOUND (#4269, .T.);
#4267 = IFCFACE ((#4268));
#4277 = IFCCARTESIANPOINT ((0.0697502, -1.59602, 0.974055));
#4278 = IFCCARTESIANPOINT ((0.0697502, -1.58914, 0.983975));
#4279 = IFCCARTESIANPOINT ((-0.0722498, -1.58914, 0.983975));
#4280 = IFCCARTESIANPOINT ((-0.0722498, -1.59602, 0.974055));
#4276 = IFCPOLYLOOP ((#4277, #4278, #4279, #4280));
#4275 = IFCFACEOUTERBOUND (#4276, .T.);
#4274 = IFCFACE ((#4275));
#4284 = IFCCARTESIANPOINT ((0.0697502, -1.58914, 0.983975));
#4285 = IFCCARTESIANPOINT ((0.0697502, -1.58166, 0.993447));
#4286 = IFCCARTESIANPOINT ((-0.0722498, -1.58166, 0.993447));
#4287 = IFCCARTESIANPOINT ((-0.0722498, -1.58914, 0.983975));
#4283 = IFCPOLYLOOP ((#4284, #4285, #4286, #4287));
#4282 = IFCFACEOUTERBOUND (#4283, .T.);
#4281 = IFCFACE ((#4282));
#4291 = IFCCARTESIANPOINT ((0.0697502, -1.58166, 0.993447));
#4292 = IFCCARTESIANPOINT ((0.0697502, -1.5736, 1.00243));
#4293 = IFCCARTESIANPOINT ((-0.0722498, -1.5736, 1.00243));
#4294 = IFCCARTESIANPOINT ((-0.0722498, -1.58166, 0.993447));
#4290 = IFCPOLYLOOP ((#4291, #4292, #4293, #4294));
#4289 = IFCFACEOUTERBOUND (#4290, .T.);
#4288 = IFCFACE ((#4289));
#4298 = IFCCARTESIANPOINT ((0.0697502, -1.5736, 1.00243));
#4299 = IFCCARTESIANPOINT ((0.0697502, -1.56499, 1.0109));
#4300 = IFCCARTESIANPOINT ((-0.0722498, -1.56499, 1.0109));
#4301 = IFCCARTESIANPOINT ((-0.0722498, -1.5736, 1.00243));
#4297 = IFCPOLYLOOP ((#4298, #4299, #4300, #4301));
#4296 = IFCFACEOUTERBOUND (#4297, .T.);
#4295 = IFCFACE ((#4296));
#4305 = IFCCARTESIANPOINT ((0.0697502, -1.56499, 1.0109));
#4306 = IFCCARTESIANPOINT ((0.0697502, -1.56075, 1.01097));
#4307 = IFCCARTESIANPOINT ((-0.0722498, -1.56075, 1.01097));
#4308 = IFCCARTESIANPOINT ((-0.0722498, -1.56499, 1.0109));
#4304 = IFCPOLYLOOP ((#4305, #4306, #4307, #4308));
#4303 = IFCFACEOUTERBOUND (#4304, .T.);
#4302 = IFCFACE ((#4303));
#4312 = IFCCARTESIANPOINT ((0.0697502, -1.56075, 1.01097));
#4313 = IFCCARTESIANPOINT ((0.0697502, -1.56082, 1.01521));
#4314 = IFCCARTESIANPOINT ((-0.0722498, -1.56082, 1.01521));
#4315 = IFCCARTESIANPOINT ((-0.0722498, -1.56075, 1.01097));
#4311 = IFCPOLYLOOP ((#4312, #4313, #4314, #4315));
#4310 = IFCFACEOUTERBOUND (#4311, .T.);
#4309 = IFCFACE ((#4310));
#4319 = IFCCARTESIANPOINT ((0.0697502, -1.56082, 1.01521));
#4320 = IFCCARTESIANPOINT ((0.0697502, -1.55406, 1.02265));
#4321 = IFCCARTESIANPOINT ((-0.0722498, -1.55406, 1.02265));
#4322 = IFCCARTESIANPOINT ((-0.0722498, -1.56082, 1.01521));
#4318 = IFCPOLYLOOP ((#4319, #4320, #4321, #4322));
#4317 = IFCFACEOUTERBOUND (#4318, .T.);
#4316 = IFCFACE ((#4317));
#4326 = IFCCARTESIANPOINT ((0.0697502, -1.55406, 1.02265));
#4327 = IFCCARTESIANPOINT ((0.0697502, -1.54683, 1.02962));
#4328 = IFCCARTESIANPOINT ((-0.0722498, -1.54683, 1.02962));
#4329 = IFCCARTESIANPOINT ((-0.0722498, -1.55406, 1.02265));
#4325 = IFCPOLYLOOP ((#4326, #4327, #4328, #4329));
#4324 = IFCFACEOUTERBOUND (#4325, .T.);
#4323 = IFCFACE ((#4324));
#4333 = IFCCARTESIANPOINT ((0.0697502, -1.54683, 1.02962));
#4334 = IFCCARTESIANPOINT ((0.0697502, -1.53914, 1.03609));
#4335 = IFCCARTESIANPOINT ((-0.0722498, -1.53914, 1.03609));
#4336 = IFCCARTESIANPOINT ((-0.0722498, -1.54683, 1.02962));
#4332 = IFCPOLYLOOP ((#4333, #4334, #4335, #4336));
#4331 = IFCFACEOUTERBOUND (#4332, .T.);
#4330 = IFCFACE ((#4331));
#4340 = IFCCARTESIANPOINT ((0.0697502, -1.53914, 1.03609));
#4341 = IFCCARTESIANPOINT ((0.0697502, -1.53104, 1.04203));
#4342 = IFCCARTESIANPOINT ((-0.0722498, -1.53104, 1.04203));
#4343 = IFCCARTESIANPOINT ((-0.0722498, -1.53914, 1.03609));
#4339 = IFCPOLYLOOP ((#4340, #4341, #4342, #4343));
#4338 = IFCFACEOUTERBOUND (#4339, .T.);
#4337 = IFCFACE ((#4338));
#4347 = IFCCARTESIANPOINT ((0.0697502, -1.53104, 1.04203));
#4348 = IFCCARTESIANPOINT ((0.0697502, -1.52418, 1.03596));
#4349 = IFCCARTESIANPOINT ((-0.0722498, -1.52418, 1.03596));
#4350 = IFCCARTESIANPOINT ((-0.0722498, -1.53104, 1.04203));
#4346 = IFCPOLYLOOP ((#4347, #4348, #4349, #4350));
#4345 = IFCFACEOUTERBOUND (#4346, .T.);
#4344 = IFCFACE ((#4345));
#4354 = IFCCARTESIANPOINT ((0.0697502, -1.52418, 1.03596));
#4355 = IFCCARTESIANPOINT ((0.0697502, -1.55344, 1.0067));
#4356 = IFCCARTESIANPOINT ((-0.0722498, -1.55344, 1.0067));
#4357 = IFCCARTESIANPOINT ((-0.0722498, -1.52418, 1.03596));
#4353 = IFCPOLYLOOP ((#4354, #4355, #4356, #4357));
#4352 = IFCFACEOUTERBOUND (#4353, .T.);
#4351 = IFCFACE ((#4352));
#4361 = IFCCARTESIANPOINT ((0.0697502, -1.55344, 1.0067));
#4362 = IFCCARTESIANPOINT ((0.0697502, -1.55452, 1.0059));
#4363 = IFCCARTESIANPOINT ((-0.0722498, -1.55452, 1.0059));
#4364 = IFCCARTESIANPOINT ((-0.0722498, -1.55344, 1.0067));
#4360 = IFCPOLYLOOP ((#4361, #4362, #4363, #4364));
#4359 = IFCFACEOUTERBOUND (#4360, .T.);
#4358 = IFCFACE ((#4359));
#4368 = IFCCARTESIANPOINT ((0.0697502, -1.55452, 1.0059));
#4369 = IFCCARTESIANPOINT ((0.0697502, -1.55557, 1.00506));
#4370 = IFCCARTESIANPOINT ((-0.0722498, -1.55557, 1.00506));
#4371 = IFCCARTESIANPOINT ((-0.0722498, -1.55452, 1.0059));
#4367 = IFCPOLYLOOP ((#4368, #4369, #4370, #4371));
#4366 = IFCFACEOUTERBOUND (#4367, .T.);
#4365 = IFCFACE ((#4366));
#4375 = IFCCARTESIANPOINT ((0.0697502, -1.55557, 1.00506));
#4376 = IFCCARTESIANPOINT ((0.0697502, -1.55658, 1.00417));
#4377 = IFCCARTESIANPOINT ((-0.0722498, -1.55658, 1.00417));
#4378 = IFCCARTESIANPOINT ((-0.0722498, -1.55557, 1.00506));
#4374 = IFCPOLYLOOP ((#4375, #4376, #4377, #4378));
#4373 = IFCFACEOUTERBOUND (#4374, .T.);
#4372 = IFCFACE ((#4373));
#4382 = IFCCARTESIANPOINT ((0.0697502, -1.55658, 1.00417));
#4383 = IFCCARTESIANPOINT ((0.0697502, -1.55756, 1.00323));
#4384 = IFCCARTESIANPOINT ((-0.0722498, -1.55756, 1.00323));
#4385 = IFCCARTESIANPOINT ((-0.0722498, -1.55658, 1.00417));
#4381 = IFCPOLYLOOP ((#4382, #4383, #4384, #4385));
#4380 = IFCFACEOUTERBOUND (#4381, .T.);
#4379 = IFCFACE ((#4380));
#4389 = IFCCARTESIANPOINT ((0.0697502, -1.55756, 1.00323));
#4390 = IFCCARTESIANPOINT ((0.0697502, -1.58189, 0.978907));
#4391 = IFCCARTESIANPOINT ((-0.0722498, -1.58189, 0.978907));
#4392 = IFCCARTESIANPOINT ((-0.0722498, -1.55756, 1.00323));
#4388 = IFCPOLYLOOP ((#4389, #4390, #4391, #4392));
#4387 = IFCFACEOUTERBOUND (#4388, .T.);
#4386 = IFCFACE ((#4387));
#4396 = IFCCARTESIANPOINT ((0.0697502, -1.58189, 0.978907));
#4397 = IFCCARTESIANPOINT ((0.0697502, -1.58235, 0.973267));
#4398 = IFCCARTESIANPOINT ((-0.0722498, -1.58235, 0.973267));
#4399 = IFCCARTESIANPOINT ((-0.0722498, -1.58189, 0.978907));
#4395 = IFCPOLYLOOP ((#4396, #4397, #4398, #4399));
#4394 = IFCFACEOUTERBOUND (#4395, .T.);
#4393 = IFCFACE ((#4394));
#4403 = IFCCARTESIANPOINT ((0.0697502, -1.58235, 0.973267));
#4404 = IFCCARTESIANPOINT ((0.0697502, -1.5826, 0.970066));
#4405 = IFCCARTESIANPOINT ((-0.0722498, -1.5826, 0.970066));
#4406 = IFCCARTESIANPOINT ((-0.0722498, -1.58235, 0.973267));
#4402 = IFCPOLYLOOP ((#4403, #4404, #4405, #4406));
#4401 = IFCFACEOUTERBOUND (#4402, .T.);
#4400 = IFCFACE ((#4401));
#4410 = IFCCARTESIANPOINT ((0.0697502, -1.5826, 0.970066));
#4411 = IFCCARTESIANPOINT ((0.0697502, -1.58281, 0.966862));
#4412 = IFCCARTESIANPOINT ((-0.0722498, -1.58281, 0.966862));
#4413 = IFCCARTESIANPOINT ((-0.0722498, -1.5826, 0.970066));
#4409 = IFCPOLYLOOP ((#4410, #4411, #4412, #4413));
#4408 = IFCFACEOUTERBOUND (#4409, .T.);
#4407 = IFCFACE ((#4408));
#4417 = IFCCARTESIANPOINT ((0.0697502, -1.58281, 0.966862));
#4418 = IFCCARTESIANPOINT ((0.0697502, -1.58298, 0.963656));
#4419 = IFCCARTESIANPOINT ((-0.0722498, -1.58298, 0.963656));
#4420 = IFCCARTESIANPOINT ((-0.0722498, -1.58281, 0.966862));
#4416 = IFCPOLYLOOP ((#4417, #4418, #4419, #4420));
#4415 = IFCFACEOUTERBOUND (#4416, .T.);
#4414 = IFCFACE ((#4415));
#4424 = IFCCARTESIANPOINT ((0.0697502, -1.58298, 0.963656));
#4425 = IFCCARTESIANPOINT ((0.0697502, -1.58311, 0.960448));
#4426 = IFCCARTESIANPOINT ((-0.0722498, -1.58311, 0.960448));
#4427 = IFCCARTESIANPOINT ((-0.0722498, -1.58298, 0.963656));
#4423 = IFCPOLYLOOP ((#4424, #4425, #4426, #4427));
#4422 = IFCFACEOUTERBOUND (#4423, .T.);
#4421 = IFCFACE ((#4422));
#4431 = IFCCARTESIANPOINT ((-0.0722498, -1.58311, 0.960448));
#4432 = IFCCARTESIANPOINT ((-0.0722498, -1.59602, 0.974055));
#4433 = IFCCARTESIANPOINT ((-0.0722498, -1.58914, 0.983975));
#4434 = IFCCARTESIANPOINT ((-0.0722498, -1.58166, 0.993447));
#4435 = IFCCARTESIANPOINT ((-0.0722498, -1.5736, 1.00243));
#4436 = IFCCARTESIANPOINT ((-0.0722498, -1.56499, 1.0109));
#4437 = IFCCARTESIANPOINT ((-0.0722498, -1.56075, 1.01097));
#4438 = IFCCARTESIANPOINT ((-0.0722498, -1.56082, 1.01521));
#4439 = IFCCARTESIANPOINT ((-0.0722498, -1.55406, 1.02265));
#4440 = IFCCARTESIANPOINT ((-0.0722498, -1.54683, 1.02962));
#4441 = IFCCARTESIANPOINT ((-0.0722498, -1.53914, 1.03609));
#4442 = IFCCARTESIANPOINT ((-0.0722498, -1.53104, 1.04203));
#4443 = IFCCARTESIANPOINT ((-0.0722498, -1.52418, 1.03596));
#4444 = IFCCARTESIANPOINT ((-0.0722498, -1.55344, 1.0067));
#4445 = IFCCARTESIANPOINT ((-0.0722498, -1.55452, 1.0059));
#4446 = IFCCARTESIANPOINT ((-0.0722498, -1.55557, 1.00506));
#4447 = IFCCARTESIANPOINT ((-0.0722498, -1.55658, 1.00417));
#4448 = IFCCARTESIANPOINT ((-0.0722498, -1.55756, 1.00323));
#4449 = IFCCARTESIANPOINT ((-0.0722498, -1.58189, 0.978907));
#4450 = IFCCARTESIANPOINT ((-0.0722498, -1.58235, 0.973267));
#4451 = IFCCARTESIANPOINT ((-0.0722498, -1.5826, 0.970066));
#4452 = IFCCARTESIANPOINT ((-0.0722498, -1.58281, 0.966862));
#4453 = IFCCARTESIANPOINT ((-0.0722498, -1.58298, 0.963656));
#4430 = IFCPOLYLOOP ((#4431, #4432, #4433, #4434, #4435, #4436, #4437, #4438, #4439, #4440, #4441, #4442, #4443, #4444, #4445, #4446, #4447, #4448, #4449, #4450, #4451, #4452, #4453));
#4429 = IFCFACEOUTERBOUND (#4430, .T.);
#4428 = IFCFACE ((#4429));
#4457 = IFCCARTESIANPOINT ((0.0697502, -1.58298, 0.963656));
#4458 = IFCCARTESIANPOINT ((0.0697502, -1.58281, 0.966862));
#4459 = IFCCARTESIANPOINT ((0.0697502, -1.5826, 0.970066));
#4460 = IFCCARTESIANPOINT ((0.0697502, -1.58235, 0.973267));
#4461 = IFCCARTESIANPOINT ((0.0697502, -1.58189, 0.978907));
#4462 = IFCCARTESIANPOINT ((0.0697502, -1.55756, 1.00323));
#4463 = IFCCARTESIANPOINT ((0.0697502, -1.55658, 1.00417));
#4464 = IFCCARTESIANPOINT ((0.0697502, -1.55557, 1.00506));
#4465 = IFCCARTESIANPOINT ((0.0697502, -1.55452, 1.0059));
#4466 = IFCCARTESIANPOINT ((0.0697502, -1.55344, 1.0067));
#4467 = IFCCARTESIANPOINT ((0.0697502, -1.52418, 1.03596));
#4468 = IFCCARTESIANPOINT ((0.0697502, -1.53104, 1.04203));
#4469 = IFCCARTESIANPOINT ((0.0697502, -1.53914, 1.03609));
#4470 = IFCCARTESIANPOINT ((0.0697502, -1.54683, 1.02962));
#4471 = IFCCARTESIANPOINT ((0.0697502, -1.55406, 1.02265));
#4472 = IFCCARTESIANPOINT ((0.0697502, -1.56082, 1.01521));
#4473 = IFCCARTESIANPOINT ((0.0697502, -1.56075, 1.01097));
#4474 = IFCCARTESIANPOINT ((0.0697502, -1.56499, 1.0109));
#4475 = IFCCARTESIANPOINT ((0.0697502, -1.5736, 1.00243));
#4476 = IFCCARTESIANPOINT ((0.0697502, -1.58166, 0.993447));
#4477 = IFCCARTESIANPOINT ((0.0697502, -1.58914, 0.983975));
#4478 = IFCCARTESIANPOINT ((0.0697502, -1.59602, 0.974055));
#4479 = IFCCARTESIANPOINT ((0.0697502, -1.58311, 0.960448));
#4456 = IFCPOLYLOOP ((#4457, #4458, #4459, #4460, #4461, #4462, #4463, #4464, #4465, #4466, #4467, #4468, #4469, #4470, #4471, #4472, #4473, #4474, #4475, #4476, #4477, #4478, #4479));
#4455 = IFCFACEOUTERBOUND (#4456, .T.);
#4454 = IFCFACE ((#4455));
#4266 = IFCCLOSEDSHELL ((#4267, #4274, #4281, #4288, #4295, #4302, #4309, #4316, #4323, #4330, #4337, #4344, #4351, #4358, #4365, #4372, #4379, #4386, #4393, #4400, #4407, #4414, #4421, #4428, #4454));
#4265 = IFCFACETEDBREP (#4266);
#4485 = IFCCARTESIANPOINT ((-0.0827498, -1.58125, 0.920906));
#4486 = IFCCARTESIANPOINT ((-0.0827498, -1.58016, 0.919373));
#4487 = IFCCARTESIANPOINT ((0.0802502, -1.58016, 0.919373));
#4488 = IFCCARTESIANPOINT ((0.0802502, -1.58125, 0.920906));
#4484 = IFCPOLYLOOP ((#4485, #4486, #4487, #4488));
#4483 = IFCFACEOUTERBOUND (#4484, .T.);
#4482 = IFCFACE ((#4483));
#4492 = IFCCARTESIANPOINT ((-0.0827498, -1.58016, 0.919373));
#4493 = IFCCARTESIANPOINT ((-0.0827498, -1.57857, 0.918356));
#4494 = IFCCARTESIANPOINT ((0.0802502, -1.57857, 0.918356));
#4495 = IFCCARTESIANPOINT ((0.0802502, -1.58016, 0.919373));
#4491 = IFCPOLYLOOP ((#4492, #4493, #4494, #4495));
#4490 = IFCFACEOUTERBOUND (#4491, .T.);
#4489 = IFCFACE ((#4490));
#4499 = IFCCARTESIANPOINT ((-0.0827498, -1.57857, 0.918356));
#4500 = IFCCARTESIANPOINT ((-0.0827498, -1.57671, 0.918));
#4501 = IFCCARTESIANPOINT ((0.0802502, -1.57671, 0.918));
#4502 = IFCCARTESIANPOINT ((0.0802502, -1.57857, 0.918356));
#4498 = IFCPOLYLOOP ((#4499, #4500, #4501, #4502));
#4497 = IFCFACEOUTERBOUND (#4498, .T.);
#4496 = IFCFACE ((#4497));
#4506 = IFCCARTESIANPOINT ((-0.0827498, -1.57671, 0.918));
#4507 = IFCCARTESIANPOINT ((-0.0827498, -1.56565, 0.918));
#4508 = IFCCARTESIANPOINT ((0.0802502, -1.56565, 0.918));
#4509 = IFCCARTESIANPOINT ((0.0802502, -1.57671, 0.918));
#4505 = IFCPOLYLOOP ((#4506, #4507, #4508, #4509));
#4504 = IFCFACEOUTERBOUND (#4505, .T.);
#4503 = IFCFACE ((#4504));
#4513 = IFCCARTESIANPOINT ((-0.0827498, -1.56565, 0.918));
#4514 = IFCCARTESIANPOINT ((-0.0827498, -1.5715, 0.919848));
#4515 = IFCCARTESIANPOINT ((0.0802502, -1.5715, 0.919848));
#4516 = IFCCARTESIANPOINT ((0.0802502, -1.56565, 0.918));
#4512 = IFCPOLYLOOP ((#4513, #4514, #4515, #4516));
#4511 = IFCFACEOUTERBOUND (#4512, .T.);
#4510 = IFCFACE ((#4511));
#4520 = IFCCARTESIANPOINT ((-0.0827498, -1.5715, 0.919848));
#4521 = IFCCARTESIANPOINT ((-0.0827498, -1.57654, 0.923352));
#4522 = IFCCARTESIANPOINT ((0.0802502, -1.57654, 0.923352));
#4523 = IFCCARTESIANPOINT ((0.0802502, -1.5715, 0.919848));
#4519 = IFCPOLYLOOP ((#4520, #4521, #4522, #4523));
#4518 = IFCFACEOUTERBOUND (#4519, .T.);
#4517 = IFCFACE ((#4518));
#4527 = IFCCARTESIANPOINT ((-0.0827498, -1.57654, 0.923352));
#4528 = IFCCARTESIANPOINT ((-0.0827498, -1.58032, 0.928194));
#4529 = IFCCARTESIANPOINT ((0.0802502, -1.58032, 0.928194));
#4530 = IFCCARTESIANPOINT ((0.0802502, -1.57654, 0.923352));
#4526 = IFCPOLYLOOP ((#4527, #4528, #4529, #4530));
#4525 = IFCFACEOUTERBOUND (#4526, .T.);
#4524 = IFCFACE ((#4525));
#4534 = IFCCARTESIANPOINT ((-0.0827498, -1.58032, 0.928194));
#4535 = IFCCARTESIANPOINT ((-0.0827498, -1.58249, 0.933939));
#4536 = IFCCARTESIANPOINT ((0.0802502, -1.58249, 0.933939));
#4537 = IFCCARTESIANPOINT ((0.0802502, -1.58032, 0.928194));
#4533 = IFCPOLYLOOP ((#4534, #4535, #4536, #4537));
#4532 = IFCFACEOUTERBOUND (#4533, .T.);
#4531 = IFCFACE ((#4532));
#4541 = IFCCARTESIANPOINT ((-0.0827498, -1.58249, 0.933939));
#4542 = IFCCARTESIANPOINT ((-0.0827498, -1.58233, 0.931136));
#4543 = IFCCARTESIANPOINT ((0.0802502, -1.58233, 0.931136));
#4544 = IFCCARTESIANPOINT ((0.0802502, -1.58249, 0.933939));
#4540 = IFCPOLYLOOP ((#4541, #4542, #4543, #4544));
#4539 = IFCFACEOUTERBOUND (#4540, .T.);
#4538 = IFCFACE ((#4539));
#4548 = IFCCARTESIANPOINT ((-0.0827498, -1.58233, 0.931136));
#4549 = IFCCARTESIANPOINT ((-0.0827498, -1.58215, 0.928335));
#4550 = IFCCARTESIANPOINT ((0.0802502, -1.58215, 0.928335));
#4551 = IFCCARTESIANPOINT ((0.0802502, -1.58233, 0.931136));
#4547 = IFCPOLYLOOP ((#4548, #4549, #4550, #4551));
#4546 = IFCFACEOUTERBOUND (#4547, .T.);
#4545 = IFCFACE ((#4546));
#4555 = IFCCARTESIANPOINT ((-0.0827498, -1.58215, 0.928335));
#4556 = IFCCARTESIANPOINT ((-0.0827498, -1.58194, 0.925536));
#4557 = IFCCARTESIANPOINT ((0.0802502, -1.58194, 0.925536));
#4558 = IFCCARTESIANPOINT ((0.0802502, -1.58215, 0.928335));
#4554 = IFCPOLYLOOP ((#4555, #4556, #4557, #4558));
#4553 = IFCFACEOUTERBOUND (#4554, .T.);
#4552 = IFCFACE ((#4553));
#4562 = IFCCARTESIANPOINT ((-0.0827498, -1.58194, 0.925536));
#4563 = IFCCARTESIANPOINT ((-0.0827498, -1.58171, 0.922738));
#4564 = IFCCARTESIANPOINT ((0.0802502, -1.58171, 0.922738));
#4565 = IFCCARTESIANPOINT ((0.0802502, -1.58194, 0.925536));
#4561 = IFCPOLYLOOP ((#4562, #4563, #4564, #4565));
#4560 = IFCFACEOUTERBOUND (#4561, .T.);
#4559 = IFCFACE ((#4560));
#4569 = IFCCARTESIANPOINT ((-0.0827498, -1.58171, 0.922738));
#4570 = IFCCARTESIANPOINT ((-0.0827498, -1.58125, 0.920906));
#4571 = IFCCARTESIANPOINT ((0.0802502, -1.58125, 0.920906));
#4572 = IFCCARTESIANPOINT ((0.0802502, -1.58171, 0.922738));
#4568 = IFCPOLYLOOP ((#4569, #4570, #4571, #4572));
#4567 = IFCFACEOUTERBOUND (#4568, .T.);
#4566 = IFCFACE ((#4567));
#4576 = IFCCARTESIANPOINT ((0.0802502, -1.58125, 0.920906));
#4577 = IFCCARTESIANPOINT ((0.0802502, -1.58016, 0.919373));
#4578 = IFCCARTESIANPOINT ((0.0802502, -1.57857, 0.918356));
#4579 = IFCCARTESIANPOINT ((0.0802502, -1.57671, 0.918));
#4580 = IFCCARTESIANPOINT ((0.0802502, -1.56565, 0.918));
#4581 = IFCCARTESIANPOINT ((0.0802502, -1.5715, 0.919848));
#4582 = IFCCARTESIANPOINT ((0.0802502, -1.57654, 0.923352));
#4583 = IFCCARTESIANPOINT ((0.0802502, -1.58032, 0.928194));
#4584 = IFCCARTESIANPOINT ((0.0802502, -1.58249, 0.933939));
#4585 = IFCCARTESIANPOINT ((0.0802502, -1.58233, 0.931136));
#4586 = IFCCARTESIANPOINT ((0.0802502, -1.58215, 0.928335));
#4587 = IFCCARTESIANPOINT ((0.0802502, -1.58194, 0.925536));
#4588 = IFCCARTESIANPOINT ((0.0802502, -1.58171, 0.922738));
#4575 = IFCPOLYLOOP ((#4576, #4577, #4578, #4579, #4580, #4581, #4582, #4583, #4584, #4585, #4586, #4587, #4588));
#4574 = IFCFACEOUTERBOUND (#4575, .T.);
#4573 = IFCFACE ((#4574));
#4592 = IFCCARTESIANPOINT ((-0.0827498, -1.58171, 0.922738));
#4593 = IFCCARTESIANPOINT ((-0.0827498, -1.58194, 0.925536));
#4594 = IFCCARTESIANPOINT ((-0.0827498, -1.58215, 0.928335));
#4595 = IFCCARTESIANPOINT ((-0.0827498, -1.58233, 0.931136));
#4596 = IFCCARTESIANPOINT ((-0.0827498, -1.58249, 0.933939));
#4597 = IFCCARTESIANPOINT ((-0.0827498, -1.58032, 0.928194));
#4598 = IFCCARTESIANPOINT ((-0.0827498, -1.57654, 0.923352));
#4599 = IFCCARTESIANPOINT ((-0.0827498, -1.5715, 0.919848));
#4600 = IFCCARTESIANPOINT ((-0.0827498, -1.56565, 0.918));
#4601 = IFCCARTESIANPOINT ((-0.0827498, -1.57671, 0.918));
#4602 = IFCCARTESIANPOINT ((-0.0827498, -1.57857, 0.918356));
#4603 = IFCCARTESIANPOINT ((-0.0827498, -1.58016, 0.919373));
#4604 = IFCCARTESIANPOINT ((-0.0827498, -1.58125, 0.920906));
#4591 = IFCPOLYLOOP ((#4592, #4593, #4594, #4595, #4596, #4597, #4598, #4599, #4600, #4601, #4602, #4603, #4604));
#4590 = IFCFACEOUTERBOUND (#4591, .T.);
#4589 = IFCFACE ((#4590));
#4481 = IFCCLOSEDSHELL ((#4482, #4489, #4496, #4503, #4510, #4517, #4524, #4531, #4538, #4545, #4552, #4559, #4566, #4573, #4589));
#4480 = IFCFACETEDBREP (#4481);
#4610 = IFCCARTESIANPOINT ((-0.188307, -1.58768, 0.015));
#4611 = IFCCARTESIANPOINT ((-0.134307, -1.58768, 0.015));
#4612 = IFCCARTESIANPOINT ((-0.134307, -1.58768, 0.0499999));
#4613 = IFCCARTESIANPOINT ((-0.188307, -1.58768, 0.0499999));
#4609 = IFCPOLYLOOP ((#4610, #4611, #4612, #4613));
#4608 = IFCFACEOUTERBOUND (#4609, .T.);
#4607 = IFCFACE ((#4608));
#4617 = IFCCARTESIANPOINT ((-0.188307, -1.58768, 0.015));
#4618 = IFCCARTESIANPOINT ((-0.188307, -0.83498, 0.015));
#4619 = IFCCARTESIANPOINT ((-0.134307, -0.83498, 0.015));
#4620 = IFCCARTESIANPOINT ((-0.134307, -1.58768, 0.015));
#4616 = IFCPOLYLOOP ((#4617, #4618, #4619, #4620));
#4615 = IFCFACEOUTERBOUND (#4616, .T.);
#4614 = IFCFACE ((#4615));
#4624 = IFCCARTESIANPOINT ((-0.134307, -1.58768, 0.0499999));
#4625 = IFCCARTESIANPOINT ((-0.134307, -1.58768, 0.015));
#4626 = IFCCARTESIANPOINT ((-0.134307, -0.83498, 0.015));
#4627 = IFCCARTESIANPOINT ((-0.134307, -0.83498, 0.0499999));
#4623 = IFCPOLYLOOP ((#4624, #4625, #4626, #4627));
#4622 = IFCFACEOUTERBOUND (#4623, .T.);
#4621 = IFCFACE ((#4622));
#4631 = IFCCARTESIANPOINT ((-0.188307, -1.58768, 0.0499999));
#4632 = IFCCARTESIANPOINT ((-0.134307, -1.58768, 0.0499999));
#4633 = IFCCARTESIANPOINT ((-0.134307, -0.83498, 0.0499999));
#4634 = IFCCARTESIANPOINT ((-0.188307, -0.83498, 0.0499999));
#4630 = IFCPOLYLOOP ((#4631, #4632, #4633, #4634));
#4629 = IFCFACEOUTERBOUND (#4630, .T.);
#4628 = IFCFACE ((#4629));
#4638 = IFCCARTESIANPOINT ((-0.188307, -1.58768, 0.015));
#4639 = IFCCARTESIANPOINT ((-0.188307, -1.58768, 0.0499999));
#4640 = IFCCARTESIANPOINT ((-0.188307, -0.83498, 0.0499999));
#4641 = IFCCARTESIANPOINT ((-0.188307, -0.83498, 0.015));
#4637 = IFCPOLYLOOP ((#4638, #4639, #4640, #4641));
#4636 = IFCFACEOUTERBOUND (#4637, .T.);
#4635 = IFCFACE ((#4636));
#4645 = IFCCARTESIANPOINT ((-0.188307, -0.83498, 0.015));
#4646 = IFCCARTESIANPOINT ((-0.188307, -0.83498, 0.0499999));
#4647 = IFCCARTESIANPOINT ((-0.134307, -0.83498, 0.0499999));
#4648 = IFCCARTESIANPOINT ((-0.134307, -0.83498, 0.015));
#4644 = IFCPOLYLOOP ((#4645, #4646, #4647, #4648));
#4643 = IFCFACEOUTERBOUND (#4644, .T.);
#4642 = IFCFACE ((#4643));
#4606 = IFCCLOSEDSHELL ((#4607, #4614, #4621, #4628, #4635, #4642));
#4605 = IFCFACETEDBREP (#4606);
#4654 = IFCCARTESIANPOINT ((0.449, -0.238869, 1.23663));
#4655 = IFCCARTESIANPOINT ((0.449, -0.229868, 1.23062));
#4656 = IFCCARTESIANPOINT ((0.429554, -0.229868, 1.23062));
#4657 = IFCCARTESIANPOINT ((0.429554, -0.238869, 1.23663));
#4653 = IFCPOLYLOOP ((#4654, #4655, #4656, #4657));
#4652 = IFCFACEOUTERBOUND (#4653, .T.);
#4651 = IFCFACE ((#4652));
#4661 = IFCCARTESIANPOINT ((0.449, -0.229868, 1.23062));
#4662 = IFCCARTESIANPOINT ((0.449, -0.223854, 1.22162));
#4663 = IFCCARTESIANPOINT ((0.429554, -0.223854, 1.22162));
#4664 = IFCCARTESIANPOINT ((0.429554, -0.229868, 1.23062));
#4660 = IFCPOLYLOOP ((#4661, #4662, #4663, #4664));
#4659 = IFCFACEOUTERBOUND (#4660, .T.);
#4658 = IFCFACE ((#4659));
#4668 = IFCCARTESIANPOINT ((0.449, -0.223854, 1.22162));
#4669 = IFCCARTESIANPOINT ((0.449, -0.221742, 1.211));
#4670 = IFCCARTESIANPOINT ((0.429554, -0.221742, 1.211));
#4671 = IFCCARTESIANPOINT ((0.429554, -0.223854, 1.22162));
#4667 = IFCPOLYLOOP ((#4668, #4669, #4670, #4671));
#4666 = IFCFACEOUTERBOUND (#4667, .T.);
#4665 = IFCFACE ((#4666));
#4675 = IFCCARTESIANPOINT ((0.449, -0.221742, 1.211));
#4676 = IFCCARTESIANPOINT ((0.449, -0.223854, 1.20038));
#4677 = IFCCARTESIANPOINT ((0.429554, -0.223854, 1.20038));
#4678 = IFCCARTESIANPOINT ((0.429554, -0.221742, 1.211));
#4674 = IFCPOLYLOOP ((#4675, #4676, #4677, #4678));
#4673 = IFCFACEOUTERBOUND (#4674, .T.);
#4672 = IFCFACE ((#4673));
#4682 = IFCCARTESIANPOINT ((0.449, -0.223854, 1.20038));
#4683 = IFCCARTESIANPOINT ((0.449, -0.229868, 1.19138));
#4684 = IFCCARTESIANPOINT ((0.429554, -0.229868, 1.19138));
#4685 = IFCCARTESIANPOINT ((0.429554, -0.223854, 1.20038));
#4681 = IFCPOLYLOOP ((#4682, #4683, #4684, #4685));
#4680 = IFCFACEOUTERBOUND (#4681, .T.);
#4679 = IFCFACE ((#4680));
#4689 = IFCCARTESIANPOINT ((0.449, -0.229868, 1.19138));
#4690 = IFCCARTESIANPOINT ((0.449, -0.238869, 1.18537));
#4691 = IFCCARTESIANPOINT ((0.429554, -0.238869, 1.18537));
#4692 = IFCCARTESIANPOINT ((0.429554, -0.229868, 1.19138));
#4688 = IFCPOLYLOOP ((#4689, #4690, #4691, #4692));
#4687 = IFCFACEOUTERBOUND (#4688, .T.);
#4686 = IFCFACE ((#4687));
#4696 = IFCCARTESIANPOINT ((0.449, -0.238869, 1.18537));
#4697 = IFCCARTESIANPOINT ((0.449, -0.249487, 1.18325));
#4698 = IFCCARTESIANPOINT ((0.429554, -0.249487, 1.18325));
#4699 = IFCCARTESIANPOINT ((0.429554, -0.238869, 1.18537));
#4695 = IFCPOLYLOOP ((#4696, #4697, #4698, #4699));
#4694 = IFCFACEOUTERBOUND (#4695, .T.);
#4693 = IFCFACE ((#4694));
#4703 = IFCCARTESIANPOINT ((0.449, -0.249487, 1.18325));
#4704 = IFCCARTESIANPOINT ((0.449, -0.260105, 1.18537));
#4705 = IFCCARTESIANPOINT ((0.429554, -0.260105, 1.18537));
#4706 = IFCCARTESIANPOINT ((0.429554, -0.249487, 1.18325));
#4702 = IFCPOLYLOOP ((#4703, #4704, #4705, #4706));
#4701 = IFCFACEOUTERBOUND (#4702, .T.);
#4700 = IFCFACE ((#4701));
#4710 = IFCCARTESIANPOINT ((0.449, -0.260105, 1.18537));
#4711 = IFCCARTESIANPOINT ((0.449, -0.269106, 1.19138));
#4712 = IFCCARTESIANPOINT ((0.429554, -0.269106, 1.19138));
#4713 = IFCCARTESIANPOINT ((0.429554, -0.260105, 1.18537));
#4709 = IFCPOLYLOOP ((#4710, #4711, #4712, #4713));
#4708 = IFCFACEOUTERBOUND (#4709, .T.);
#4707 = IFCFACE ((#4708));
#4717 = IFCCARTESIANPOINT ((0.449, -0.269106, 1.19138));
#4718 = IFCCARTESIANPOINT ((0.449, -0.27512, 1.20038));
#4719 = IFCCARTESIANPOINT ((0.429554, -0.27512, 1.20038));
#4720 = IFCCARTESIANPOINT ((0.429554, -0.269106, 1.19138));
#4716 = IFCPOLYLOOP ((#4717, #4718, #4719, #4720));
#4715 = IFCFACEOUTERBOUND (#4716, .T.);
#4714 = IFCFACE ((#4715));
#4724 = IFCCARTESIANPOINT ((0.449, -0.27512, 1.20038));
#4725 = IFCCARTESIANPOINT ((0.449, -0.277232, 1.211));
#4726 = IFCCARTESIANPOINT ((0.429554, -0.277232, 1.211));
#4727 = IFCCARTESIANPOINT ((0.429554, -0.27512, 1.20038));
#4723 = IFCPOLYLOOP ((#4724, #4725, #4726, #4727));
#4722 = IFCFACEOUTERBOUND (#4723, .T.);
#4721 = IFCFACE ((#4722));
#4731 = IFCCARTESIANPOINT ((0.449, -0.277232, 1.211));
#4732 = IFCCARTESIANPOINT ((0.449, -0.27512, 1.22162));
#4733 = IFCCARTESIANPOINT ((0.429554, -0.27512, 1.22162));
#4734 = IFCCARTESIANPOINT ((0.429554, -0.277232, 1.211));
#4730 = IFCPOLYLOOP ((#4731, #4732, #4733, #4734));
#4729 = IFCFACEOUTERBOUND (#4730, .T.);
#4728 = IFCFACE ((#4729));
#4738 = IFCCARTESIANPOINT ((0.449, -0.27512, 1.22162));
#4739 = IFCCARTESIANPOINT ((0.449, -0.269106, 1.23062));
#4740 = IFCCARTESIANPOINT ((0.429554, -0.269106, 1.23062));
#4741 = IFCCARTESIANPOINT ((0.429554, -0.27512, 1.22162));
#4737 = IFCPOLYLOOP ((#4738, #4739, #4740, #4741));
#4736 = IFCFACEOUTERBOUND (#4737, .T.);
#4735 = IFCFACE ((#4736));
#4745 = IFCCARTESIANPOINT ((0.449, -0.269106, 1.23062));
#4746 = IFCCARTESIANPOINT ((0.449, -0.260105, 1.23663));
#4747 = IFCCARTESIANPOINT ((0.429554, -0.260105, 1.23663));
#4748 = IFCCARTESIANPOINT ((0.429554, -0.269106, 1.23062));
#4744 = IFCPOLYLOOP ((#4745, #4746, #4747, #4748));
#4743 = IFCFACEOUTERBOUND (#4744, .T.);
#4742 = IFCFACE ((#4743));
#4752 = IFCCARTESIANPOINT ((0.449, -0.260105, 1.23663));
#4753 = IFCCARTESIANPOINT ((0.449, -0.249487, 1.23875));
#4754 = IFCCARTESIANPOINT ((0.429554, -0.249487, 1.23875));
#4755 = IFCCARTESIANPOINT ((0.429554, -0.260105, 1.23663));
#4751 = IFCPOLYLOOP ((#4752, #4753, #4754, #4755));
#4750 = IFCFACEOUTERBOUND (#4751, .T.);
#4749 = IFCFACE ((#4750));
#4759 = IFCCARTESIANPOINT ((0.449, -0.249487, 1.23875));
#4760 = IFCCARTESIANPOINT ((0.449, -0.238869, 1.23663));
#4761 = IFCCARTESIANPOINT ((0.429554, -0.238869, 1.23663));
#4762 = IFCCARTESIANPOINT ((0.429554, -0.249487, 1.23875));
#4758 = IFCPOLYLOOP ((#4759, #4760, #4761, #4762));
#4757 = IFCFACEOUTERBOUND (#4758, .T.);
#4756 = IFCFACE ((#4757));
#4766 = IFCCARTESIANPOINT ((0.429554, -0.238869, 1.23663));
#4767 = IFCCARTESIANPOINT ((0.429554, -0.229868, 1.23062));
#4768 = IFCCARTESIANPOINT ((0.429554, -0.223854, 1.22162));
#4769 = IFCCARTESIANPOINT ((0.429554, -0.221742, 1.211));
#4770 = IFCCARTESIANPOINT ((0.429554, -0.223854, 1.20038));
#4771 = IFCCARTESIANPOINT ((0.429554, -0.229868, 1.19138));
#4772 = IFCCARTESIANPOINT ((0.429554, -0.238869, 1.18537));
#4773 = IFCCARTESIANPOINT ((0.429554, -0.249487, 1.18325));
#4774 = IFCCARTESIANPOINT ((0.429554, -0.260105, 1.18537));
#4775 = IFCCARTESIANPOINT ((0.429554, -0.269106, 1.19138));
#4776 = IFCCARTESIANPOINT ((0.429554, -0.27512, 1.20038));
#4777 = IFCCARTESIANPOINT ((0.429554, -0.277232, 1.211));
#4778 = IFCCARTESIANPOINT ((0.429554, -0.27512, 1.22162));
#4779 = IFCCARTESIANPOINT ((0.429554, -0.269106, 1.23062));
#4780 = IFCCARTESIANPOINT ((0.429554, -0.260105, 1.23663));
#4781 = IFCCARTESIANPOINT ((0.429554, -0.249487, 1.23875));
#4765 = IFCPOLYLOOP ((#4766, #4767, #4768, #4769, #4770, #4771, #4772, #4773, #4774, #4775, #4776, #4777, #4778, #4779, #4780, #4781));
#4764 = IFCFACEOUTERBOUND (#4765, .T.);
#4763 = IFCFACE ((#4764));
#4785 = IFCCARTESIANPOINT ((0.449, -0.249487, 1.23875));
#4786 = IFCCARTESIANPOINT ((0.449, -0.260105, 1.23663));
#4787 = IFCCARTESIANPOINT ((0.449, -0.269106, 1.23062));
#4788 = IFCCARTESIANPOINT ((0.449, -0.27512, 1.22162));
#4789 = IFCCARTESIANPOINT ((0.449, -0.277232, 1.211));
#4790 = IFCCARTESIANPOINT ((0.449, -0.27512, 1.20038));
#4791 = IFCCARTESIANPOINT ((0.449, -0.269106, 1.19138));
#4792 = IFCCARTESIANPOINT ((0.449, -0.260105, 1.18537));
#4793 = IFCCARTESIANPOINT ((0.449, -0.249487, 1.18325));
#4794 = IFCCARTESIANPOINT ((0.449, -0.238869, 1.18537));
#4795 = IFCCARTESIANPOINT ((0.449, -0.229868, 1.19138));
#4796 = IFCCARTESIANPOINT ((0.449, -0.223854, 1.20038));
#4797 = IFCCARTESIANPOINT ((0.449, -0.221742, 1.211));
#4798 = IFCCARTESIANPOINT ((0.449, -0.223854, 1.22162));
#4799 = IFCCARTESIANPOINT ((0.449, -0.229868, 1.23062));
#4800 = IFCCARTESIANPOINT ((0.449, -0.238869, 1.23663));
#4784 = IFCPOLYLOOP ((#4785, #4786, #4787, #4788, #4789, #4790, #4791, #4792, #4793, #4794, #4795, #4796, #4797, #4798, #4799, #4800));
#4783 = IFCFACEOUTERBOUND (#4784, .T.);
#4782 = IFCFACE ((#4783));
#4650 = IFCCLOSEDSHELL ((#4651, #4658, #4665, #4672, #4679, #4686, #4693, #4700, #4707, #4714, #4721, #4728, #4735, #4742, #4749, #4756, #4763, #4782));
#4649 = IFCFACETEDBREP (#4650);
#4806 = IFCCARTESIANPOINT ((0.449, -0.238869, 1.01663));
#4807 = IFCCARTESIANPOINT ((0.449, -0.229868, 1.01062));
#4808 = IFCCARTESIANPOINT ((0.431382, -0.229868, 1.01062));
#4809 = IFCCARTESIANPOINT ((0.431382, -0.238869, 1.01663));
#4805 = IFCPOLYLOOP ((#4806, #4807, #4808, #4809));
#4804 = IFCFACEOUTERBOUND (#4805, .T.);
#4803 = IFCFACE ((#4804));
#4813 = IFCCARTESIANPOINT ((0.449, -0.229868, 1.01062));
#4814 = IFCCARTESIANPOINT ((0.449, -0.223854, 1.00162));
#4815 = IFCCARTESIANPOINT ((0.431382, -0.223854, 1.00162));
#4816 = IFCCARTESIANPOINT ((0.431382, -0.229868, 1.01062));
#4812 = IFCPOLYLOOP ((#4813, #4814, #4815, #4816));
#4811 = IFCFACEOUTERBOUND (#4812, .T.);
#4810 = IFCFACE ((#4811));
#4820 = IFCCARTESIANPOINT ((0.449, -0.223854, 1.00162));
#4821 = IFCCARTESIANPOINT ((0.449, -0.221742, 0.991));
#4822 = IFCCARTESIANPOINT ((0.431382, -0.221742, 0.991));
#4823 = IFCCARTESIANPOINT ((0.431382, -0.223854, 1.00162));
#4819 = IFCPOLYLOOP ((#4820, #4821, #4822, #4823));
#4818 = IFCFACEOUTERBOUND (#4819, .T.);
#4817 = IFCFACE ((#4818));
#4827 = IFCCARTESIANPOINT ((0.449, -0.221742, 0.991));
#4828 = IFCCARTESIANPOINT ((0.449, -0.223854, 0.980382));
#4829 = IFCCARTESIANPOINT ((0.431382, -0.223854, 0.980382));
#4830 = IFCCARTESIANPOINT ((0.431382, -0.221742, 0.991));
#4826 = IFCPOLYLOOP ((#4827, #4828, #4829, #4830));
#4825 = IFCFACEOUTERBOUND (#4826, .T.);
#4824 = IFCFACE ((#4825));
#4834 = IFCCARTESIANPOINT ((0.449, -0.223854, 0.980382));
#4835 = IFCCARTESIANPOINT ((0.449, -0.229868, 0.971381));
#4836 = IFCCARTESIANPOINT ((0.431382, -0.229868, 0.971381));
#4837 = IFCCARTESIANPOINT ((0.431382, -0.223854, 0.980382));
#4833 = IFCPOLYLOOP ((#4834, #4835, #4836, #4837));
#4832 = IFCFACEOUTERBOUND (#4833, .T.);
#4831 = IFCFACE ((#4832));
#4841 = IFCCARTESIANPOINT ((0.449, -0.229868, 0.971381));
#4842 = IFCCARTESIANPOINT ((0.449, -0.238869, 0.965367));
#4843 = IFCCARTESIANPOINT ((0.431382, -0.238869, 0.965367));
#4844 = IFCCARTESIANPOINT ((0.431382, -0.229868, 0.971381));
#4840 = IFCPOLYLOOP ((#4841, #4842, #4843, #4844));
#4839 = IFCFACEOUTERBOUND (#4840, .T.);
#4838 = IFCFACE ((#4839));
#4848 = IFCCARTESIANPOINT ((0.449, -0.238869, 0.965367));
#4849 = IFCCARTESIANPOINT ((0.449, -0.249487, 0.963255));
#4850 = IFCCARTESIANPOINT ((0.431382, -0.249487, 0.963255));
#4851 = IFCCARTESIANPOINT ((0.431382, -0.238869, 0.965367));
#4847 = IFCPOLYLOOP ((#4848, #4849, #4850, #4851));
#4846 = IFCFACEOUTERBOUND (#4847, .T.);
#4845 = IFCFACE ((#4846));
#4855 = IFCCARTESIANPOINT ((0.449, -0.249487, 0.963255));
#4856 = IFCCARTESIANPOINT ((0.449, -0.260105, 0.965367));
#4857 = IFCCARTESIANPOINT ((0.431382, -0.260105, 0.965367));
#4858 = IFCCARTESIANPOINT ((0.431382, -0.249487, 0.963255));
#4854 = IFCPOLYLOOP ((#4855, #4856, #4857, #4858));
#4853 = IFCFACEOUTERBOUND (#4854, .T.);
#4852 = IFCFACE ((#4853));
#4862 = IFCCARTESIANPOINT ((0.449, -0.260105, 0.965367));
#4863 = IFCCARTESIANPOINT ((0.449, -0.269106, 0.971381));
#4864 = IFCCARTESIANPOINT ((0.431382, -0.269106, 0.971381));
#4865 = IFCCARTESIANPOINT ((0.431382, -0.260105, 0.965367));
#4861 = IFCPOLYLOOP ((#4862, #4863, #4864, #4865));
#4860 = IFCFACEOUTERBOUND (#4861, .T.);
#4859 = IFCFACE ((#4860));
#4869 = IFCCARTESIANPOINT ((0.449, -0.269106, 0.971381));
#4870 = IFCCARTESIANPOINT ((0.449, -0.27512, 0.980382));
#4871 = IFCCARTESIANPOINT ((0.431382, -0.27512, 0.980382));
#4872 = IFCCARTESIANPOINT ((0.431382, -0.269106, 0.971381));
#4868 = IFCPOLYLOOP ((#4869, #4870, #4871, #4872));
#4867 = IFCFACEOUTERBOUND (#4868, .T.);
#4866 = IFCFACE ((#4867));
#4876 = IFCCARTESIANPOINT ((0.449, -0.27512, 0.980382));
#4877 = IFCCARTESIANPOINT ((0.449, -0.277232, 0.991));
#4878 = IFCCARTESIANPOINT ((0.431382, -0.277232, 0.991));
#4879 = IFCCARTESIANPOINT ((0.431382, -0.27512, 0.980382));
#4875 = IFCPOLYLOOP ((#4876, #4877, #4878, #4879));
#4874 = IFCFACEOUTERBOUND (#4875, .T.);
#4873 = IFCFACE ((#4874));
#4883 = IFCCARTESIANPOINT ((0.449, -0.277232, 0.991));
#4884 = IFCCARTESIANPOINT ((0.449, -0.27512, 1.00162));
#4885 = IFCCARTESIANPOINT ((0.431382, -0.27512, 1.00162));
#4886 = IFCCARTESIANPOINT ((0.431382, -0.277232, 0.991));
#4882 = IFCPOLYLOOP ((#4883, #4884, #4885, #4886));
#4881 = IFCFACEOUTERBOUND (#4882, .T.);
#4880 = IFCFACE ((#4881));
#4890 = IFCCARTESIANPOINT ((0.449, -0.27512, 1.00162));
#4891 = IFCCARTESIANPOINT ((0.449, -0.269106, 1.01062));
#4892 = IFCCARTESIANPOINT ((0.431382, -0.269106, 1.01062));
#4893 = IFCCARTESIANPOINT ((0.431382, -0.27512, 1.00162));
#4889 = IFCPOLYLOOP ((#4890, #4891, #4892, #4893));
#4888 = IFCFACEOUTERBOUND (#4889, .T.);
#4887 = IFCFACE ((#4888));
#4897 = IFCCARTESIANPOINT ((0.449, -0.269106, 1.01062));
#4898 = IFCCARTESIANPOINT ((0.449, -0.260105, 1.01663));
#4899 = IFCCARTESIANPOINT ((0.431382, -0.260105, 1.01663));
#4900 = IFCCARTESIANPOINT ((0.431382, -0.269106, 1.01062));
#4896 = IFCPOLYLOOP ((#4897, #4898, #4899, #4900));
#4895 = IFCFACEOUTERBOUND (#4896, .T.);
#4894 = IFCFACE ((#4895));
#4904 = IFCCARTESIANPOINT ((0.449, -0.260105, 1.01663));
#4905 = IFCCARTESIANPOINT ((0.449, -0.249487, 1.01875));
#4906 = IFCCARTESIANPOINT ((0.431382, -0.249487, 1.01875));
#4907 = IFCCARTESIANPOINT ((0.431382, -0.260105, 1.01663));
#4903 = IFCPOLYLOOP ((#4904, #4905, #4906, #4907));
#4902 = IFCFACEOUTERBOUND (#4903, .T.);
#4901 = IFCFACE ((#4902));
#4911 = IFCCARTESIANPOINT ((0.449, -0.249487, 1.01875));
#4912 = IFCCARTESIANPOINT ((0.449, -0.238869, 1.01663));
#4913 = IFCCARTESIANPOINT ((0.431382, -0.238869, 1.01663));
#4914 = IFCCARTESIANPOINT ((0.431382, -0.249487, 1.01875));
#4910 = IFCPOLYLOOP ((#4911, #4912, #4913, #4914));
#4909 = IFCFACEOUTERBOUND (#4910, .T.);
#4908 = IFCFACE ((#4909));
#4918 = IFCCARTESIANPOINT ((0.431382, -0.238869, 1.01663));
#4919 = IFCCARTESIANPOINT ((0.431382, -0.229868, 1.01062));
#4920 = IFCCARTESIANPOINT ((0.431382, -0.223854, 1.00162));
#4921 = IFCCARTESIANPOINT ((0.431382, -0.221742, 0.991));
#4922 = IFCCARTESIANPOINT ((0.431382, -0.223854, 0.980382));
#4923 = IFCCARTESIANPOINT ((0.431382, -0.229868, 0.971381));
#4924 = IFCCARTESIANPOINT ((0.431382, -0.238869, 0.965367));
#4925 = IFCCARTESIANPOINT ((0.431382, -0.249487, 0.963255));
#4926 = IFCCARTESIANPOINT ((0.431382, -0.260105, 0.965367));
#4927 = IFCCARTESIANPOINT ((0.431382, -0.269106, 0.971381));
#4928 = IFCCARTESIANPOINT ((0.431382, -0.27512, 0.980382));
#4929 = IFCCARTESIANPOINT ((0.431382, -0.277232, 0.991));
#4930 = IFCCARTESIANPOINT ((0.431382, -0.27512, 1.00162));
#4931 = IFCCARTESIANPOINT ((0.431382, -0.269106, 1.01062));
#4932 = IFCCARTESIANPOINT ((0.431382, -0.260105, 1.01663));
#4933 = IFCCARTESIANPOINT ((0.431382, -0.249487, 1.01875));
#4917 = IFCPOLYLOOP ((#4918, #4919, #4920, #4921, #4922, #4923, #4924, #4925, #4926, #4927, #4928, #4929, #4930, #4931, #4932, #4933));
#4916 = IFCFACEOUTERBOUND (#4917, .T.);
#4915 = IFCFACE ((#4916));
#4937 = IFCCARTESIANPOINT ((0.449, -0.249487, 1.01875));
#4938 = IFCCARTESIANPOINT ((0.449, -0.260105, 1.01663));
#4939 = IFCCARTESIANPOINT ((0.449, -0.269106, 1.01062));
#4940 = IFCCARTESIANPOINT ((0.449, -0.27512, 1.00162));
#4941 = IFCCARTESIANPOINT ((0.449, -0.277232, 0.991));
#4942 = IFCCARTESIANPOINT ((0.449, -0.27512, 0.980382));
#4943 = IFCCARTESIANPOINT ((0.449, -0.269106, 0.971381));
#4944 = IFCCARTESIANPOINT ((0.449, -0.260105, 0.965367));
#4945 = IFCCARTESIANPOINT ((0.449, -0.249487, 0.963255));
#4946 = IFCCARTESIANPOINT ((0.449, -0.238869, 0.965367));
#4947 = IFCCARTESIANPOINT ((0.449, -0.229868, 0.971381));
#4948 = IFCCARTESIANPOINT ((0.449, -0.223854, 0.980382));
#4949 = IFCCARTESIANPOINT ((0.449, -0.221742, 0.991));
#4950 = IFCCARTESIANPOINT ((0.449, -0.223854, 1.00162));
#4951 = IFCCARTESIANPOINT ((0.449, -0.229868, 1.01062));
#4952 = IFCCARTESIANPOINT ((0.449, -0.238869, 1.01663));
#4936 = IFCPOLYLOOP ((#4937, #4938, #4939, #4940, #4941, #4942, #4943, #4944, #4945, #4946, #4947, #4948, #4949, #4950, #4951, #4952));
#4935 = IFCFACEOUTERBOUND (#4936, .T.);
#4934 = IFCFACE ((#4935));
#4802 = IFCCLOSEDSHELL ((#4803, #4810, #4817, #4824, #4831, #4838, #4845, #4852, #4859, #4866, #4873, #4880, #4887, #4894, #4901, #4908, #4915, #4934));
#4801 = IFCFACETEDBREP (#4802);
#4958 = IFCCARTESIANPOINT ((0.361928, -0.243217, 1.22614));
#4959 = IFCCARTESIANPOINT ((0.361928, -0.237902, 1.22258));
#4960 = IFCCARTESIANPOINT ((0.344, -0.237902, 1.22258));
#4961 = IFCCARTESIANPOINT ((0.344, -0.243217, 1.22614));
#4957 = IFCPOLYLOOP ((#4958, #4959, #4960, #4961));
#4956 = IFCFACEOUTERBOUND (#4957, .T.);
#4955 = IFCFACE ((#4956));
#4965 = IFCCARTESIANPOINT ((0.361928, -0.237902, 1.22258));
#4966 = IFCCARTESIANPOINT ((0.361928, -0.234351, 1.21727));
#4967 = IFCCARTESIANPOINT ((0.344, -0.234351, 1.21727));
#4968 = IFCCARTESIANPOINT ((0.344, -0.237902, 1.22258));
#4964 = IFCPOLYLOOP ((#4965, #4966, #4967, #4968));
#4963 = IFCFACEOUTERBOUND (#4964, .T.);
#4962 = IFCFACE ((#4963));
#4972 = IFCCARTESIANPOINT ((0.361928, -0.234351, 1.21727));
#4973 = IFCCARTESIANPOINT ((0.361928, -0.233104, 1.211));
#4974 = IFCCARTESIANPOINT ((0.344, -0.233104, 1.211));
#4975 = IFCCARTESIANPOINT ((0.344, -0.234351, 1.21727));
#4971 = IFCPOLYLOOP ((#4972, #4973, #4974, #4975));
#4970 = IFCFACEOUTERBOUND (#4971, .T.);
#4969 = IFCFACE ((#4970));
#4979 = IFCCARTESIANPOINT ((0.361928, -0.233104, 1.211));
#4980 = IFCCARTESIANPOINT ((0.361928, -0.234351, 1.20473));
#4981 = IFCCARTESIANPOINT ((0.344, -0.234351, 1.20473));
#4982 = IFCCARTESIANPOINT ((0.344, -0.233104, 1.211));
#4978 = IFCPOLYLOOP ((#4979, #4980, #4981, #4982));
#4977 = IFCFACEOUTERBOUND (#4978, .T.);
#4976 = IFCFACE ((#4977));
#4986 = IFCCARTESIANPOINT ((0.361928, -0.234351, 1.20473));
#4987 = IFCCARTESIANPOINT ((0.361928, -0.237902, 1.19942));
#4988 = IFCCARTESIANPOINT ((0.344, -0.237902, 1.19942));
#4989 = IFCCARTESIANPOINT ((0.344, -0.234351, 1.20473));
#4985 = IFCPOLYLOOP ((#4986, #4987, #4988, #4989));
#4984 = IFCFACEOUTERBOUND (#4985, .T.);
#4983 = IFCFACE ((#4984));
#4993 = IFCCARTESIANPOINT ((0.361928, -0.237902, 1.19942));
#4994 = IFCCARTESIANPOINT ((0.361928, -0.243217, 1.19586));
#4995 = IFCCARTESIANPOINT ((0.344, -0.243217, 1.19586));
#4996 = IFCCARTESIANPOINT ((0.344, -0.237902, 1.19942));
#4992 = IFCPOLYLOOP ((#4993, #4994, #4995, #4996));
#4991 = IFCFACEOUTERBOUND (#4992, .T.);
#4990 = IFCFACE ((#4991));
#5000 = IFCCARTESIANPOINT ((0.361928, -0.243217, 1.19586));
#5001 = IFCCARTESIANPOINT ((0.361928, -0.249487, 1.19462));
#5002 = IFCCARTESIANPOINT ((0.344, -0.249487, 1.19462));
#5003 = IFCCARTESIANPOINT ((0.344, -0.243217, 1.19586));
#4999 = IFCPOLYLOOP ((#5000, #5001, #5002, #5003));
#4998 = IFCFACEOUTERBOUND (#4999, .T.);
#4997 = IFCFACE ((#4998));
#5007 = IFCCARTESIANPOINT ((0.361928, -0.249487, 1.19462));
#5008 = IFCCARTESIANPOINT ((0.361928, -0.255757, 1.19586));
#5009 = IFCCARTESIANPOINT ((0.344, -0.255757, 1.19586));
#5010 = IFCCARTESIANPOINT ((0.344, -0.249487, 1.19462));
#5006 = IFCPOLYLOOP ((#5007, #5008, #5009, #5010));
#5005 = IFCFACEOUTERBOUND (#5006, .T.);
#5004 = IFCFACE ((#5005));
#5014 = IFCCARTESIANPOINT ((0.361928, -0.255757, 1.19586));
#5015 = IFCCARTESIANPOINT ((0.361928, -0.261072, 1.19942));
#5016 = IFCCARTESIANPOINT ((0.344, -0.261072, 1.19942));
#5017 = IFCCARTESIANPOINT ((0.344, -0.255757, 1.19586));
#5013 = IFCPOLYLOOP ((#5014, #5015, #5016, #5017));
#5012 = IFCFACEOUTERBOUND (#5013, .T.);
#5011 = IFCFACE ((#5012));
#5021 = IFCCARTESIANPOINT ((0.361928, -0.261072, 1.19942));
#5022 = IFCCARTESIANPOINT ((0.361928, -0.264623, 1.20473));
#5023 = IFCCARTESIANPOINT ((0.344, -0.264623, 1.20473));
#5024 = IFCCARTESIANPOINT ((0.344, -0.261072, 1.19942));
#5020 = IFCPOLYLOOP ((#5021, #5022, #5023, #5024));
#5019 = IFCFACEOUTERBOUND (#5020, .T.);
#5018 = IFCFACE ((#5019));
#5028 = IFCCARTESIANPOINT ((0.361928, -0.264623, 1.20473));
#5029 = IFCCARTESIANPOINT ((0.361928, -0.26587, 1.211));
#5030 = IFCCARTESIANPOINT ((0.344, -0.26587, 1.211));
#5031 = IFCCARTESIANPOINT ((0.344, -0.264623, 1.20473));
#5027 = IFCPOLYLOOP ((#5028, #5029, #5030, #5031));
#5026 = IFCFACEOUTERBOUND (#5027, .T.);
#5025 = IFCFACE ((#5026));
#5035 = IFCCARTESIANPOINT ((0.361928, -0.26587, 1.211));
#5036 = IFCCARTESIANPOINT ((0.361928, -0.264623, 1.21727));
#5037 = IFCCARTESIANPOINT ((0.344, -0.264623, 1.21727));
#5038 = IFCCARTESIANPOINT ((0.344, -0.26587, 1.211));
#5034 = IFCPOLYLOOP ((#5035, #5036, #5037, #5038));
#5033 = IFCFACEOUTERBOUND (#5034, .T.);
#5032 = IFCFACE ((#5033));
#5042 = IFCCARTESIANPOINT ((0.361928, -0.264623, 1.21727));
#5043 = IFCCARTESIANPOINT ((0.361928, -0.261072, 1.22258));
#5044 = IFCCARTESIANPOINT ((0.344, -0.261072, 1.22258));
#5045 = IFCCARTESIANPOINT ((0.344, -0.264623, 1.21727));
#5041 = IFCPOLYLOOP ((#5042, #5043, #5044, #5045));
#5040 = IFCFACEOUTERBOUND (#5041, .T.);
#5039 = IFCFACE ((#5040));
#5049 = IFCCARTESIANPOINT ((0.361928, -0.261072, 1.22258));
#5050 = IFCCARTESIANPOINT ((0.361928, -0.255757, 1.22614));
#5051 = IFCCARTESIANPOINT ((0.344, -0.255757, 1.22614));
#5052 = IFCCARTESIANPOINT ((0.344, -0.261072, 1.22258));
#5048 = IFCPOLYLOOP ((#5049, #5050, #5051, #5052));
#5047 = IFCFACEOUTERBOUND (#5048, .T.);
#5046 = IFCFACE ((#5047));
#5056 = IFCCARTESIANPOINT ((0.361928, -0.255757, 1.22614));
#5057 = IFCCARTESIANPOINT ((0.361928, -0.249487, 1.22738));
#5058 = IFCCARTESIANPOINT ((0.344, -0.249487, 1.22738));
#5059 = IFCCARTESIANPOINT ((0.344, -0.255757, 1.22614));
#5055 = IFCPOLYLOOP ((#5056, #5057, #5058, #5059));
#5054 = IFCFACEOUTERBOUND (#5055, .T.);
#5053 = IFCFACE ((#5054));
#5063 = IFCCARTESIANPOINT ((0.361928, -0.249487, 1.22738));
#5064 = IFCCARTESIANPOINT ((0.361928, -0.243217, 1.22614));
#5065 = IFCCARTESIANPOINT ((0.344, -0.243217, 1.22614));
#5066 = IFCCARTESIANPOINT ((0.344, -0.249487, 1.22738));
#5062 = IFCPOLYLOOP ((#5063, #5064, #5065, #5066));
#5061 = IFCFACEOUTERBOUND (#5062, .T.);
#5060 = IFCFACE ((#5061));
#5070 = IFCCARTESIANPOINT ((0.344, -0.243217, 1.22614));
#5071 = IFCCARTESIANPOINT ((0.344, -0.237902, 1.22258));
#5072 = IFCCARTESIANPOINT ((0.344, -0.234351, 1.21727));
#5073 = IFCCARTESIANPOINT ((0.344, -0.233104, 1.211));
#5074 = IFCCARTESIANPOINT ((0.344, -0.234351, 1.20473));
#5075 = IFCCARTESIANPOINT ((0.344, -0.237902, 1.19942));
#5076 = IFCCARTESIANPOINT ((0.344, -0.243217, 1.19586));
#5077 = IFCCARTESIANPOINT ((0.344, -0.249487, 1.19462));
#5078 = IFCCARTESIANPOINT ((0.344, -0.255757, 1.19586));
#5079 = IFCCARTESIANPOINT ((0.344, -0.261072, 1.19942));
#5080 = IFCCARTESIANPOINT ((0.344, -0.264623, 1.20473));
#5081 = IFCCARTESIANPOINT ((0.344, -0.26587, 1.211));
#5082 = IFCCARTESIANPOINT ((0.344, -0.264623, 1.21727));
#5083 = IFCCARTESIANPOINT ((0.344, -0.261072, 1.22258));
#5084 = IFCCARTESIANPOINT ((0.344, -0.255757, 1.22614));
#5085 = IFCCARTESIANPOINT ((0.344, -0.249487, 1.22738));
#5069 = IFCPOLYLOOP ((#5070, #5071, #5072, #5073, #5074, #5075, #5076, #5077, #5078, #5079, #5080, #5081, #5082, #5083, #5084, #5085));
#5068 = IFCFACEOUTERBOUND (#5069, .T.);
#5067 = IFCFACE ((#5068));
#5089 = IFCCARTESIANPOINT ((0.361928, -0.249487, 1.22738));
#5090 = IFCCARTESIANPOINT ((0.361928, -0.255757, 1.22614));
#5091 = IFCCARTESIANPOINT ((0.361928, -0.261072, 1.22258));
#5092 = IFCCARTESIANPOINT ((0.361928, -0.264623, 1.21727));
#5093 = IFCCARTESIANPOINT ((0.361928, -0.26587, 1.211));
#5094 = IFCCARTESIANPOINT ((0.361928, -0.264623, 1.20473));
#5095 = IFCCARTESIANPOINT ((0.361928, -0.261072, 1.19942));
#5096 = IFCCARTESIANPOINT ((0.361928, -0.255757, 1.19586));
#5097 = IFCCARTESIANPOINT ((0.361928, -0.249487, 1.19462));
#5098 = IFCCARTESIANPOINT ((0.361928, -0.243217, 1.19586));
#5099 = IFCCARTESIANPOINT ((0.361928, -0.237902, 1.19942));
#5100 = IFCCARTESIANPOINT ((0.361928, -0.234351, 1.20473));
#5101 = IFCCARTESIANPOINT ((0.361928, -0.233104, 1.211));
#5102 = IFCCARTESIANPOINT ((0.361928, -0.234351, 1.21727));
#5103 = IFCCARTESIANPOINT ((0.361928, -0.237902, 1.22258));
#5104 = IFCCARTESIANPOINT ((0.361928, -0.243217, 1.22614));
#5088 = IFCPOLYLOOP ((#5089, #5090, #5091, #5092, #5093, #5094, #5095, #5096, #5097, #5098, #5099, #5100, #5101, #5102, #5103, #5104));
#5087 = IFCFACEOUTERBOUND (#5088, .T.);
#5086 = IFCFACE ((#5087));
#4954 = IFCCLOSEDSHELL ((#4955, #4962, #4969, #4976, #4983, #4990, #4997, #5004, #5011, #5018, #5025, #5032, #5039, #5046, #5053, #5060, #5067, #5086));
#4953 = IFCFACETEDBREP (#4954);
#5110 = IFCCARTESIANPOINT ((0.344, -0.255829, 1.00631));
#5111 = IFCCARTESIANPOINT ((0.344, -0.261205, 1.00272));
#5112 = IFCCARTESIANPOINT ((0.364987, -0.261205, 1.00272));
#5113 = IFCCARTESIANPOINT ((0.364987, -0.255829, 1.00631));
#5109 = IFCPOLYLOOP ((#5110, #5111, #5112, #5113));
#5108 = IFCFACEOUTERBOUND (#5109, .T.);
#5107 = IFCFACE ((#5108));
#5117 = IFCCARTESIANPOINT ((0.344, -0.261205, 1.00272));
#5118 = IFCCARTESIANPOINT ((0.344, -0.264797, 0.997342));
#5119 = IFCCARTESIANPOINT ((0.364987, -0.264797, 0.997342));
#5120 = IFCCARTESIANPOINT ((0.364987, -0.261205, 1.00272));
#5116 = IFCPOLYLOOP ((#5117, #5118, #5119, #5120));
#5115 = IFCFACEOUTERBOUND (#5116, .T.);
#5114 = IFCFACE ((#5115));
#5124 = IFCCARTESIANPOINT ((0.344, -0.264797, 0.997342));
#5125 = IFCCARTESIANPOINT ((0.344, -0.266058, 0.991));
#5126 = IFCCARTESIANPOINT ((0.364987, -0.266058, 0.991));
#5127 = IFCCARTESIANPOINT ((0.364987, -0.264797, 0.997342));
#5123 = IFCPOLYLOOP ((#5124, #5125, #5126, #5127));
#5122 = IFCFACEOUTERBOUND (#5123, .T.);
#5121 = IFCFACE ((#5122));
#5131 = IFCCARTESIANPOINT ((0.344, -0.266058, 0.991));
#5132 = IFCCARTESIANPOINT ((0.344, -0.264797, 0.984658));
#5133 = IFCCARTESIANPOINT ((0.364987, -0.264797, 0.984658));
#5134 = IFCCARTESIANPOINT ((0.364987, -0.266058, 0.991));
#5130 = IFCPOLYLOOP ((#5131, #5132, #5133, #5134));
#5129 = IFCFACEOUTERBOUND (#5130, .T.);
#5128 = IFCFACE ((#5129));
#5138 = IFCCARTESIANPOINT ((0.344, -0.264797, 0.984658));
#5139 = IFCCARTESIANPOINT ((0.344, -0.261205, 0.979282));
#5140 = IFCCARTESIANPOINT ((0.364987, -0.261205, 0.979282));
#5141 = IFCCARTESIANPOINT ((0.364987, -0.264797, 0.984658));
#5137 = IFCPOLYLOOP ((#5138, #5139, #5140, #5141));
#5136 = IFCFACEOUTERBOUND (#5137, .T.);
#5135 = IFCFACE ((#5136));
#5145 = IFCCARTESIANPOINT ((0.344, -0.261205, 0.979282));
#5146 = IFCCARTESIANPOINT ((0.344, -0.255829, 0.97569));
#5147 = IFCCARTESIANPOINT ((0.364987, -0.255829, 0.97569));
#5148 = IFCCARTESIANPOINT ((0.364987, -0.261205, 0.979282));
#5144 = IFCPOLYLOOP ((#5145, #5146, #5147, #5148));
#5143 = IFCFACEOUTERBOUND (#5144, .T.);
#5142 = IFCFACE ((#5143));
#5152 = IFCCARTESIANPOINT ((0.344, -0.255829, 0.97569));
#5153 = IFCCARTESIANPOINT ((0.344, -0.249487, 0.974429));
#5154 = IFCCARTESIANPOINT ((0.364987, -0.249487, 0.974429));
#5155 = IFCCARTESIANPOINT ((0.364987, -0.255829, 0.97569));
#5151 = IFCPOLYLOOP ((#5152, #5153, #5154, #5155));
#5150 = IFCFACEOUTERBOUND (#5151, .T.);
#5149 = IFCFACE ((#5150));
#5159 = IFCCARTESIANPOINT ((0.344, -0.249487, 0.974429));
#5160 = IFCCARTESIANPOINT ((0.344, -0.243145, 0.97569));
#5161 = IFCCARTESIANPOINT ((0.364987, -0.243145, 0.97569));
#5162 = IFCCARTESIANPOINT ((0.364987, -0.249487, 0.974429));
#5158 = IFCPOLYLOOP ((#5159, #5160, #5161, #5162));
#5157 = IFCFACEOUTERBOUND (#5158, .T.);
#5156 = IFCFACE ((#5157));
#5166 = IFCCARTESIANPOINT ((0.344, -0.243145, 0.97569));
#5167 = IFCCARTESIANPOINT ((0.344, -0.237769, 0.979282));
#5168 = IFCCARTESIANPOINT ((0.364987, -0.237769, 0.979282));
#5169 = IFCCARTESIANPOINT ((0.364987, -0.243145, 0.97569));
#5165 = IFCPOLYLOOP ((#5166, #5167, #5168, #5169));
#5164 = IFCFACEOUTERBOUND (#5165, .T.);
#5163 = IFCFACE ((#5164));
#5173 = IFCCARTESIANPOINT ((0.344, -0.237769, 0.979282));
#5174 = IFCCARTESIANPOINT ((0.344, -0.234177, 0.984658));
#5175 = IFCCARTESIANPOINT ((0.364987, -0.234177, 0.984658));
#5176 = IFCCARTESIANPOINT ((0.364987, -0.237769, 0.979282));
#5172 = IFCPOLYLOOP ((#5173, #5174, #5175, #5176));
#5171 = IFCFACEOUTERBOUND (#5172, .T.);
#5170 = IFCFACE ((#5171));
#5180 = IFCCARTESIANPOINT ((0.344, -0.234177, 0.984658));
#5181 = IFCCARTESIANPOINT ((0.344, -0.232916, 0.991));
#5182 = IFCCARTESIANPOINT ((0.364987, -0.232916, 0.991));
#5183 = IFCCARTESIANPOINT ((0.364987, -0.234177, 0.984658));
#5179 = IFCPOLYLOOP ((#5180, #5181, #5182, #5183));
#5178 = IFCFACEOUTERBOUND (#5179, .T.);
#5177 = IFCFACE ((#5178));
#5187 = IFCCARTESIANPOINT ((0.344, -0.232916, 0.991));
#5188 = IFCCARTESIANPOINT ((0.344, -0.234177, 0.997342));
#5189 = IFCCARTESIANPOINT ((0.364987, -0.234177, 0.997342));
#5190 = IFCCARTESIANPOINT ((0.364987, -0.232916, 0.991));
#5186 = IFCPOLYLOOP ((#5187, #5188, #5189, #5190));
#5185 = IFCFACEOUTERBOUND (#5186, .T.);
#5184 = IFCFACE ((#5185));
#5194 = IFCCARTESIANPOINT ((0.344, -0.234177, 0.997342));
#5195 = IFCCARTESIANPOINT ((0.344, -0.237769, 1.00272));
#5196 = IFCCARTESIANPOINT ((0.364987, -0.237769, 1.00272));
#5197 = IFCCARTESIANPOINT ((0.364987, -0.234177, 0.997342));
#5193 = IFCPOLYLOOP ((#5194, #5195, #5196, #5197));
#5192 = IFCFACEOUTERBOUND (#5193, .T.);
#5191 = IFCFACE ((#5192));
#5201 = IFCCARTESIANPOINT ((0.344, -0.237769, 1.00272));
#5202 = IFCCARTESIANPOINT ((0.344, -0.243145, 1.00631));
#5203 = IFCCARTESIANPOINT ((0.364987, -0.243145, 1.00631));
#5204 = IFCCARTESIANPOINT ((0.364987, -0.237769, 1.00272));
#5200 = IFCPOLYLOOP ((#5201, #5202, #5203, #5204));
#5199 = IFCFACEOUTERBOUND (#5200, .T.);
#5198 = IFCFACE ((#5199));
#5208 = IFCCARTESIANPOINT ((0.344, -0.243145, 1.00631));
#5209 = IFCCARTESIANPOINT ((0.344, -0.249487, 1.00757));
#5210 = IFCCARTESIANPOINT ((0.364987, -0.249487, 1.00757));
#5211 = IFCCARTESIANPOINT ((0.364987, -0.243145, 1.00631));
#5207 = IFCPOLYLOOP ((#5208, #5209, #5210, #5211));
#5206 = IFCFACEOUTERBOUND (#5207, .T.);
#5205 = IFCFACE ((#5206));
#5215 = IFCCARTESIANPOINT ((0.344, -0.249487, 1.00757));
#5216 = IFCCARTESIANPOINT ((0.344, -0.255829, 1.00631));
#5217 = IFCCARTESIANPOINT ((0.364987, -0.255829, 1.00631));
#5218 = IFCCARTESIANPOINT ((0.364987, -0.249487, 1.00757));
#5214 = IFCPOLYLOOP ((#5215, #5216, #5217, #5218));
#5213 = IFCFACEOUTERBOUND (#5214, .T.);
#5212 = IFCFACE ((#5213));
#5222 = IFCCARTESIANPOINT ((0.364987, -0.255829, 1.00631));
#5223 = IFCCARTESIANPOINT ((0.364987, -0.261205, 1.00272));
#5224 = IFCCARTESIANPOINT ((0.364987, -0.264797, 0.997342));
#5225 = IFCCARTESIANPOINT ((0.364987, -0.266058, 0.991));
#5226 = IFCCARTESIANPOINT ((0.364987, -0.264797, 0.984658));
#5227 = IFCCARTESIANPOINT ((0.364987, -0.261205, 0.979282));
#5228 = IFCCARTESIANPOINT ((0.364987, -0.255829, 0.97569));
#5229 = IFCCARTESIANPOINT ((0.364987, -0.249487, 0.974429));
#5230 = IFCCARTESIANPOINT ((0.364987, -0.243145, 0.97569));
#5231 = IFCCARTESIANPOINT ((0.364987, -0.237769, 0.979282));
#5232 = IFCCARTESIANPOINT ((0.364987, -0.234177, 0.984658));
#5233 = IFCCARTESIANPOINT ((0.364987, -0.232916, 0.991));
#5234 = IFCCARTESIANPOINT ((0.364987, -0.234177, 0.997342));
#5235 = IFCCARTESIANPOINT ((0.364987, -0.237769, 1.00272));
#5236 = IFCCARTESIANPOINT ((0.364987, -0.243145, 1.00631));
#5237 = IFCCARTESIANPOINT ((0.364987, -0.249487, 1.00757));
#5221 = IFCPOLYLOOP ((#5222, #5223, #5224, #5225, #5226, #5227, #5228, #5229, #5230, #5231, #5232, #5233, #5234, #5235, #5236, #5237));
#5220 = IFCFACEOUTERBOUND (#5221, .T.);
#5219 = IFCFACE ((#5220));
#5241 = IFCCARTESIANPOINT ((0.344, -0.249487, 1.00757));
#5242 = IFCCARTESIANPOINT ((0.344, -0.243145, 1.00631));
#5243 = IFCCARTESIANPOINT ((0.344, -0.237769, 1.00272));
#5244 = IFCCARTESIANPOINT ((0.344, -0.234177, 0.997342));
#5245 = IFCCARTESIANPOINT ((0.344, -0.232916, 0.991));
#5246 = IFCCARTESIANPOINT ((0.344, -0.234177, 0.984658));
#5247 = IFCCARTESIANPOINT ((0.344, -0.237769, 0.979282));
#5248 = IFCCARTESIANPOINT ((0.344, -0.243145, 0.97569));
#5249 = IFCCARTESIANPOINT ((0.344, -0.249487, 0.974429));
#5250 = IFCCARTESIANPOINT ((0.344, -0.255829, 0.97569));
#5251 = IFCCARTESIANPOINT ((0.344, -0.261205, 0.979282));
#5252 = IFCCARTESIANPOINT ((0.344, -0.264797, 0.984658));
#5253 = IFCCARTESIANPOINT ((0.344, -0.266058, 0.991));
#5254 = IFCCARTESIANPOINT ((0.344, -0.264797, 0.997342));
#5255 = IFCCARTESIANPOINT ((0.344, -0.261205, 1.00272));
#5256 = IFCCARTESIANPOINT ((0.344, -0.255829, 1.00631));
#5240 = IFCPOLYLOOP ((#5241, #5242, #5243, #5244, #5245, #5246, #5247, #5248, #5249, #5250, #5251, #5252, #5253, #5254, #5255, #5256));
#5239 = IFCFACEOUTERBOUND (#5240, .T.);
#5238 = IFCFACE ((#5239));
#5106 = IFCCLOSEDSHELL ((#5107, #5114, #5121, #5128, #5135, #5142, #5149, #5156, #5163, #5170, #5177, #5184, #5191, #5198, #5205, #5212, #5219, #5238));
#5105 = IFCFACETEDBREP (#5106);
#5262 = IFCCARTESIANPOINT ((0., -0.878723, 0.0581326));
#5263 = IFCCARTESIANPOINT ((-0.0249999, -0.878723, 0.0725663));
#5264 = IFCCARTESIANPOINT ((-0.0249999, -0.848723, 0.0725663));
#5265 = IFCCARTESIANPOINT ((0., -0.848723, 0.0581326));
#5261 = IFCPOLYLOOP ((#5262, #5263, #5264, #5265));
#5260 = IFCFACEOUTERBOUND (#5261, .T.);
#5259 = IFCFACE ((#5260));
#5269 = IFCCARTESIANPOINT ((-0.0249999, -0.878723, 0.0725663));
#5270 = IFCCARTESIANPOINT ((-0.0249999, -0.878723, 0.101434));
#5271 = IFCCARTESIANPOINT ((-0.0249999, -0.848723, 0.101434));
#5272 = IFCCARTESIANPOINT ((-0.0249999, -0.848723, 0.0725663));
#5268 = IFCPOLYLOOP ((#5269, #5270, #5271, #5272));
#5267 = IFCFACEOUTERBOUND (#5268, .T.);
#5266 = IFCFACE ((#5267));
#5276 = IFCCARTESIANPOINT ((-0.0249999, -0.878723, 0.101434));
#5277 = IFCCARTESIANPOINT ((0., -0.878723, 0.115867));
#5278 = IFCCARTESIANPOINT ((0., -0.848723, 0.115867));
#5279 = IFCCARTESIANPOINT ((-0.0249999, -0.848723, 0.101434));
#5275 = IFCPOLYLOOP ((#5276, #5277, #5278, #5279));
#5274 = IFCFACEOUTERBOUND (#5275, .T.);
#5273 = IFCFACE ((#5274));
#5283 = IFCCARTESIANPOINT ((0., -0.878723, 0.115867));
#5284 = IFCCARTESIANPOINT ((0.0249999, -0.878723, 0.101434));
#5285 = IFCCARTESIANPOINT ((0.0249999, -0.848723, 0.101434));
#5286 = IFCCARTESIANPOINT ((0., -0.848723, 0.115867));
#5282 = IFCPOLYLOOP ((#5283, #5284, #5285, #5286));
#5281 = IFCFACEOUTERBOUND (#5282, .T.);
#5280 = IFCFACE ((#5281));
#5290 = IFCCARTESIANPOINT ((0.0249999, -0.878723, 0.101434));
#5291 = IFCCARTESIANPOINT ((0.0249999, -0.878723, 0.0725663));
#5292 = IFCCARTESIANPOINT ((0.0249999, -0.848723, 0.0725663));
#5293 = IFCCARTESIANPOINT ((0.0249999, -0.848723, 0.101434));
#5289 = IFCPOLYLOOP ((#5290, #5291, #5292, #5293));
#5288 = IFCFACEOUTERBOUND (#5289, .T.);
#5287 = IFCFACE ((#5288));
#5297 = IFCCARTESIANPOINT ((0.0249999, -0.878723, 0.0725663));
#5298 = IFCCARTESIANPOINT ((0., -0.878723, 0.0581326));
#5299 = IFCCARTESIANPOINT ((0., -0.848723, 0.0581326));
#5300 = IFCCARTESIANPOINT ((0.0249999, -0.848723, 0.0725663));
#5296 = IFCPOLYLOOP ((#5297, #5298, #5299, #5300));
#5295 = IFCFACEOUTERBOUND (#5296, .T.);
#5294 = IFCFACE ((#5295));
#5304 = IFCCARTESIANPOINT ((-0.0249999, -0.848723, 0.101434));
#5305 = IFCCARTESIANPOINT ((0., -0.848723, 0.115867));
#5306 = IFCCARTESIANPOINT ((0.0249999, -0.848723, 0.101434));
#5307 = IFCCARTESIANPOINT ((0.0249999, -0.848723, 0.0725663));
#5308 = IFCCARTESIANPOINT ((0., -0.848723, 0.0581326));
#5309 = IFCCARTESIANPOINT ((-0.0249999, -0.848723, 0.0725663));
#5303 = IFCPOLYLOOP ((#5304, #5305, #5306, #5307, #5308, #5309));
#5302 = IFCFACEOUTERBOUND (#5303, .T.);
#5312 = IFCCARTESIANPOINT ((-0.0104775, -0.848723, 0.087));
#5313 = IFCCARTESIANPOINT ((-0.00967995, -0.848723, 0.0829904));
#5314 = IFCCARTESIANPOINT ((-0.00740871, -0.848723, 0.0795913));
#5315 = IFCCARTESIANPOINT ((-0.00400957, -0.848723, 0.0773201));
#5316 = IFCCARTESIANPOINT ((0., -0.848723, 0.0765225));
#5317 = IFCCARTESIANPOINT ((0.00400957, -0.848723, 0.0773201));
#5318 = IFCCARTESIANPOINT ((0.00740871, -0.848723, 0.0795913));
#5319 = IFCCARTESIANPOINT ((0.00967995, -0.848723, 0.0829904));
#5320 = IFCCARTESIANPOINT ((0.0104775, -0.848723, 0.087));
#5321 = IFCCARTESIANPOINT ((0.00967995, -0.848723, 0.0910096));
#5322 = IFCCARTESIANPOINT ((0.00740871, -0.848723, 0.0944087));
#5323 = IFCCARTESIANPOINT ((0.00400957, -0.848723, 0.0966799));
#5324 = IFCCARTESIANPOINT ((0., -0.848723, 0.0974775));
#5325 = IFCCARTESIANPOINT ((-0.00400957, -0.848723, 0.0966799));
#5326 = IFCCARTESIANPOINT ((-0.00740871, -0.848723, 0.0944087));
#5327 = IFCCARTESIANPOINT ((-0.00967995, -0.848723, 0.0910096));
#5311 = IFCPOLYLOOP ((#5312, #5313, #5314, #5315, #5316, #5317, #5318, #5319, #5320, #5321, #5322, #5323, #5324, #5325, #5326, #5327));
#5310 = IFCFACEBOUND (#5311, .T.);
#5301 = IFCFACE ((#5302, #5310));
#5331 = IFCCARTESIANPOINT ((-0.0249999, -0.878723, 0.0725663));
#5332 = IFCCARTESIANPOINT ((0., -0.878723, 0.0581326));
#5333 = IFCCARTESIANPOINT ((0.0249999, -0.878723, 0.0725663));
#5334 = IFCCARTESIANPOINT ((0.0249999, -0.878723, 0.101434));
#5335 = IFCCARTESIANPOINT ((0., -0.878723, 0.115867));
#5336 = IFCCARTESIANPOINT ((-0.0249999, -0.878723, 0.101434));
#5330 = IFCPOLYLOOP ((#5331, #5332, #5333, #5334, #5335, #5336));
#5329 = IFCFACEOUTERBOUND (#5330, .T.);
#5339 = IFCCARTESIANPOINT ((-0.0104775, -0.878723, 0.087));
#5340 = IFCCARTESIANPOINT ((-0.00967995, -0.878723, 0.0910096));
#5341 = IFCCARTESIANPOINT ((-0.00740871, -0.878723, 0.0944087));
#5342 = IFCCARTESIANPOINT ((-0.00400957, -0.878723, 0.0966799));
#5343 = IFCCARTESIANPOINT ((0., -0.878723, 0.0974775));
#5344 = IFCCARTESIANPOINT ((0.00400957, -0.878723, 0.0966799));
#5345 = IFCCARTESIANPOINT ((0.00740871, -0.878723, 0.0944087));
#5346 = IFCCARTESIANPOINT ((0.00967995, -0.878723, 0.0910096));
#5347 = IFCCARTESIANPOINT ((0.0104775, -0.878723, 0.087));
#5348 = IFCCARTESIANPOINT ((0.00967995, -0.878723, 0.0829904));
#5349 = IFCCARTESIANPOINT ((0.00740871, -0.878723, 0.0795913));
#5350 = IFCCARTESIANPOINT ((0.00400957, -0.878723, 0.0773201));
#5351 = IFCCARTESIANPOINT ((0., -0.878723, 0.0765225));
#5352 = IFCCARTESIANPOINT ((-0.00400957, -0.878723, 0.0773201));
#5353 = IFCCARTESIANPOINT ((-0.00740871, -0.878723, 0.0795913));
#5354 = IFCCARTESIANPOINT ((-0.00967995, -0.878723, 0.0829904));
#5338 = IFCPOLYLOOP ((#5339, #5340, #5341, #5342, #5343, #5344, #5345, #5346, #5347, #5348, #5349, #5350, #5351, #5352, #5353, #5354));
#5337 = IFCFACEBOUND (#5338, .T.);
#5328 = IFCFACE ((#5329, #5337));
#5358 = IFCCARTESIANPOINT ((0.00967995, -0.848723, 0.0910096));
#5359 = IFCCARTESIANPOINT ((0.0104775, -0.848723, 0.087));
#5360 = IFCCARTESIANPOINT ((0.0104775, -0.878723, 0.087));
#5361 = IFCCARTESIANPOINT ((0.00967995, -0.878723, 0.0910096));
#5357 = IFCPOLYLOOP ((#5358, #5359, #5360, #5361));
#5356 = IFCFACEOUTERBOUND (#5357, .T.);
#5355 = IFCFACE ((#5356));
#5365 = IFCCARTESIANPOINT ((0.0104775, -0.848723, 0.087));
#5366 = IFCCARTESIANPOINT ((0.00967995, -0.848723, 0.0829904));
#5367 = IFCCARTESIANPOINT ((0.00967995, -0.878723, 0.0829904));
#5368 = IFCCARTESIANPOINT ((0.0104775, -0.878723, 0.087));
#5364 = IFCPOLYLOOP ((#5365, #5366, #5367, #5368));
#5363 = IFCFACEOUTERBOUND (#5364, .T.);
#5362 = IFCFACE ((#5363));
#5372 = IFCCARTESIANPOINT ((0.00400957, -0.848723, 0.0773201));
#5373 = IFCCARTESIANPOINT ((0., -0.848723, 0.0765225));
#5374 = IFCCARTESIANPOINT ((0., -0.878723, 0.0765225));
#5375 = IFCCARTESIANPOINT ((0.00400957, -0.878723, 0.0773201));
#5371 = IFCPOLYLOOP ((#5372, #5373, #5374, #5375));
#5370 = IFCFACEOUTERBOUND (#5371, .T.);
#5369 = IFCFACE ((#5370));
#5379 = IFCCARTESIANPOINT ((-0.00967995, -0.848723, 0.0829904));
#5380 = IFCCARTESIANPOINT ((-0.0104775, -0.848723, 0.087));
#5381 = IFCCARTESIANPOINT ((-0.0104775, -0.878723, 0.087));
#5382 = IFCCARTESIANPOINT ((-0.00967995, -0.878723, 0.0829904));
#5378 = IFCPOLYLOOP ((#5379, #5380, #5381, #5382));
#5377 = IFCFACEOUTERBOUND (#5378, .T.);
#5376 = IFCFACE ((#5377));
#5386 = IFCCARTESIANPOINT ((-0.00740871, -0.848723, 0.0795913));
#5387 = IFCCARTESIANPOINT ((-0.00967995, -0.848723, 0.0829904));
#5388 = IFCCARTESIANPOINT ((-0.00967995, -0.878723, 0.0829904));
#5389 = IFCCARTESIANPOINT ((-0.00740871, -0.878723, 0.0795913));
#5385 = IFCPOLYLOOP ((#5386, #5387, #5388, #5389));
#5384 = IFCFACEOUTERBOUND (#5385, .T.);
#5383 = IFCFACE ((#5384));
#5393 = IFCCARTESIANPOINT ((0.00400957, -0.848723, 0.0966799));
#5394 = IFCCARTESIANPOINT ((0.00740871, -0.848723, 0.0944087));
#5395 = IFCCARTESIANPOINT ((0.00740871, -0.878723, 0.0944087));
#5396 = IFCCARTESIANPOINT ((0.00400957, -0.878723, 0.0966799));
#5392 = IFCPOLYLOOP ((#5393, #5394, #5395, #5396));
#5391 = IFCFACEOUTERBOUND (#5392, .T.);
#5390 = IFCFACE ((#5391));
#5400 = IFCCARTESIANPOINT ((0.00740871, -0.848723, 0.0944087));
#5401 = IFCCARTESIANPOINT ((0.00967995, -0.848723, 0.0910096));
#5402 = IFCCARTESIANPOINT ((0.00967995, -0.878723, 0.0910096));
#5403 = IFCCARTESIANPOINT ((0.00740871, -0.878723, 0.0944087));
#5399 = IFCPOLYLOOP ((#5400, #5401, #5402, #5403));
#5398 = IFCFACEOUTERBOUND (#5399, .T.);
#5397 = IFCFACE ((#5398));
#5407 = IFCCARTESIANPOINT ((0.00967995, -0.848723, 0.0829904));
#5408 = IFCCARTESIANPOINT ((0.00740871, -0.848723, 0.0795913));
#5409 = IFCCARTESIANPOINT ((0.00740871, -0.878723, 0.0795913));
#5410 = IFCCARTESIANPOINT ((0.00967995, -0.878723, 0.0829904));
#5406 = IFCPOLYLOOP ((#5407, #5408, #5409, #5410));
#5405 = IFCFACEOUTERBOUND (#5406, .T.);
#5404 = IFCFACE ((#5405));
#5414 = IFCCARTESIANPOINT ((0.00740871, -0.848723, 0.0795913));
#5415 = IFCCARTESIANPOINT ((0.00400957, -0.848723, 0.0773201));
#5416 = IFCCARTESIANPOINT ((0.00400957, -0.878723, 0.0773201));
#5417 = IFCCARTESIANPOINT ((0.00740871, -0.878723, 0.0795913));
#5413 = IFCPOLYLOOP ((#5414, #5415, #5416, #5417));
#5412 = IFCFACEOUTERBOUND (#5413, .T.);
#5411 = IFCFACE ((#5412));
#5421 = IFCCARTESIANPOINT ((0., -0.848723, 0.0765225));
#5422 = IFCCARTESIANPOINT ((-0.00400957, -0.848723, 0.0773201));
#5423 = IFCCARTESIANPOINT ((-0.00400957, -0.878723, 0.0773201));
#5424 = IFCCARTESIANPOINT ((0., -0.878723, 0.0765225));
#5420 = IFCPOLYLOOP ((#5421, #5422, #5423, #5424));
#5419 = IFCFACEOUTERBOUND (#5420, .T.);
#5418 = IFCFACE ((#5419));
#5428 = IFCCARTESIANPOINT ((-0.00400957, -0.848723, 0.0773201));
#5429 = IFCCARTESIANPOINT ((-0.00740871, -0.848723, 0.0795913));
#5430 = IFCCARTESIANPOINT ((-0.00740871, -0.878723, 0.0795913));
#5431 = IFCCARTESIANPOINT ((-0.00400957, -0.878723, 0.0773201));
#5427 = IFCPOLYLOOP ((#5428, #5429, #5430, #5431));
#5426 = IFCFACEOUTERBOUND (#5427, .T.);
#5425 = IFCFACE ((#5426));
#5435 = IFCCARTESIANPOINT ((-0.0104775, -0.848723, 0.087));
#5436 = IFCCARTESIANPOINT ((-0.00967995, -0.848723, 0.0910096));
#5437 = IFCCARTESIANPOINT ((-0.00967995, -0.878723, 0.0910096));
#5438 = IFCCARTESIANPOINT ((-0.0104775, -0.878723, 0.087));
#5434 = IFCPOLYLOOP ((#5435, #5436, #5437, #5438));
#5433 = IFCFACEOUTERBOUND (#5434, .T.);
#5432 = IFCFACE ((#5433));
#5442 = IFCCARTESIANPOINT ((-0.00967995, -0.848723, 0.0910096));
#5443 = IFCCARTESIANPOINT ((-0.00740871, -0.848723, 0.0944087));
#5444 = IFCCARTESIANPOINT ((-0.00740871, -0.878723, 0.0944087));
#5445 = IFCCARTESIANPOINT ((-0.00967995, -0.878723, 0.0910096));
#5441 = IFCPOLYLOOP ((#5442, #5443, #5444, #5445));
#5440 = IFCFACEOUTERBOUND (#5441, .T.);
#5439 = IFCFACE ((#5440));
#5449 = IFCCARTESIANPOINT ((-0.00740871, -0.848723, 0.0944087));
#5450 = IFCCARTESIANPOINT ((-0.00400957, -0.848723, 0.0966799));
#5451 = IFCCARTESIANPOINT ((-0.00400957, -0.878723, 0.0966799));
#5452 = IFCCARTESIANPOINT ((-0.00740871, -0.878723, 0.0944087));
#5448 = IFCPOLYLOOP ((#5449, #5450, #5451, #5452));
#5447 = IFCFACEOUTERBOUND (#5448, .T.);
#5446 = IFCFACE ((#5447));
#5456 = IFCCARTESIANPOINT ((-0.00400957, -0.848723, 0.0966799));
#5457 = IFCCARTESIANPOINT ((0., -0.848723, 0.0974775));
#5458 = IFCCARTESIANPOINT ((0., -0.878723, 0.0974775));
#5459 = IFCCARTESIANPOINT ((-0.00400957, -0.878723, 0.0966799));
#5455 = IFCPOLYLOOP ((#5456, #5457, #5458, #5459));
#5454 = IFCFACEOUTERBOUND (#5455, .T.);
#5453 = IFCFACE ((#5454));
#5463 = IFCCARTESIANPOINT ((0., -0.848723, 0.0974775));
#5464 = IFCCARTESIANPOINT ((0.00400957, -0.848723, 0.0966799));
#5465 = IFCCARTESIANPOINT ((0.00400957, -0.878723, 0.0966799));
#5466 = IFCCARTESIANPOINT ((0., -0.878723, 0.0974775));
#5462 = IFCPOLYLOOP ((#5463, #5464, #5465, #5466));
#5461 = IFCFACEOUTERBOUND (#5462, .T.);
#5460 = IFCFACE ((#5461));
#5258 = IFCCLOSEDSHELL ((#5259, #5266, #5273, #5280, #5287, #5294, #5301, #5328, #5355, #5362, #5369, #5376, #5383, #5390, #5397, #5404, #5411, #5418, #5425, #5432, #5439, #5446, #5453, #5460));
#5257 = IFCFACETEDBREP (#5258);
#5472 = IFCCARTESIANPOINT ((0.404757, -0.243571, 1.211));
#5473 = IFCCARTESIANPOINT ((0.401406, -0.238555, 1.211));
#5474 = IFCCARTESIANPOINT ((0.401406, -0.238555, 1.28024));
#5475 = IFCCARTESIANPOINT ((0.404757, -0.243571, 1.28024));
#5471 = IFCPOLYLOOP ((#5472, #5473, #5474, #5475));
#5470 = IFCFACEOUTERBOUND (#5471, .T.);
#5469 = IFCFACE ((#5470));
#5479 = IFCCARTESIANPOINT ((0.401406, -0.238555, 1.211));
#5480 = IFCCARTESIANPOINT ((0.39639, -0.235204, 1.211));
#5481 = IFCCARTESIANPOINT ((0.39639, -0.235204, 1.28024));
#5482 = IFCCARTESIANPOINT ((0.401406, -0.238555, 1.28024));
#5478 = IFCPOLYLOOP ((#5479, #5480, #5481, #5482));
#5477 = IFCFACEOUTERBOUND (#5478, .T.);
#5476 = IFCFACE ((#5477));
#5486 = IFCCARTESIANPOINT ((0.39639, -0.235204, 1.211));
#5487 = IFCCARTESIANPOINT ((0.390474, -0.234027, 1.211));
#5488 = IFCCARTESIANPOINT ((0.390474, -0.234027, 1.28024));
#5489 = IFCCARTESIANPOINT ((0.39639, -0.235204, 1.28024));
#5485 = IFCPOLYLOOP ((#5486, #5487, #5488, #5489));
#5484 = IFCFACEOUTERBOUND (#5485, .T.);
#5483 = IFCFACE ((#5484));
#5493 = IFCCARTESIANPOINT ((0.390474, -0.234027, 1.211));
#5494 = IFCCARTESIANPOINT ((0.384558, -0.235204, 1.211));
#5495 = IFCCARTESIANPOINT ((0.384558, -0.235204, 1.28024));
#5496 = IFCCARTESIANPOINT ((0.390474, -0.234027, 1.28024));
#5492 = IFCPOLYLOOP ((#5493, #5494, #5495, #5496));
#5491 = IFCFACEOUTERBOUND (#5492, .T.);
#5490 = IFCFACE ((#5491));
#5500 = IFCCARTESIANPOINT ((0.384558, -0.235204, 1.211));
#5501 = IFCCARTESIANPOINT ((0.379542, -0.238555, 1.211));
#5502 = IFCCARTESIANPOINT ((0.379542, -0.238555, 1.28024));
#5503 = IFCCARTESIANPOINT ((0.384558, -0.235204, 1.28024));
#5499 = IFCPOLYLOOP ((#5500, #5501, #5502, #5503));
#5498 = IFCFACEOUTERBOUND (#5499, .T.);
#5497 = IFCFACE ((#5498));
#5507 = IFCCARTESIANPOINT ((0.379542, -0.238555, 1.211));
#5508 = IFCCARTESIANPOINT ((0.376191, -0.243571, 1.211));
#5509 = IFCCARTESIANPOINT ((0.376191, -0.243571, 1.28024));
#5510 = IFCCARTESIANPOINT ((0.379542, -0.238555, 1.28024));
#5506 = IFCPOLYLOOP ((#5507, #5508, #5509, #5510));
#5505 = IFCFACEOUTERBOUND (#5506, .T.);
#5504 = IFCFACE ((#5505));
#5514 = IFCCARTESIANPOINT ((0.376191, -0.243571, 1.211));
#5515 = IFCCARTESIANPOINT ((0.375014, -0.249487, 1.211));
#5516 = IFCCARTESIANPOINT ((0.375014, -0.249487, 1.28024));
#5517 = IFCCARTESIANPOINT ((0.376191, -0.243571, 1.28024));
#5513 = IFCPOLYLOOP ((#5514, #5515, #5516, #5517));
#5512 = IFCFACEOUTERBOUND (#5513, .T.);
#5511 = IFCFACE ((#5512));
#5521 = IFCCARTESIANPOINT ((0.375014, -0.249487, 1.211));
#5522 = IFCCARTESIANPOINT ((0.376191, -0.255403, 1.211));
#5523 = IFCCARTESIANPOINT ((0.376191, -0.255403, 1.28024));
#5524 = IFCCARTESIANPOINT ((0.375014, -0.249487, 1.28024));
#5520 = IFCPOLYLOOP ((#5521, #5522, #5523, #5524));
#5519 = IFCFACEOUTERBOUND (#5520, .T.);
#5518 = IFCFACE ((#5519));
#5528 = IFCCARTESIANPOINT ((0.376191, -0.255403, 1.211));
#5529 = IFCCARTESIANPOINT ((0.379542, -0.260419, 1.211));
#5530 = IFCCARTESIANPOINT ((0.379542, -0.260419, 1.28024));
#5531 = IFCCARTESIANPOINT ((0.376191, -0.255403, 1.28024));
#5527 = IFCPOLYLOOP ((#5528, #5529, #5530, #5531));
#5526 = IFCFACEOUTERBOUND (#5527, .T.);
#5525 = IFCFACE ((#5526));
#5535 = IFCCARTESIANPOINT ((0.379542, -0.260419, 1.211));
#5536 = IFCCARTESIANPOINT ((0.384558, -0.26377, 1.211));
#5537 = IFCCARTESIANPOINT ((0.384558, -0.26377, 1.28024));
#5538 = IFCCARTESIANPOINT ((0.379542, -0.260419, 1.28024));
#5534 = IFCPOLYLOOP ((#5535, #5536, #5537, #5538));
#5533 = IFCFACEOUTERBOUND (#5534, .T.);
#5532 = IFCFACE ((#5533));
#5542 = IFCCARTESIANPOINT ((0.384558, -0.26377, 1.211));
#5543 = IFCCARTESIANPOINT ((0.390474, -0.264947, 1.211));
#5544 = IFCCARTESIANPOINT ((0.390474, -0.264947, 1.28024));
#5545 = IFCCARTESIANPOINT ((0.384558, -0.26377, 1.28024));
#5541 = IFCPOLYLOOP ((#5542, #5543, #5544, #5545));
#5540 = IFCFACEOUTERBOUND (#5541, .T.);
#5539 = IFCFACE ((#5540));
#5549 = IFCCARTESIANPOINT ((0.390474, -0.264947, 1.211));
#5550 = IFCCARTESIANPOINT ((0.39639, -0.26377, 1.211));
#5551 = IFCCARTESIANPOINT ((0.39639, -0.26377, 1.28024));
#5552 = IFCCARTESIANPOINT ((0.390474, -0.264947, 1.28024));
#5548 = IFCPOLYLOOP ((#5549, #5550, #5551, #5552));
#5547 = IFCFACEOUTERBOUND (#5548, .T.);
#5546 = IFCFACE ((#5547));
#5556 = IFCCARTESIANPOINT ((0.39639, -0.26377, 1.211));
#5557 = IFCCARTESIANPOINT ((0.401406, -0.260419, 1.211));
#5558 = IFCCARTESIANPOINT ((0.401406, -0.260419, 1.28024));
#5559 = IFCCARTESIANPOINT ((0.39639, -0.26377, 1.28024));
#5555 = IFCPOLYLOOP ((#5556, #5557, #5558, #5559));
#5554 = IFCFACEOUTERBOUND (#5555, .T.);
#5553 = IFCFACE ((#5554));
#5563 = IFCCARTESIANPOINT ((0.401406, -0.260419, 1.211));
#5564 = IFCCARTESIANPOINT ((0.404757, -0.255403, 1.211));
#5565 = IFCCARTESIANPOINT ((0.404757, -0.255403, 1.28024));
#5566 = IFCCARTESIANPOINT ((0.401406, -0.260419, 1.28024));
#5562 = IFCPOLYLOOP ((#5563, #5564, #5565, #5566));
#5561 = IFCFACEOUTERBOUND (#5562, .T.);
#5560 = IFCFACE ((#5561));
#5570 = IFCCARTESIANPOINT ((0.404757, -0.255403, 1.211));
#5571 = IFCCARTESIANPOINT ((0.405934, -0.249487, 1.211));
#5572 = IFCCARTESIANPOINT ((0.405934, -0.249487, 1.28024));
#5573 = IFCCARTESIANPOINT ((0.404757, -0.255403, 1.28024));
#5569 = IFCPOLYLOOP ((#5570, #5571, #5572, #5573));
#5568 = IFCFACEOUTERBOUND (#5569, .T.);
#5567 = IFCFACE ((#5568));
#5577 = IFCCARTESIANPOINT ((0.405934, -0.249487, 1.211));
#5578 = IFCCARTESIANPOINT ((0.404757, -0.243571, 1.211));
#5579 = IFCCARTESIANPOINT ((0.404757, -0.243571, 1.28024));
#5580 = IFCCARTESIANPOINT ((0.405934, -0.249487, 1.28024));
#5576 = IFCPOLYLOOP ((#5577, #5578, #5579, #5580));
#5575 = IFCFACEOUTERBOUND (#5576, .T.);
#5574 = IFCFACE ((#5575));
#5584 = IFCCARTESIANPOINT ((0.404757, -0.243571, 1.28024));
#5585 = IFCCARTESIANPOINT ((0.401406, -0.238555, 1.28024));
#5586 = IFCCARTESIANPOINT ((0.39639, -0.235204, 1.28024));
#5587 = IFCCARTESIANPOINT ((0.390474, -0.234027, 1.28024));
#5588 = IFCCARTESIANPOINT ((0.384558, -0.235204, 1.28024));
#5589 = IFCCARTESIANPOINT ((0.379542, -0.238555, 1.28024));
#5590 = IFCCARTESIANPOINT ((0.376191, -0.243571, 1.28024));
#5591 = IFCCARTESIANPOINT ((0.375014, -0.249487, 1.28024));
#5592 = IFCCARTESIANPOINT ((0.376191, -0.255403, 1.28024));
#5593 = IFCCARTESIANPOINT ((0.379542, -0.260419, 1.28024));
#5594 = IFCCARTESIANPOINT ((0.384558, -0.26377, 1.28024));
#5595 = IFCCARTESIANPOINT ((0.390474, -0.264947, 1.28024));
#5596 = IFCCARTESIANPOINT ((0.39639, -0.26377, 1.28024));
#5597 = IFCCARTESIANPOINT ((0.401406, -0.260419, 1.28024));
#5598 = IFCCARTESIANPOINT ((0.404757, -0.255403, 1.28024));
#5599 = IFCCARTESIANPOINT ((0.405934, -0.249487, 1.28024));
#5583 = IFCPOLYLOOP ((#5584, #5585, #5586, #5587, #5588, #5589, #5590, #5591, #5592, #5593, #5594, #5595, #5596, #5597, #5598, #5599));
#5582 = IFCFACEOUTERBOUND (#5583, .T.);
#5581 = IFCFACE ((#5582));
#5603 = IFCCARTESIANPOINT ((0.405934, -0.249487, 1.211));
#5604 = IFCCARTESIANPOINT ((0.404757, -0.255403, 1.211));
#5605 = IFCCARTESIANPOINT ((0.401406, -0.260419, 1.211));
#5606 = IFCCARTESIANPOINT ((0.39639, -0.26377, 1.211));
#5607 = IFCCARTESIANPOINT ((0.390474, -0.264947, 1.211));
#5608 = IFCCARTESIANPOINT ((0.384558, -0.26377, 1.211));
#5609 = IFCCARTESIANPOINT ((0.379542, -0.260419, 1.211));
#5610 = IFCCARTESIANPOINT ((0.376191, -0.255403, 1.211));
#5611 = IFCCARTESIANPOINT ((0.375014, -0.249487, 1.211));
#5612 = IFCCARTESIANPOINT ((0.376191, -0.243571, 1.211));
#5613 = IFCCARTESIANPOINT ((0.379542, -0.238555, 1.211));
#5614 = IFCCARTESIANPOINT ((0.384558, -0.235204, 1.211));
#5615 = IFCCARTESIANPOINT ((0.390474, -0.234027, 1.211));
#5616 = IFCCARTESIANPOINT ((0.39639, -0.235204, 1.211));
#5617 = IFCCARTESIANPOINT ((0.401406, -0.238555, 1.211));
#5618 = IFCCARTESIANPOINT ((0.404757, -0.243571, 1.211));
#5602 = IFCPOLYLOOP ((#5603, #5604, #5605, #5606, #5607, #5608, #5609, #5610, #5611, #5612, #5613, #5614, #5615, #5616, #5617, #5618));
#5601 = IFCFACEOUTERBOUND (#5602, .T.);
#5600 = IFCFACE ((#5601));
#5468 = IFCCLOSEDSHELL ((#5469, #5476, #5483, #5490, #5497, #5504, #5511, #5518, #5525, #5532, #5539, #5546, #5553, #5560, #5567, #5574, #5581, #5600));
#5467 = IFCFACETEDBREP (#5468);
#5624 = IFCCARTESIANPOINT ((0.402495, -0.25879, 1.23346));
#5625 = IFCCARTESIANPOINT ((0.429554, -0.25879, 1.23346));
#5626 = IFCCARTESIANPOINT ((0.429554, -0.249487, 1.23531));
#5627 = IFCCARTESIANPOINT ((0.405934, -0.249487, 1.23531));
#5628 = IFCCARTESIANPOINT ((0.404757, -0.255403, 1.23413));
#5623 = IFCPOLYLOOP ((#5624, #5625, #5626, #5627, #5628));
#5622 = IFCFACEOUTERBOUND (#5623, .T.);
#5621 = IFCFACE ((#5622));
#5632 = IFCCARTESIANPOINT ((0.361928, -0.266676, 1.22819));
#5633 = IFCCARTESIANPOINT ((0.429554, -0.266676, 1.22819));
#5634 = IFCCARTESIANPOINT ((0.429554, -0.25879, 1.23346));
#5635 = IFCCARTESIANPOINT ((0.402495, -0.25879, 1.23346));
#5636 = IFCCARTESIANPOINT ((0.401406, -0.260419, 1.23237));
#5637 = IFCCARTESIANPOINT ((0.39639, -0.26377, 1.23013));
#5638 = IFCCARTESIANPOINT ((0.390474, -0.264947, 1.22934));
#5639 = IFCCARTESIANPOINT ((0.384558, -0.26377, 1.23013));
#5640 = IFCCARTESIANPOINT ((0.379542, -0.260419, 1.23237));
#5641 = IFCCARTESIANPOINT ((0.378453, -0.25879, 1.23346));
#5642 = IFCCARTESIANPOINT ((0.361928, -0.25879, 1.23346));
#5631 = IFCPOLYLOOP ((#5632, #5633, #5634, #5635, #5636, #5637, #5638, #5639, #5640, #5641, #5642));
#5630 = IFCFACEOUTERBOUND (#5631, .T.);
#5629 = IFCFACE ((#5630));
#5646 = IFCCARTESIANPOINT ((0.361928, -0.271945, 1.2203));
#5647 = IFCCARTESIANPOINT ((0.429554, -0.271945, 1.2203));
#5648 = IFCCARTESIANPOINT ((0.429554, -0.266676, 1.22819));
#5649 = IFCCARTESIANPOINT ((0.361928, -0.266676, 1.22819));
#5645 = IFCPOLYLOOP ((#5646, #5647, #5648, #5649));
#5644 = IFCFACEOUTERBOUND (#5645, .T.);
#5643 = IFCFACE ((#5644));
#5653 = IFCCARTESIANPOINT ((0.361928, -0.273796, 1.211));
#5654 = IFCCARTESIANPOINT ((0.429554, -0.273796, 1.211));
#5655 = IFCCARTESIANPOINT ((0.429554, -0.271945, 1.2203));
#5656 = IFCCARTESIANPOINT ((0.361928, -0.271945, 1.2203));
#5652 = IFCPOLYLOOP ((#5653, #5654, #5655, #5656));
#5651 = IFCFACEOUTERBOUND (#5652, .T.);
#5650 = IFCFACE ((#5651));
#5660 = IFCCARTESIANPOINT ((0.361928, -0.273796, 1.211));
#5661 = IFCCARTESIANPOINT ((0.361928, -0.271945, 1.2017));
#5662 = IFCCARTESIANPOINT ((0.429554, -0.271945, 1.2017));
#5663 = IFCCARTESIANPOINT ((0.429554, -0.273796, 1.211));
#5659 = IFCPOLYLOOP ((#5660, #5661, #5662, #5663));
#5658 = IFCFACEOUTERBOUND (#5659, .T.);
#5657 = IFCFACE ((#5658));
#5667 = IFCCARTESIANPOINT ((0.361928, -0.249487, 1.23531));
#5668 = IFCCARTESIANPOINT ((0.361928, -0.240184, 1.23346));
#5669 = IFCCARTESIANPOINT ((0.361928, -0.232298, 1.22819));
#5670 = IFCCARTESIANPOINT ((0.361928, -0.227029, 1.2203));
#5671 = IFCCARTESIANPOINT ((0.361928, -0.225178, 1.211));
#5672 = IFCCARTESIANPOINT ((0.361928, -0.227029, 1.2017));
#5673 = IFCCARTESIANPOINT ((0.361928, -0.232298, 1.19381));
#5674 = IFCCARTESIANPOINT ((0.361928, -0.240184, 1.18854));
#5675 = IFCCARTESIANPOINT ((0.361928, -0.249487, 1.18669));
#5676 = IFCCARTESIANPOINT ((0.361928, -0.25879, 1.18854));
#5677 = IFCCARTESIANPOINT ((0.361928, -0.266676, 1.19381));
#5678 = IFCCARTESIANPOINT ((0.361928, -0.271945, 1.2017));
#5679 = IFCCARTESIANPOINT ((0.361928, -0.273796, 1.211));
#5680 = IFCCARTESIANPOINT ((0.361928, -0.271945, 1.2203));
#5681 = IFCCARTESIANPOINT ((0.361928, -0.266676, 1.22819));
#5682 = IFCCARTESIANPOINT ((0.361928, -0.25879, 1.23346));
#5666 = IFCPOLYLOOP ((#5667, #5668, #5669, #5670, #5671, #5672, #5673, #5674, #5675, #5676, #5677, #5678, #5679, #5680, #5681, #5682));
#5665 = IFCFACEOUTERBOUND (#5666, .T.);
#5664 = IFCFACE ((#5665));
#5686 = IFCCARTESIANPOINT ((0.429554, -0.25879, 1.23346));
#5687 = IFCCARTESIANPOINT ((0.429554, -0.266676, 1.22819));
#5688 = IFCCARTESIANPOINT ((0.429554, -0.271945, 1.2203));
#5689 = IFCCARTESIANPOINT ((0.429554, -0.273796, 1.211));
#5690 = IFCCARTESIANPOINT ((0.429554, -0.271945, 1.2017));
#5691 = IFCCARTESIANPOINT ((0.429554, -0.266676, 1.19381));
#5692 = IFCCARTESIANPOINT ((0.429554, -0.25879, 1.18854));
#5693 = IFCCARTESIANPOINT ((0.429554, -0.249487, 1.18669));
#5694 = IFCCARTESIANPOINT ((0.429554, -0.240184, 1.18854));
#5695 = IFCCARTESIANPOINT ((0.429554, -0.232298, 1.19381));
#5696 = IFCCARTESIANPOINT ((0.429554, -0.227029, 1.2017));
#5697 = IFCCARTESIANPOINT ((0.429554, -0.225178, 1.211));
#5698 = IFCCARTESIANPOINT ((0.429554, -0.227029, 1.2203));
#5699 = IFCCARTESIANPOINT ((0.429554, -0.232298, 1.22819));
#5700 = IFCCARTESIANPOINT ((0.429554, -0.240184, 1.23346));
#5701 = IFCCARTESIANPOINT ((0.429554, -0.249487, 1.23531));
#5685 = IFCPOLYLOOP ((#5686, #5687, #5688, #5689, #5690, #5691, #5692, #5693, #5694, #5695, #5696, #5697, #5698, #5699, #5700, #5701));
#5684 = IFCFACEOUTERBOUND (#5685, .T.);
#5683 = IFCFACE ((#5684));
#5705 = IFCCARTESIANPOINT ((0.361928, -0.271945, 1.2017));
#5706 = IFCCARTESIANPOINT ((0.361928, -0.266676, 1.19381));
#5707 = IFCCARTESIANPOINT ((0.429554, -0.266676, 1.19381));
#5708 = IFCCARTESIANPOINT ((0.429554, -0.271945, 1.2017));
#5704 = IFCPOLYLOOP ((#5705, #5706, #5707, #5708));
#5703 = IFCFACEOUTERBOUND (#5704, .T.);
#5702 = IFCFACE ((#5703));
#5712 = IFCCARTESIANPOINT ((0.361928, -0.266676, 1.19381));
#5713 = IFCCARTESIANPOINT ((0.361928, -0.25879, 1.18854));
#5714 = IFCCARTESIANPOINT ((0.429554, -0.25879, 1.18854));
#5715 = IFCCARTESIANPOINT ((0.429554, -0.266676, 1.19381));
#5711 = IFCPOLYLOOP ((#5712, #5713, #5714, #5715));
#5710 = IFCFACEOUTERBOUND (#5711, .T.);
#5709 = IFCFACE ((#5710));
#5719 = IFCCARTESIANPOINT ((0.361928, -0.25879, 1.18854));
#5720 = IFCCARTESIANPOINT ((0.361928, -0.249487, 1.18669));
#5721 = IFCCARTESIANPOINT ((0.429554, -0.249487, 1.18669));
#5722 = IFCCARTESIANPOINT ((0.429554, -0.25879, 1.18854));
#5718 = IFCPOLYLOOP ((#5719, #5720, #5721, #5722));
#5717 = IFCFACEOUTERBOUND (#5718, .T.);
#5716 = IFCFACE ((#5717));
#5726 = IFCCARTESIANPOINT ((0.361928, -0.249487, 1.18669));
#5727 = IFCCARTESIANPOINT ((0.361928, -0.240184, 1.18854));
#5728 = IFCCARTESIANPOINT ((0.429554, -0.240184, 1.18854));
#5729 = IFCCARTESIANPOINT ((0.429554, -0.249487, 1.18669));
#5725 = IFCPOLYLOOP ((#5726, #5727, #5728, #5729));
#5724 = IFCFACEOUTERBOUND (#5725, .T.);
#5723 = IFCFACE ((#5724));
#5733 = IFCCARTESIANPOINT ((0.361928, -0.25879, 1.23346));
#5734 = IFCCARTESIANPOINT ((0.378453, -0.25879, 1.23346));
#5735 = IFCCARTESIANPOINT ((0.376191, -0.255403, 1.23413));
#5736 = IFCCARTESIANPOINT ((0.375014, -0.249487, 1.23531));
#5737 = IFCCARTESIANPOINT ((0.361928, -0.249487, 1.23531));
#5732 = IFCPOLYLOOP ((#5733, #5734, #5735, #5736, #5737));
#5731 = IFCFACEOUTERBOUND (#5732, .T.);
#5730 = IFCFACE ((#5731));
#5741 = IFCCARTESIANPOINT ((0.361928, -0.232298, 1.19381));
#5742 = IFCCARTESIANPOINT ((0.361928, -0.227029, 1.2017));
#5743 = IFCCARTESIANPOINT ((0.429554, -0.227029, 1.2017));
#5744 = IFCCARTESIANPOINT ((0.429554, -0.232298, 1.19381));
#5740 = IFCPOLYLOOP ((#5741, #5742, #5743, #5744));
#5739 = IFCFACEOUTERBOUND (#5740, .T.);
#5738 = IFCFACE ((#5739));
#5748 = IFCCARTESIANPOINT ((0.361928, -0.240184, 1.18854));
#5749 = IFCCARTESIANPOINT ((0.361928, -0.232298, 1.19381));
#5750 = IFCCARTESIANPOINT ((0.429554, -0.232298, 1.19381));
#5751 = IFCCARTESIANPOINT ((0.429554, -0.240184, 1.18854));
#5747 = IFCPOLYLOOP ((#5748, #5749, #5750, #5751));
#5746 = IFCFACEOUTERBOUND (#5747, .T.);
#5745 = IFCFACE ((#5746));
#5755 = IFCCARTESIANPOINT ((0.361928, -0.227029, 1.2203));
#5756 = IFCCARTESIANPOINT ((0.429554, -0.227029, 1.2203));
#5757 = IFCCARTESIANPOINT ((0.429554, -0.225178, 1.211));
#5758 = IFCCARTESIANPOINT ((0.361928, -0.225178, 1.211));
#5754 = IFCPOLYLOOP ((#5755, #5756, #5757, #5758));
#5753 = IFCFACEOUTERBOUND (#5754, .T.);
#5752 = IFCFACE ((#5753));
#5762 = IFCCARTESIANPOINT ((0.361928, -0.227029, 1.2017));
#5763 = IFCCARTESIANPOINT ((0.361928, -0.225178, 1.211));
#5764 = IFCCARTESIANPOINT ((0.429554, -0.225178, 1.211));
#5765 = IFCCARTESIANPOINT ((0.429554, -0.227029, 1.2017));
#5761 = IFCPOLYLOOP ((#5762, #5763, #5764, #5765));
#5760 = IFCFACEOUTERBOUND (#5761, .T.);
#5759 = IFCFACE ((#5760));
#5769 = IFCCARTESIANPOINT ((0.361928, -0.240184, 1.23346));
#5770 = IFCCARTESIANPOINT ((0.378453, -0.240184, 1.23346));
#5771 = IFCCARTESIANPOINT ((0.379542, -0.238555, 1.23237));
#5772 = IFCCARTESIANPOINT ((0.384558, -0.235204, 1.23013));
#5773 = IFCCARTESIANPOINT ((0.390474, -0.234027, 1.22934));
#5774 = IFCCARTESIANPOINT ((0.39639, -0.235204, 1.23013));
#5775 = IFCCARTESIANPOINT ((0.401406, -0.238555, 1.23237));
#5776 = IFCCARTESIANPOINT ((0.402495, -0.240184, 1.23346));
#5777 = IFCCARTESIANPOINT ((0.429554, -0.240184, 1.23346));
#5778 = IFCCARTESIANPOINT ((0.429554, -0.232298, 1.22819));
#5779 = IFCCARTESIANPOINT ((0.361928, -0.232298, 1.22819));
#5768 = IFCPOLYLOOP ((#5769, #5770, #5771, #5772, #5773, #5774, #5775, #5776, #5777, #5778, #5779));
#5767 = IFCFACEOUTERBOUND (#5768, .T.);
#5766 = IFCFACE ((#5767));
#5783 = IFCCARTESIANPOINT ((0.361928, -0.249487, 1.23531));
#5784 = IFCCARTESIANPOINT ((0.375014, -0.249487, 1.23531));
#5785 = IFCCARTESIANPOINT ((0.376191, -0.243571, 1.23413));
#5786 = IFCCARTESIANPOINT ((0.378453, -0.240184, 1.23346));
#5787 = IFCCARTESIANPOINT ((0.361928, -0.240184, 1.23346));
#5782 = IFCPOLYLOOP ((#5783, #5784, #5785, #5786, #5787));
#5781 = IFCFACEOUTERBOUND (#5782, .T.);
#5780 = IFCFACE ((#5781));
#5791 = IFCCARTESIANPOINT ((0.361928, -0.232298, 1.22819));
#5792 = IFCCARTESIANPOINT ((0.429554, -0.232298, 1.22819));
#5793 = IFCCARTESIANPOINT ((0.429554, -0.227029, 1.2203));
#5794 = IFCCARTESIANPOINT ((0.361928, -0.227029, 1.2203));
#5790 = IFCPOLYLOOP ((#5791, #5792, #5793, #5794));
#5789 = IFCFACEOUTERBOUND (#5790, .T.);
#5788 = IFCFACE ((#5789));
#5798 = IFCCARTESIANPOINT ((0.402495, -0.240184, 1.23346));
#5799 = IFCCARTESIANPOINT ((0.404757, -0.243571, 1.23413));
#5800 = IFCCARTESIANPOINT ((0.405934, -0.249487, 1.23531));
#5801 = IFCCARTESIANPOINT ((0.429554, -0.249487, 1.23531));
#5802 = IFCCARTESIANPOINT ((0.429554, -0.240184, 1.23346));
#5797 = IFCPOLYLOOP ((#5798, #5799, #5800, #5801, #5802));
#5796 = IFCFACEOUTERBOUND (#5797, .T.);
#5795 = IFCFACE ((#5796));
#5806 = IFCCARTESIANPOINT ((0.390474, -0.264947, 1.211));
#5807 = IFCCARTESIANPOINT ((0.384558, -0.26377, 1.211));
#5808 = IFCCARTESIANPOINT ((0.384558, -0.26377, 1.23013));
#5809 = IFCCARTESIANPOINT ((0.390474, -0.264947, 1.22934));
#5805 = IFCPOLYLOOP ((#5806, #5807, #5808, #5809));
#5804 = IFCFACEOUTERBOUND (#5805, .T.);
#5803 = IFCFACE ((#5804));
#5813 = IFCCARTESIANPOINT ((0.384558, -0.235204, 1.211));
#5814 = IFCCARTESIANPOINT ((0.390474, -0.234027, 1.211));
#5815 = IFCCARTESIANPOINT ((0.390474, -0.234027, 1.22934));
#5816 = IFCCARTESIANPOINT ((0.384558, -0.235204, 1.23013));
#5812 = IFCPOLYLOOP ((#5813, #5814, #5815, #5816));
#5811 = IFCFACEOUTERBOUND (#5812, .T.);
#5810 = IFCFACE ((#5811));
#5820 = IFCCARTESIANPOINT ((0.375014, -0.249487, 1.211));
#5821 = IFCCARTESIANPOINT ((0.376191, -0.243571, 1.211));
#5822 = IFCCARTESIANPOINT ((0.376191, -0.243571, 1.23413));
#5823 = IFCCARTESIANPOINT ((0.375014, -0.249487, 1.23531));
#5819 = IFCPOLYLOOP ((#5820, #5821, #5822, #5823));
#5818 = IFCFACEOUTERBOUND (#5819, .T.);
#5817 = IFCFACE ((#5818));
#5827 = IFCCARTESIANPOINT ((0.401406, -0.260419, 1.211));
#5828 = IFCCARTESIANPOINT ((0.39639, -0.26377, 1.211));
#5829 = IFCCARTESIANPOINT ((0.39639, -0.26377, 1.23013));
#5830 = IFCCARTESIANPOINT ((0.401406, -0.260419, 1.23237));
#5826 = IFCPOLYLOOP ((#5827, #5828, #5829, #5830));
#5825 = IFCFACEOUTERBOUND (#5826, .T.);
#5824 = IFCFACE ((#5825));
#5834 = IFCCARTESIANPOINT ((0.405934, -0.249487, 1.211));
#5835 = IFCCARTESIANPOINT ((0.404757, -0.255403, 1.211));
#5836 = IFCCARTESIANPOINT ((0.404757, -0.255403, 1.23413));
#5837 = IFCCARTESIANPOINT ((0.405934, -0.249487, 1.23531));
#5833 = IFCPOLYLOOP ((#5834, #5835, #5836, #5837));
#5832 = IFCFACEOUTERBOUND (#5833, .T.);
#5831 = IFCFACE ((#5832));
#5841 = IFCCARTESIANPOINT ((0.404757, -0.243571, 1.211));
#5842 = IFCCARTESIANPOINT ((0.405934, -0.249487, 1.211));
#5843 = IFCCARTESIANPOINT ((0.405934, -0.249487, 1.23531));
#5844 = IFCCARTESIANPOINT ((0.404757, -0.243571, 1.23413));
#5840 = IFCPOLYLOOP ((#5841, #5842, #5843, #5844));
#5839 = IFCFACEOUTERBOUND (#5840, .T.);
#5838 = IFCFACE ((#5839));
#5848 = IFCCARTESIANPOINT ((0.405934, -0.249487, 1.211));
#5849 = IFCCARTESIANPOINT ((0.404757, -0.243571, 1.211));
#5850 = IFCCARTESIANPOINT ((0.401406, -0.238555, 1.211));
#5851 = IFCCARTESIANPOINT ((0.39639, -0.235204, 1.211));
#5852 = IFCCARTESIANPOINT ((0.390474, -0.234027, 1.211));
#5853 = IFCCARTESIANPOINT ((0.384558, -0.235204, 1.211));
#5854 = IFCCARTESIANPOINT ((0.379542, -0.238555, 1.211));
#5855 = IFCCARTESIANPOINT ((0.376191, -0.243571, 1.211));
#5856 = IFCCARTESIANPOINT ((0.375014, -0.249487, 1.211));
#5857 = IFCCARTESIANPOINT ((0.376191, -0.255403, 1.211));
#5858 = IFCCARTESIANPOINT ((0.379542, -0.260419, 1.211));
#5859 = IFCCARTESIANPOINT ((0.384558, -0.26377, 1.211));
#5860 = IFCCARTESIANPOINT ((0.390474, -0.264947, 1.211));
#5861 = IFCCARTESIANPOINT ((0.39639, -0.26377, 1.211));
#5862 = IFCCARTESIANPOINT ((0.401406, -0.260419, 1.211));
#5863 = IFCCARTESIANPOINT ((0.404757, -0.255403, 1.211));
#5847 = IFCPOLYLOOP ((#5848, #5849, #5850, #5851, #5852, #5853, #5854, #5855, #5856, #5857, #5858, #5859, #5860, #5861, #5862, #5863));
#5846 = IFCFACEOUTERBOUND (#5847, .T.);
#5845 = IFCFACE ((#5846));
#5867 = IFCCARTESIANPOINT ((0.401406, -0.238555, 1.211));
#5868 = IFCCARTESIANPOINT ((0.404757, -0.243571, 1.211));
#5869 = IFCCARTESIANPOINT ((0.404757, -0.243571, 1.23413));
#5870 = IFCCARTESIANPOINT ((0.402495, -0.240184, 1.23346));
#5871 = IFCCARTESIANPOINT ((0.401406, -0.238555, 1.23237));
#5866 = IFCPOLYLOOP ((#5867, #5868, #5869, #5870, #5871));
#5865 = IFCFACEOUTERBOUND (#5866, .T.);
#5864 = IFCFACE ((#5865));
#5875 = IFCCARTESIANPOINT ((0.404757, -0.255403, 1.211));
#5876 = IFCCARTESIANPOINT ((0.401406, -0.260419, 1.211));
#5877 = IFCCARTESIANPOINT ((0.401406, -0.260419, 1.23237));
#5878 = IFCCARTESIANPOINT ((0.402495, -0.25879, 1.23346));
#5879 = IFCCARTESIANPOINT ((0.404757, -0.255403, 1.23413));
#5874 = IFCPOLYLOOP ((#5875, #5876, #5877, #5878, #5879));
#5873 = IFCFACEOUTERBOUND (#5874, .T.);
#5872 = IFCFACE ((#5873));
#5883 = IFCCARTESIANPOINT ((0.390474, -0.234027, 1.211));
#5884 = IFCCARTESIANPOINT ((0.39639, -0.235204, 1.211));
#5885 = IFCCARTESIANPOINT ((0.39639, -0.235204, 1.23013));
#5886 = IFCCARTESIANPOINT ((0.390474, -0.234027, 1.22934));
#5882 = IFCPOLYLOOP ((#5883, #5884, #5885, #5886));
#5881 = IFCFACEOUTERBOUND (#5882, .T.);
#5880 = IFCFACE ((#5881));
#5890 = IFCCARTESIANPOINT ((0.39639, -0.235204, 1.211));
#5891 = IFCCARTESIANPOINT ((0.401406, -0.238555, 1.211));
#5892 = IFCCARTESIANPOINT ((0.401406, -0.238555, 1.23237));
#5893 = IFCCARTESIANPOINT ((0.39639, -0.235204, 1.23013));
#5889 = IFCPOLYLOOP ((#5890, #5891, #5892, #5893));
#5888 = IFCFACEOUTERBOUND (#5889, .T.);
#5887 = IFCFACE ((#5888));
#5897 = IFCCARTESIANPOINT ((0.384558, -0.26377, 1.211));
#5898 = IFCCARTESIANPOINT ((0.379542, -0.260419, 1.211));
#5899 = IFCCARTESIANPOINT ((0.379542, -0.260419, 1.23237));
#5900 = IFCCARTESIANPOINT ((0.384558, -0.26377, 1.23013));
#5896 = IFCPOLYLOOP ((#5897, #5898, #5899, #5900));
#5895 = IFCFACEOUTERBOUND (#5896, .T.);
#5894 = IFCFACE ((#5895));
#5904 = IFCCARTESIANPOINT ((0.379542, -0.260419, 1.211));
#5905 = IFCCARTESIANPOINT ((0.376191, -0.255403, 1.211));
#5906 = IFCCARTESIANPOINT ((0.376191, -0.255403, 1.23413));
#5907 = IFCCARTESIANPOINT ((0.378453, -0.25879, 1.23346));
#5908 = IFCCARTESIANPOINT ((0.379542, -0.260419, 1.23237));
#5903 = IFCPOLYLOOP ((#5904, #5905, #5906, #5907, #5908));
#5902 = IFCFACEOUTERBOUND (#5903, .T.);
#5901 = IFCFACE ((#5902));
#5912 = IFCCARTESIANPOINT ((0.376191, -0.243571, 1.211));
#5913 = IFCCARTESIANPOINT ((0.379542, -0.238555, 1.211));
#5914 = IFCCARTESIANPOINT ((0.379542, -0.238555, 1.23237));
#5915 = IFCCARTESIANPOINT ((0.378453, -0.240184, 1.23346));
#5916 = IFCCARTESIANPOINT ((0.376191, -0.243571, 1.23413));
#5911 = IFCPOLYLOOP ((#5912, #5913, #5914, #5915, #5916));
#5910 = IFCFACEOUTERBOUND (#5911, .T.);
#5909 = IFCFACE ((#5910));
#5920 = IFCCARTESIANPOINT ((0.376191, -0.255403, 1.211));
#5921 = IFCCARTESIANPOINT ((0.375014, -0.249487, 1.211));
#5922 = IFCCARTESIANPOINT ((0.375014, -0.249487, 1.23531));
#5923 = IFCCARTESIANPOINT ((0.376191, -0.255403, 1.23413));
#5919 = IFCPOLYLOOP ((#5920, #5921, #5922, #5923));
#5918 = IFCFACEOUTERBOUND (#5919, .T.);
#5917 = IFCFACE ((#5918));
#5927 = IFCCARTESIANPOINT ((0.379542, -0.238555, 1.211));
#5928 = IFCCARTESIANPOINT ((0.384558, -0.235204, 1.211));
#5929 = IFCCARTESIANPOINT ((0.384558, -0.235204, 1.23013));
#5930 = IFCCARTESIANPOINT ((0.379542, -0.238555, 1.23237));
#5926 = IFCPOLYLOOP ((#5927, #5928, #5929, #5930));
#5925 = IFCFACEOUTERBOUND (#5926, .T.);
#5924 = IFCFACE ((#5925));
#5934 = IFCCARTESIANPOINT ((0.39639, -0.26377, 1.211));
#5935 = IFCCARTESIANPOINT ((0.390474, -0.264947, 1.211));
#5936 = IFCCARTESIANPOINT ((0.390474, -0.264947, 1.22934));
#5937 = IFCCARTESIANPOINT ((0.39639, -0.26377, 1.23013));
#5933 = IFCPOLYLOOP ((#5934, #5935, #5936, #5937));
#5932 = IFCFACEOUTERBOUND (#5933, .T.);
#5931 = IFCFACE ((#5932));
#5620 = IFCCLOSEDSHELL ((#5621, #5629, #5643, #5650, #5657, #5664, #5683, #5702, #5709, #5716, #5723, #5730, #5738, #5745, #5752, #5759, #5766, #5780, #5788, #5795, #5803, #5810, #5817, #5824, #5831, #5838, #5845, #5864, #5872, #5880, #5887, #5894, #5901, #5909, #5917, #5924, #5931));
#5619 = IFCFACETEDBREP (#5620);
#5943 = IFCCARTESIANPOINT ((0.415458, -0.241424, 0.991));
#5944 = IFCCARTESIANPOINT ((0.410891, -0.234588, 0.991));
#5945 = IFCCARTESIANPOINT ((0.410891, -0.234588, 1.04327));
#5946 = IFCCARTESIANPOINT ((0.415458, -0.241424, 1.04327));
#5942 = IFCPOLYLOOP ((#5943, #5944, #5945, #5946));
#5941 = IFCFACEOUTERBOUND (#5942, .T.);
#5940 = IFCFACE ((#5941));
#5950 = IFCCARTESIANPOINT ((0.410891, -0.234588, 0.991));
#5951 = IFCCARTESIANPOINT ((0.404055, -0.230021, 0.991));
#5952 = IFCCARTESIANPOINT ((0.404055, -0.230021, 1.04327));
#5953 = IFCCARTESIANPOINT ((0.410891, -0.234588, 1.04327));
#5949 = IFCPOLYLOOP ((#5950, #5951, #5952, #5953));
#5948 = IFCFACEOUTERBOUND (#5949, .T.);
#5947 = IFCFACE ((#5948));
#5957 = IFCCARTESIANPOINT ((0.404055, -0.230021, 0.991));
#5958 = IFCCARTESIANPOINT ((0.395992, -0.228417, 0.991));
#5959 = IFCCARTESIANPOINT ((0.395992, -0.228417, 1.04327));
#5960 = IFCCARTESIANPOINT ((0.404055, -0.230021, 1.04327));
#5956 = IFCPOLYLOOP ((#5957, #5958, #5959, #5960));
#5955 = IFCFACEOUTERBOUND (#5956, .T.);
#5954 = IFCFACE ((#5955));
#5964 = IFCCARTESIANPOINT ((0.395992, -0.228417, 0.991));
#5965 = IFCCARTESIANPOINT ((0.387929, -0.230021, 0.991));
#5966 = IFCCARTESIANPOINT ((0.387929, -0.230021, 1.04327));
#5967 = IFCCARTESIANPOINT ((0.395992, -0.228417, 1.04327));
#5963 = IFCPOLYLOOP ((#5964, #5965, #5966, #5967));
#5962 = IFCFACEOUTERBOUND (#5963, .T.);
#5961 = IFCFACE ((#5962));
#5971 = IFCCARTESIANPOINT ((0.387929, -0.230021, 0.991));
#5972 = IFCCARTESIANPOINT ((0.381093, -0.234588, 0.991));
#5973 = IFCCARTESIANPOINT ((0.381093, -0.234588, 1.04327));
#5974 = IFCCARTESIANPOINT ((0.387929, -0.230021, 1.04327));
#5970 = IFCPOLYLOOP ((#5971, #5972, #5973, #5974));
#5969 = IFCFACEOUTERBOUND (#5970, .T.);
#5968 = IFCFACE ((#5969));
#5978 = IFCCARTESIANPOINT ((0.381093, -0.234588, 0.991));
#5979 = IFCCARTESIANPOINT ((0.376526, -0.241424, 0.991));
#5980 = IFCCARTESIANPOINT ((0.376526, -0.241424, 1.04327));
#5981 = IFCCARTESIANPOINT ((0.381093, -0.234588, 1.04327));
#5977 = IFCPOLYLOOP ((#5978, #5979, #5980, #5981));
#5976 = IFCFACEOUTERBOUND (#5977, .T.);
#5975 = IFCFACE ((#5976));
#5985 = IFCCARTESIANPOINT ((0.376526, -0.241424, 0.991));
#5986 = IFCCARTESIANPOINT ((0.374922, -0.249487, 0.991));
#5987 = IFCCARTESIANPOINT ((0.374922, -0.249487, 1.04327));
#5988 = IFCCARTESIANPOINT ((0.376526, -0.241424, 1.04327));
#5984 = IFCPOLYLOOP ((#5985, #5986, #5987, #5988));
#5983 = IFCFACEOUTERBOUND (#5984, .T.);
#5982 = IFCFACE ((#5983));
#5992 = IFCCARTESIANPOINT ((0.374922, -0.249487, 0.991));
#5993 = IFCCARTESIANPOINT ((0.376526, -0.25755, 0.991));
#5994 = IFCCARTESIANPOINT ((0.376526, -0.25755, 1.04327));
#5995 = IFCCARTESIANPOINT ((0.374922, -0.249487, 1.04327));
#5991 = IFCPOLYLOOP ((#5992, #5993, #5994, #5995));
#5990 = IFCFACEOUTERBOUND (#5991, .T.);
#5989 = IFCFACE ((#5990));
#5999 = IFCCARTESIANPOINT ((0.376526, -0.25755, 0.991));
#6000 = IFCCARTESIANPOINT ((0.381093, -0.264386, 0.991));
#6001 = IFCCARTESIANPOINT ((0.381093, -0.264386, 1.04327));
#6002 = IFCCARTESIANPOINT ((0.376526, -0.25755, 1.04327));
#5998 = IFCPOLYLOOP ((#5999, #6000, #6001, #6002));
#5997 = IFCFACEOUTERBOUND (#5998, .T.);
#5996 = IFCFACE ((#5997));
#6006 = IFCCARTESIANPOINT ((0.381093, -0.264386, 0.991));
#6007 = IFCCARTESIANPOINT ((0.387929, -0.268953, 0.991));
#6008 = IFCCARTESIANPOINT ((0.387929, -0.268953, 1.04327));
#6009 = IFCCARTESIANPOINT ((0.381093, -0.264386, 1.04327));
#6005 = IFCPOLYLOOP ((#6006, #6007, #6008, #6009));
#6004 = IFCFACEOUTERBOUND (#6005, .T.);
#6003 = IFCFACE ((#6004));
#6013 = IFCCARTESIANPOINT ((0.387929, -0.268953, 0.991));
#6014 = IFCCARTESIANPOINT ((0.395992, -0.270557, 0.991));
#6015 = IFCCARTESIANPOINT ((0.395992, -0.270557, 1.04327));
#6016 = IFCCARTESIANPOINT ((0.387929, -0.268953, 1.04327));
#6012 = IFCPOLYLOOP ((#6013, #6014, #6015, #6016));
#6011 = IFCFACEOUTERBOUND (#6012, .T.);
#6010 = IFCFACE ((#6011));
#6020 = IFCCARTESIANPOINT ((0.395992, -0.270557, 0.991));
#6021 = IFCCARTESIANPOINT ((0.404055, -0.268953, 0.991));
#6022 = IFCCARTESIANPOINT ((0.404055, -0.268953, 1.04327));
#6023 = IFCCARTESIANPOINT ((0.395992, -0.270557, 1.04327));
#6019 = IFCPOLYLOOP ((#6020, #6021, #6022, #6023));
#6018 = IFCFACEOUTERBOUND (#6019, .T.);
#6017 = IFCFACE ((#6018));
#6027 = IFCCARTESIANPOINT ((0.404055, -0.268953, 0.991));
#6028 = IFCCARTESIANPOINT ((0.410891, -0.264386, 0.991));
#6029 = IFCCARTESIANPOINT ((0.410891, -0.264386, 1.04327));
#6030 = IFCCARTESIANPOINT ((0.404055, -0.268953, 1.04327));
#6026 = IFCPOLYLOOP ((#6027, #6028, #6029, #6030));
#6025 = IFCFACEOUTERBOUND (#6026, .T.);
#6024 = IFCFACE ((#6025));
#6034 = IFCCARTESIANPOINT ((0.410891, -0.264386, 0.991));
#6035 = IFCCARTESIANPOINT ((0.415458, -0.25755, 0.991));
#6036 = IFCCARTESIANPOINT ((0.415458, -0.25755, 1.04327));
#6037 = IFCCARTESIANPOINT ((0.410891, -0.264386, 1.04327));
#6033 = IFCPOLYLOOP ((#6034, #6035, #6036, #6037));
#6032 = IFCFACEOUTERBOUND (#6033, .T.);
#6031 = IFCFACE ((#6032));
#6041 = IFCCARTESIANPOINT ((0.415458, -0.25755, 0.991));
#6042 = IFCCARTESIANPOINT ((0.417062, -0.249487, 0.991));
#6043 = IFCCARTESIANPOINT ((0.417062, -0.249487, 1.04327));
#6044 = IFCCARTESIANPOINT ((0.415458, -0.25755, 1.04327));
#6040 = IFCPOLYLOOP ((#6041, #6042, #6043, #6044));
#6039 = IFCFACEOUTERBOUND (#6040, .T.);
#6038 = IFCFACE ((#6039));
#6048 = IFCCARTESIANPOINT ((0.417062, -0.249487, 0.991));
#6049 = IFCCARTESIANPOINT ((0.415458, -0.241424, 0.991));
#6050 = IFCCARTESIANPOINT ((0.415458, -0.241424, 1.04327));
#6051 = IFCCARTESIANPOINT ((0.417062, -0.249487, 1.04327));
#6047 = IFCPOLYLOOP ((#6048, #6049, #6050, #6051));
#6046 = IFCFACEOUTERBOUND (#6047, .T.);
#6045 = IFCFACE ((#6046));
#6055 = IFCCARTESIANPOINT ((0.415458, -0.241424, 1.04327));
#6056 = IFCCARTESIANPOINT ((0.410891, -0.234588, 1.04327));
#6057 = IFCCARTESIANPOINT ((0.404055, -0.230021, 1.04327));
#6058 = IFCCARTESIANPOINT ((0.395992, -0.228417, 1.04327));
#6059 = IFCCARTESIANPOINT ((0.387929, -0.230021, 1.04327));
#6060 = IFCCARTESIANPOINT ((0.381093, -0.234588, 1.04327));
#6061 = IFCCARTESIANPOINT ((0.376526, -0.241424, 1.04327));
#6062 = IFCCARTESIANPOINT ((0.374922, -0.249487, 1.04327));
#6063 = IFCCARTESIANPOINT ((0.376526, -0.25755, 1.04327));
#6064 = IFCCARTESIANPOINT ((0.381093, -0.264386, 1.04327));
#6065 = IFCCARTESIANPOINT ((0.387929, -0.268953, 1.04327));
#6066 = IFCCARTESIANPOINT ((0.395992, -0.270557, 1.04327));
#6067 = IFCCARTESIANPOINT ((0.404055, -0.268953, 1.04327));
#6068 = IFCCARTESIANPOINT ((0.410891, -0.264386, 1.04327));
#6069 = IFCCARTESIANPOINT ((0.415458, -0.25755, 1.04327));
#6070 = IFCCARTESIANPOINT ((0.417062, -0.249487, 1.04327));
#6054 = IFCPOLYLOOP ((#6055, #6056, #6057, #6058, #6059, #6060, #6061, #6062, #6063, #6064, #6065, #6066, #6067, #6068, #6069, #6070));
#6053 = IFCFACEOUTERBOUND (#6054, .T.);
#6052 = IFCFACE ((#6053));
#6074 = IFCCARTESIANPOINT ((0.417062, -0.249487, 0.991));
#6075 = IFCCARTESIANPOINT ((0.415458, -0.25755, 0.991));
#6076 = IFCCARTESIANPOINT ((0.410891, -0.264386, 0.991));
#6077 = IFCCARTESIANPOINT ((0.404055, -0.268953, 0.991));
#6078 = IFCCARTESIANPOINT ((0.395992, -0.270557, 0.991));
#6079 = IFCCARTESIANPOINT ((0.387929, -0.268953, 0.991));
#6080 = IFCCARTESIANPOINT ((0.381093, -0.264386, 0.991));
#6081 = IFCCARTESIANPOINT ((0.376526, -0.25755, 0.991));
#6082 = IFCCARTESIANPOINT ((0.374922, -0.249487, 0.991));
#6083 = IFCCARTESIANPOINT ((0.376526, -0.241424, 0.991));
#6084 = IFCCARTESIANPOINT ((0.381093, -0.234588, 0.991));
#6085 = IFCCARTESIANPOINT ((0.387929, -0.230021, 0.991));
#6086 = IFCCARTESIANPOINT ((0.395992, -0.228417, 0.991));
#6087 = IFCCARTESIANPOINT ((0.404055, -0.230021, 0.991));
#6088 = IFCCARTESIANPOINT ((0.410891, -0.234588, 0.991));
#6089 = IFCCARTESIANPOINT ((0.415458, -0.241424, 0.991));
#6073 = IFCPOLYLOOP ((#6074, #6075, #6076, #6077, #6078, #6079, #6080, #6081, #6082, #6083, #6084, #6085, #6086, #6087, #6088, #6089));
#6072 = IFCFACEOUTERBOUND (#6073, .T.);
#6071 = IFCFACE ((#6072));
#5939 = IFCCLOSEDSHELL ((#5940, #5947, #5954, #5961, #5968, #5975, #5982, #5989, #5996, #6003, #6010, #6017, #6024, #6031, #6038, #6045, #6052, #6071));
#5938 = IFCFACETEDBREP (#5939);
#6095 = IFCCARTESIANPOINT ((0.409175, -0.265532, 1.00704));
#6096 = IFCCARTESIANPOINT ((0.431382, -0.265532, 1.00704));
#6097 = IFCCARTESIANPOINT ((0.431382, -0.25817, 1.01196));
#6098 = IFCCARTESIANPOINT ((0.415044, -0.25817, 1.01196));
#6099 = IFCCARTESIANPOINT ((0.410891, -0.264386, 1.00781));
#6094 = IFCPOLYLOOP ((#6095, #6096, #6097, #6098, #6099));
#6093 = IFCFACEOUTERBOUND (#6094, .T.);
#6092 = IFCFACE ((#6093));
#6103 = IFCCARTESIANPOINT ((0.409175, -0.233442, 1.00704));
#6104 = IFCCARTESIANPOINT ((0.410891, -0.234588, 1.00781));
#6105 = IFCCARTESIANPOINT ((0.415044, -0.240804, 1.01196));
#6106 = IFCCARTESIANPOINT ((0.431382, -0.240804, 1.01196));
#6107 = IFCCARTESIANPOINT ((0.431382, -0.233442, 1.00704));
#6102 = IFCPOLYLOOP ((#6103, #6104, #6105, #6106, #6107));
#6101 = IFCFACEOUTERBOUND (#6102, .T.);
#6100 = IFCFACE ((#6101));
#6111 = IFCCARTESIANPOINT ((0.395992, -0.270557, 0.991));
#6112 = IFCCARTESIANPOINT ((0.387929, -0.268953, 0.991));
#6113 = IFCCARTESIANPOINT ((0.387929, -0.268953, 1.00192));
#6114 = IFCCARTESIANPOINT ((0.395458, -0.270451, 0.999683));
#6115 = IFCCARTESIANPOINT ((0.395992, -0.270557, 0.999149));
#6110 = IFCPOLYLOOP ((#6111, #6112, #6113, #6114, #6115));
#6109 = IFCFACEOUTERBOUND (#6110, .T.);
#6108 = IFCFACE ((#6109));
#6119 = IFCCARTESIANPOINT ((0.431382, -0.228523, 0.982317));
#6120 = IFCCARTESIANPOINT ((0.431382, -0.233442, 0.974955));
#6121 = IFCCARTESIANPOINT ((0.364987, -0.233442, 0.974955));
#6122 = IFCCARTESIANPOINT ((0.364987, -0.228523, 0.982317));
#6118 = IFCPOLYLOOP ((#6119, #6120, #6121, #6122));
#6117 = IFCFACEOUTERBOUND (#6118, .T.);
#6116 = IFCFACE ((#6117));
#6126 = IFCCARTESIANPOINT ((0.364987, -0.272178, 0.991));
#6127 = IFCCARTESIANPOINT ((0.431382, -0.272178, 0.991));
#6128 = IFCCARTESIANPOINT ((0.431382, -0.270451, 0.999683));
#6129 = IFCCARTESIANPOINT ((0.396526, -0.270451, 0.999683));
#6130 = IFCCARTESIANPOINT ((0.395992, -0.270557, 0.999149));
#6131 = IFCCARTESIANPOINT ((0.395458, -0.270451, 0.999683));
#6132 = IFCCARTESIANPOINT ((0.364987, -0.270451, 0.999683));
#6125 = IFCPOLYLOOP ((#6126, #6127, #6128, #6129, #6130, #6131, #6132));
#6124 = IFCFACEOUTERBOUND (#6125, .T.);
#6123 = IFCFACE ((#6124));
#6136 = IFCCARTESIANPOINT ((0.364987, -0.270451, 0.999683));
#6137 = IFCCARTESIANPOINT ((0.395458, -0.270451, 0.999683));
#6138 = IFCCARTESIANPOINT ((0.387929, -0.268953, 1.00192));
#6139 = IFCCARTESIANPOINT ((0.382809, -0.265532, 1.00704));
#6140 = IFCCARTESIANPOINT ((0.364987, -0.265532, 1.00704));
#6135 = IFCPOLYLOOP ((#6136, #6137, #6138, #6139, #6140));
#6134 = IFCFACEOUTERBOUND (#6135, .T.);
#6133 = IFCFACE ((#6134));
#6144 = IFCCARTESIANPOINT ((0.364987, -0.265532, 1.00704));
#6145 = IFCCARTESIANPOINT ((0.382809, -0.265532, 1.00704));
#6146 = IFCCARTESIANPOINT ((0.381093, -0.264386, 1.00781));
#6147 = IFCCARTESIANPOINT ((0.37694, -0.25817, 1.01196));
#6148 = IFCCARTESIANPOINT ((0.364987, -0.25817, 1.01196));
#6143 = IFCPOLYLOOP ((#6144, #6145, #6146, #6147, #6148));
#6142 = IFCFACEOUTERBOUND (#6143, .T.);
#6141 = IFCFACE ((#6142));
#6152 = IFCCARTESIANPOINT ((0.364987, -0.25817, 1.01196));
#6153 = IFCCARTESIANPOINT ((0.37694, -0.25817, 1.01196));
#6154 = IFCCARTESIANPOINT ((0.376526, -0.25755, 1.01209));
#6155 = IFCCARTESIANPOINT ((0.374922, -0.249487, 1.01369));
#6156 = IFCCARTESIANPOINT ((0.364987, -0.249487, 1.01369));
#6151 = IFCPOLYLOOP ((#6152, #6153, #6154, #6155, #6156));
#6150 = IFCFACEOUTERBOUND (#6151, .T.);
#6149 = IFCFACE ((#6150));
#6160 = IFCCARTESIANPOINT ((0.431382, -0.249487, 1.01369));
#6161 = IFCCARTESIANPOINT ((0.431382, -0.25817, 1.01196));
#6162 = IFCCARTESIANPOINT ((0.431382, -0.265532, 1.00704));
#6163 = IFCCARTESIANPOINT ((0.431382, -0.270451, 0.999683));
#6164 = IFCCARTESIANPOINT ((0.431382, -0.272178, 0.991));
#6165 = IFCCARTESIANPOINT ((0.431382, -0.270451, 0.982317));
#6166 = IFCCARTESIANPOINT ((0.431382, -0.265532, 0.974955));
#6167 = IFCCARTESIANPOINT ((0.431382, -0.25817, 0.970036));
#6168 = IFCCARTESIANPOINT ((0.431382, -0.249487, 0.968309));
#6169 = IFCCARTESIANPOINT ((0.431382, -0.240804, 0.970036));
#6170 = IFCCARTESIANPOINT ((0.431382, -0.233442, 0.974955));
#6171 = IFCCARTESIANPOINT ((0.431382, -0.228523, 0.982317));
#6172 = IFCCARTESIANPOINT ((0.431382, -0.226796, 0.991));
#6173 = IFCCARTESIANPOINT ((0.431382, -0.228523, 0.999683));
#6174 = IFCCARTESIANPOINT ((0.431382, -0.233442, 1.00704));
#6175 = IFCCARTESIANPOINT ((0.431382, -0.240804, 1.01196));
#6159 = IFCPOLYLOOP ((#6160, #6161, #6162, #6163, #6164, #6165, #6166, #6167, #6168, #6169, #6170, #6171, #6172, #6173, #6174, #6175));
#6158 = IFCFACEOUTERBOUND (#6159, .T.);
#6157 = IFCFACE ((#6158));
#6179 = IFCCARTESIANPOINT ((0.431382, -0.233442, 0.974955));
#6180 = IFCCARTESIANPOINT ((0.431382, -0.240804, 0.970036));
#6181 = IFCCARTESIANPOINT ((0.364987, -0.240804, 0.970036));
#6182 = IFCCARTESIANPOINT ((0.364987, -0.233442, 0.974955));
#6178 = IFCPOLYLOOP ((#6179, #6180, #6181, #6182));
#6177 = IFCFACEOUTERBOUND (#6178, .T.);
#6176 = IFCFACE ((#6177));
#6186 = IFCCARTESIANPOINT ((0.364987, -0.249487, 1.01369));
#6187 = IFCCARTESIANPOINT ((0.374922, -0.249487, 1.01369));
#6188 = IFCCARTESIANPOINT ((0.376526, -0.241424, 1.01209));
#6189 = IFCCARTESIANPOINT ((0.37694, -0.240804, 1.01196));
#6190 = IFCCARTESIANPOINT ((0.364987, -0.240804, 1.01196));
#6185 = IFCPOLYLOOP ((#6186, #6187, #6188, #6189, #6190));
#6184 = IFCFACEOUTERBOUND (#6185, .T.);
#6183 = IFCFACE ((#6184));
#6194 = IFCCARTESIANPOINT ((0.364987, -0.240804, 1.01196));
#6195 = IFCCARTESIANPOINT ((0.364987, -0.233442, 1.00704));
#6196 = IFCCARTESIANPOINT ((0.364987, -0.228523, 0.999683));
#6197 = IFCCARTESIANPOINT ((0.364987, -0.226796, 0.991));
#6198 = IFCCARTESIANPOINT ((0.364987, -0.228523, 0.982317));
#6199 = IFCCARTESIANPOINT ((0.364987, -0.233442, 0.974955));
#6200 = IFCCARTESIANPOINT ((0.364987, -0.240804, 0.970036));
#6201 = IFCCARTESIANPOINT ((0.364987, -0.249487, 0.968309));
#6202 = IFCCARTESIANPOINT ((0.364987, -0.25817, 0.970036));
#6203 = IFCCARTESIANPOINT ((0.364987, -0.265532, 0.974955));
#6204 = IFCCARTESIANPOINT ((0.364987, -0.270451, 0.982317));
#6205 = IFCCARTESIANPOINT ((0.364987, -0.272178, 0.991));
#6206 = IFCCARTESIANPOINT ((0.364987, -0.270451, 0.999683));
#6207 = IFCCARTESIANPOINT ((0.364987, -0.265532, 1.00704));
#6208 = IFCCARTESIANPOINT ((0.364987, -0.25817, 1.01196));
#6209 = IFCCARTESIANPOINT ((0.364987, -0.249487, 1.01369));
#6193 = IFCPOLYLOOP ((#6194, #6195, #6196, #6197, #6198, #6199, #6200, #6201, #6202, #6203, #6204, #6205, #6206, #6207, #6208, #6209));
#6192 = IFCFACEOUTERBOUND (#6193, .T.);
#6191 = IFCFACE ((#6192));
#6213 = IFCCARTESIANPOINT ((0.364987, -0.240804, 1.01196));
#6214 = IFCCARTESIANPOINT ((0.37694, -0.240804, 1.01196));
#6215 = IFCCARTESIANPOINT ((0.381093, -0.234588, 1.00781));
#6216 = IFCCARTESIANPOINT ((0.382809, -0.233442, 1.00704));
#6217 = IFCCARTESIANPOINT ((0.364987, -0.233442, 1.00704));
#6212 = IFCPOLYLOOP ((#6213, #6214, #6215, #6216, #6217));
#6211 = IFCFACEOUTERBOUND (#6212, .T.);
#6210 = IFCFACE ((#6211));
#6221 = IFCCARTESIANPOINT ((0.364987, -0.233442, 1.00704));
#6222 = IFCCARTESIANPOINT ((0.382809, -0.233442, 1.00704));
#6223 = IFCCARTESIANPOINT ((0.387929, -0.230021, 1.00192));
#6224 = IFCCARTESIANPOINT ((0.395458, -0.228523, 0.999683));
#6225 = IFCCARTESIANPOINT ((0.364987, -0.228523, 0.999683));
#6220 = IFCPOLYLOOP ((#6221, #6222, #6223, #6224, #6225));
#6219 = IFCFACEOUTERBOUND (#6220, .T.);
#6218 = IFCFACE ((#6219));
#6229 = IFCCARTESIANPOINT ((0.364987, -0.228523, 0.999683));
#6230 = IFCCARTESIANPOINT ((0.395458, -0.228523, 0.999683));
#6231 = IFCCARTESIANPOINT ((0.395992, -0.228417, 0.999149));
#6232 = IFCCARTESIANPOINT ((0.396526, -0.228523, 0.999683));
#6233 = IFCCARTESIANPOINT ((0.431382, -0.228523, 0.999683));
#6234 = IFCCARTESIANPOINT ((0.431382, -0.226796, 0.991));
#6235 = IFCCARTESIANPOINT ((0.364987, -0.226796, 0.991));
#6228 = IFCPOLYLOOP ((#6229, #6230, #6231, #6232, #6233, #6234, #6235));
#6227 = IFCFACEOUTERBOUND (#6228, .T.);
#6226 = IFCFACE ((#6227));
#6239 = IFCCARTESIANPOINT ((0.431382, -0.240804, 0.970036));
#6240 = IFCCARTESIANPOINT ((0.431382, -0.249487, 0.968309));
#6241 = IFCCARTESIANPOINT ((0.364987, -0.249487, 0.968309));
#6242 = IFCCARTESIANPOINT ((0.364987, -0.240804, 0.970036));
#6238 = IFCPOLYLOOP ((#6239, #6240, #6241, #6242));
#6237 = IFCFACEOUTERBOUND (#6238, .T.);
#6236 = IFCFACE ((#6237));
#6246 = IFCCARTESIANPOINT ((0.431382, -0.226796, 0.991));
#6247 = IFCCARTESIANPOINT ((0.431382, -0.228523, 0.982317));
#6248 = IFCCARTESIANPOINT ((0.364987, -0.228523, 0.982317));
#6249 = IFCCARTESIANPOINT ((0.364987, -0.226796, 0.991));
#6245 = IFCPOLYLOOP ((#6246, #6247, #6248, #6249));
#6244 = IFCFACEOUTERBOUND (#6245, .T.);
#6243 = IFCFACE ((#6244));
#6253 = IFCCARTESIANPOINT ((0.387929, -0.230021, 0.991));
#6254 = IFCCARTESIANPOINT ((0.395992, -0.228417, 0.991));
#6255 = IFCCARTESIANPOINT ((0.395992, -0.228417, 0.999149));
#6256 = IFCCARTESIANPOINT ((0.395458, -0.228523, 0.999683));
#6257 = IFCCARTESIANPOINT ((0.387929, -0.230021, 1.00192));
#6252 = IFCPOLYLOOP ((#6253, #6254, #6255, #6256, #6257));
#6251 = IFCFACEOUTERBOUND (#6252, .T.);
#6250 = IFCFACE ((#6251));
#6261 = IFCCARTESIANPOINT ((0.431382, -0.249487, 0.968309));
#6262 = IFCCARTESIANPOINT ((0.431382, -0.25817, 0.970036));
#6263 = IFCCARTESIANPOINT ((0.364987, -0.25817, 0.970036));
#6264 = IFCCARTESIANPOINT ((0.364987, -0.249487, 0.968309));
#6260 = IFCPOLYLOOP ((#6261, #6262, #6263, #6264));
#6259 = IFCFACEOUTERBOUND (#6260, .T.);
#6258 = IFCFACE ((#6259));
#6268 = IFCCARTESIANPOINT ((0.396526, -0.228523, 0.999683));
#6269 = IFCCARTESIANPOINT ((0.404055, -0.230021, 1.00192));
#6270 = IFCCARTESIANPOINT ((0.409175, -0.233442, 1.00704));
#6271 = IFCCARTESIANPOINT ((0.431382, -0.233442, 1.00704));
#6272 = IFCCARTESIANPOINT ((0.431382, -0.228523, 0.999683));
#6267 = IFCPOLYLOOP ((#6268, #6269, #6270, #6271, #6272));
#6266 = IFCFACEOUTERBOUND (#6267, .T.);
#6265 = IFCFACE ((#6266));
#6276 = IFCCARTESIANPOINT ((0.415044, -0.25817, 1.01196));
#6277 = IFCCARTESIANPOINT ((0.431382, -0.25817, 1.01196));
#6278 = IFCCARTESIANPOINT ((0.431382, -0.249487, 1.01369));
#6279 = IFCCARTESIANPOINT ((0.417062, -0.249487, 1.01369));
#6280 = IFCCARTESIANPOINT ((0.415458, -0.25755, 1.01209));
#6275 = IFCPOLYLOOP ((#6276, #6277, #6278, #6279, #6280));
#6274 = IFCFACEOUTERBOUND (#6275, .T.);
#6273 = IFCFACE ((#6274));
#6284 = IFCCARTESIANPOINT ((0.396526, -0.270451, 0.999683));
#6285 = IFCCARTESIANPOINT ((0.431382, -0.270451, 0.999683));
#6286 = IFCCARTESIANPOINT ((0.431382, -0.265532, 1.00704));
#6287 = IFCCARTESIANPOINT ((0.409175, -0.265532, 1.00704));
#6288 = IFCCARTESIANPOINT ((0.404055, -0.268953, 1.00192));
#6283 = IFCPOLYLOOP ((#6284, #6285, #6286, #6287, #6288));
#6282 = IFCFACEOUTERBOUND (#6283, .T.);
#6281 = IFCFACE ((#6282));
#6292 = IFCCARTESIANPOINT ((0.404055, -0.230021, 0.991));
#6293 = IFCCARTESIANPOINT ((0.410891, -0.234588, 0.991));
#6294 = IFCCARTESIANPOINT ((0.410891, -0.234588, 1.00781));
#6295 = IFCCARTESIANPOINT ((0.409175, -0.233442, 1.00704));
#6296 = IFCCARTESIANPOINT ((0.404055, -0.230021, 1.00192));
#6291 = IFCPOLYLOOP ((#6292, #6293, #6294, #6295, #6296));
#6290 = IFCFACEOUTERBOUND (#6291, .T.);
#6289 = IFCFACE ((#6290));
#6300 = IFCCARTESIANPOINT ((0.431382, -0.270451, 0.982317));
#6301 = IFCCARTESIANPOINT ((0.431382, -0.272178, 0.991));
#6302 = IFCCARTESIANPOINT ((0.364987, -0.272178, 0.991));
#6303 = IFCCARTESIANPOINT ((0.364987, -0.270451, 0.982317));
#6299 = IFCPOLYLOOP ((#6300, #6301, #6302, #6303));
#6298 = IFCFACEOUTERBOUND (#6299, .T.);
#6297 = IFCFACE ((#6298));
#6307 = IFCCARTESIANPOINT ((0.431382, -0.265532, 0.974955));
#6308 = IFCCARTESIANPOINT ((0.431382, -0.270451, 0.982317));
#6309 = IFCCARTESIANPOINT ((0.364987, -0.270451, 0.982317));
#6310 = IFCCARTESIANPOINT ((0.364987, -0.265532, 0.974955));
#6306 = IFCPOLYLOOP ((#6307, #6308, #6309, #6310));
#6305 = IFCFACEOUTERBOUND (#6306, .T.);
#6304 = IFCFACE ((#6305));
#6314 = IFCCARTESIANPOINT ((0.431382, -0.25817, 0.970036));
#6315 = IFCCARTESIANPOINT ((0.431382, -0.265532, 0.974955));
#6316 = IFCCARTESIANPOINT ((0.364987, -0.265532, 0.974955));
#6317 = IFCCARTESIANPOINT ((0.364987, -0.25817, 0.970036));
#6313 = IFCPOLYLOOP ((#6314, #6315, #6316, #6317));
#6312 = IFCFACEOUTERBOUND (#6313, .T.);
#6311 = IFCFACE ((#6312));
#6321 = IFCCARTESIANPOINT ((0.417062, -0.249487, 0.991));
#6322 = IFCCARTESIANPOINT ((0.415458, -0.241424, 0.991));
#6323 = IFCCARTESIANPOINT ((0.410891, -0.234588, 0.991));
#6324 = IFCCARTESIANPOINT ((0.404055, -0.230021, 0.991));
#6325 = IFCCARTESIANPOINT ((0.395992, -0.228417, 0.991));
#6326 = IFCCARTESIANPOINT ((0.387929, -0.230021, 0.991));
#6327 = IFCCARTESIANPOINT ((0.381093, -0.234588, 0.991));
#6328 = IFCCARTESIANPOINT ((0.376526, -0.241424, 0.991));
#6329 = IFCCARTESIANPOINT ((0.374922, -0.249487, 0.991));
#6330 = IFCCARTESIANPOINT ((0.376526, -0.25755, 0.991));
#6331 = IFCCARTESIANPOINT ((0.381093, -0.264386, 0.991));
#6332 = IFCCARTESIANPOINT ((0.387929, -0.268953, 0.991));
#6333 = IFCCARTESIANPOINT ((0.395992, -0.270557, 0.991));
#6334 = IFCCARTESIANPOINT ((0.404055, -0.268953, 0.991));
#6335 = IFCCARTESIANPOINT ((0.410891, -0.264386, 0.991));
#6336 = IFCCARTESIANPOINT ((0.415458, -0.25755, 0.991));
#6320 = IFCPOLYLOOP ((#6321, #6322, #6323, #6324, #6325, #6326, #6327, #6328, #6329, #6330, #6331, #6332, #6333, #6334, #6335, #6336));
#6319 = IFCFACEOUTERBOUND (#6320, .T.);
#6318 = IFCFACE ((#6319));
#6340 = IFCCARTESIANPOINT ((0.387929, -0.268953, 0.991));
#6341 = IFCCARTESIANPOINT ((0.381093, -0.264386, 0.991));
#6342 = IFCCARTESIANPOINT ((0.381093, -0.264386, 1.00781));
#6343 = IFCCARTESIANPOINT ((0.382809, -0.265532, 1.00704));
#6344 = IFCCARTESIANPOINT ((0.387929, -0.268953, 1.00192));
#6339 = IFCPOLYLOOP ((#6340, #6341, #6342, #6343, #6344));
#6338 = IFCFACEOUTERBOUND (#6339, .T.);
#6337 = IFCFACE ((#6338));
#6348 = IFCCARTESIANPOINT ((0.415458, -0.241424, 0.991));
#6349 = IFCCARTESIANPOINT ((0.417062, -0.249487, 0.991));
#6350 = IFCCARTESIANPOINT ((0.417062, -0.249487, 1.01369));
#6351 = IFCCARTESIANPOINT ((0.415458, -0.241424, 1.01209));
#6347 = IFCPOLYLOOP ((#6348, #6349, #6350, #6351));
#6346 = IFCFACEOUTERBOUND (#6347, .T.);
#6345 = IFCFACE ((#6346));
#6355 = IFCCARTESIANPOINT ((0.395992, -0.228417, 0.991));
#6356 = IFCCARTESIANPOINT ((0.404055, -0.230021, 0.991));
#6357 = IFCCARTESIANPOINT ((0.404055, -0.230021, 1.00192));
#6358 = IFCCARTESIANPOINT ((0.396526, -0.228523, 0.999683));
#6359 = IFCCARTESIANPOINT ((0.395992, -0.228417, 0.999149));
#6354 = IFCPOLYLOOP ((#6355, #6356, #6357, #6358, #6359));
#6353 = IFCFACEOUTERBOUND (#6354, .T.);
#6352 = IFCFACE ((#6353));
#6363 = IFCCARTESIANPOINT ((0.417062, -0.249487, 0.991));
#6364 = IFCCARTESIANPOINT ((0.415458, -0.25755, 0.991));
#6365 = IFCCARTESIANPOINT ((0.415458, -0.25755, 1.01209));
#6366 = IFCCARTESIANPOINT ((0.417062, -0.249487, 1.01369));
#6362 = IFCPOLYLOOP ((#6363, #6364, #6365, #6366));
#6361 = IFCFACEOUTERBOUND (#6362, .T.);
#6360 = IFCFACE ((#6361));
#6370 = IFCCARTESIANPOINT ((0.376526, -0.25755, 0.991));
#6371 = IFCCARTESIANPOINT ((0.374922, -0.249487, 0.991));
#6372 = IFCCARTESIANPOINT ((0.374922, -0.249487, 1.01369));
#6373 = IFCCARTESIANPOINT ((0.376526, -0.25755, 1.01209));
#6369 = IFCPOLYLOOP ((#6370, #6371, #6372, #6373));
#6368 = IFCFACEOUTERBOUND (#6369, .T.);
#6367 = IFCFACE ((#6368));
#6377 = IFCCARTESIANPOINT ((0.410891, -0.264386, 0.991));
#6378 = IFCCARTESIANPOINT ((0.404055, -0.268953, 0.991));
#6379 = IFCCARTESIANPOINT ((0.404055, -0.268953, 1.00192));
#6380 = IFCCARTESIANPOINT ((0.409175, -0.265532, 1.00704));
#6381 = IFCCARTESIANPOINT ((0.410891, -0.264386, 1.00781));
#6376 = IFCPOLYLOOP ((#6377, #6378, #6379, #6380, #6381));
#6375 = IFCFACEOUTERBOUND (#6376, .T.);
#6374 = IFCFACE ((#6375));
#6385 = IFCCARTESIANPOINT ((0.404055, -0.268953, 0.991));
#6386 = IFCCARTESIANPOINT ((0.395992, -0.270557, 0.991));
#6387 = IFCCARTESIANPOINT ((0.395992, -0.270557, 0.999149));
#6388 = IFCCARTESIANPOINT ((0.396526, -0.270451, 0.999683));
#6389 = IFCCARTESIANPOINT ((0.404055, -0.268953, 1.00192));
#6384 = IFCPOLYLOOP ((#6385, #6386, #6387, #6388, #6389));
#6383 = IFCFACEOUTERBOUND (#6384, .T.);
#6382 = IFCFACE ((#6383));
#6393 = IFCCARTESIANPOINT ((0.376526, -0.241424, 0.991));
#6394 = IFCCARTESIANPOINT ((0.381093, -0.234588, 0.991));
#6395 = IFCCARTESIANPOINT ((0.381093, -0.234588, 1.00781));
#6396 = IFCCARTESIANPOINT ((0.37694, -0.240804, 1.01196));
#6397 = IFCCARTESIANPOINT ((0.376526, -0.241424, 1.01209));
#6392 = IFCPOLYLOOP ((#6393, #6394, #6395, #6396, #6397));
#6391 = IFCFACEOUTERBOUND (#6392, .T.);
#6390 = IFCFACE ((#6391));
#6401 = IFCCARTESIANPOINT ((0.381093, -0.234588, 0.991));
#6402 = IFCCARTESIANPOINT ((0.387929, -0.230021, 0.991));
#6403 = IFCCARTESIANPOINT ((0.387929, -0.230021, 1.00192));
#6404 = IFCCARTESIANPOINT ((0.382809, -0.233442, 1.00704));
#6405 = IFCCARTESIANPOINT ((0.381093, -0.234588, 1.00781));
#6400 = IFCPOLYLOOP ((#6401, #6402, #6403, #6404, #6405));
#6399 = IFCFACEOUTERBOUND (#6400, .T.);
#6398 = IFCFACE ((#6399));
#6409 = IFCCARTESIANPOINT ((0.381093, -0.264386, 0.991));
#6410 = IFCCARTESIANPOINT ((0.376526, -0.25755, 0.991));
#6411 = IFCCARTESIANPOINT ((0.376526, -0.25755, 1.01209));
#6412 = IFCCARTESIANPOINT ((0.37694, -0.25817, 1.01196));
#6413 = IFCCARTESIANPOINT ((0.381093, -0.264386, 1.00781));
#6408 = IFCPOLYLOOP ((#6409, #6410, #6411, #6412, #6413));
#6407 = IFCFACEOUTERBOUND (#6408, .T.);
#6406 = IFCFACE ((#6407));
#6417 = IFCCARTESIANPOINT ((0.410891, -0.234588, 0.991));
#6418 = IFCCARTESIANPOINT ((0.415458, -0.241424, 0.991));
#6419 = IFCCARTESIANPOINT ((0.415458, -0.241424, 1.01209));
#6420 = IFCCARTESIANPOINT ((0.415044, -0.240804, 1.01196));
#6421 = IFCCARTESIANPOINT ((0.410891, -0.234588, 1.00781));
#6416 = IFCPOLYLOOP ((#6417, #6418, #6419, #6420, #6421));
#6415 = IFCFACEOUTERBOUND (#6416, .T.);
#6414 = IFCFACE ((#6415));
#6425 = IFCCARTESIANPOINT ((0.374922, -0.249487, 0.991));
#6426 = IFCCARTESIANPOINT ((0.376526, -0.241424, 0.991));
#6427 = IFCCARTESIANPOINT ((0.376526, -0.241424, 1.01209));
#6428 = IFCCARTESIANPOINT ((0.374922, -0.249487, 1.01369));
#6424 = IFCPOLYLOOP ((#6425, #6426, #6427, #6428));
#6423 = IFCFACEOUTERBOUND (#6424, .T.);
#6422 = IFCFACE ((#6423));
#6432 = IFCCARTESIANPOINT ((0.415458, -0.25755, 0.991));
#6433 = IFCCARTESIANPOINT ((0.410891, -0.264386, 0.991));
#6434 = IFCCARTESIANPOINT ((0.410891, -0.264386, 1.00781));
#6435 = IFCCARTESIANPOINT ((0.415044, -0.25817, 1.01196));
#6436 = IFCCARTESIANPOINT ((0.415458, -0.25755, 1.01209));
#6431 = IFCPOLYLOOP ((#6432, #6433, #6434, #6435, #6436));
#6430 = IFCFACEOUTERBOUND (#6431, .T.);
#6429 = IFCFACE ((#6430));
#6440 = IFCCARTESIANPOINT ((0.415044, -0.240804, 1.01196));
#6441 = IFCCARTESIANPOINT ((0.415458, -0.241424, 1.01209));
#6442 = IFCCARTESIANPOINT ((0.417062, -0.249487, 1.01369));
#6443 = IFCCARTESIANPOINT ((0.431382, -0.249487, 1.01369));
#6444 = IFCCARTESIANPOINT ((0.431382, -0.240804, 1.01196));
#6439 = IFCPOLYLOOP ((#6440, #6441, #6442, #6443, #6444));
#6438 = IFCFACEOUTERBOUND (#6439, .T.);
#6437 = IFCFACE ((#6438));
#6091 = IFCCLOSEDSHELL ((#6092, #6100, #6108, #6116, #6123, #6133, #6141, #6149, #6157, #6176, #6183, #6191, #6210, #6218, #6226, #6236, #6243, #6250, #6258, #6265, #6273, #6281, #6289, #6297, #6304, #6311, #6318, #6337, #6345, #6352, #6360, #6367, #6374, #6382, #6390, #6398, #6406, #6414, #6422, #6429, #6437));
#6090 = IFCFACETEDBREP (#6091);
#6450 = IFCCARTESIANPOINT ((0.400503, -0.248098, 1.28023));
#6451 = IFCCARTESIANPOINT ((0.399716, -0.24692, 1.28023));
#6452 = IFCCARTESIANPOINT ((0.399716, -0.24692, 1.28445));
#6453 = IFCCARTESIANPOINT ((0.400503, -0.248098, 1.28445));
#6449 = IFCPOLYLOOP ((#6450, #6451, #6452, #6453));
#6448 = IFCFACEOUTERBOUND (#6449, .T.);
#6447 = IFCFACE ((#6448));
#6457 = IFCCARTESIANPOINT ((0.399716, -0.24692, 1.28023));
#6458 = IFCCARTESIANPOINT ((0.398538, -0.246133, 1.28023));
#6459 = IFCCARTESIANPOINT ((0.398538, -0.246133, 1.28445));
#6460 = IFCCARTESIANPOINT ((0.399716, -0.24692, 1.28445));
#6456 = IFCPOLYLOOP ((#6457, #6458, #6459, #6460));
#6455 = IFCFACEOUTERBOUND (#6456, .T.);
#6454 = IFCFACE ((#6455));
#6464 = IFCCARTESIANPOINT ((0.398538, -0.246133, 1.28023));
#6465 = IFCCARTESIANPOINT ((0.397149, -0.245857, 1.28023));
#6466 = IFCCARTESIANPOINT ((0.397149, -0.245857, 1.28445));
#6467 = IFCCARTESIANPOINT ((0.398538, -0.246133, 1.28445));
#6463 = IFCPOLYLOOP ((#6464, #6465, #6466, #6467));
#6462 = IFCFACEOUTERBOUND (#6463, .T.);
#6461 = IFCFACE ((#6462));
#6471 = IFCCARTESIANPOINT ((0.397149, -0.245857, 1.28023));
#6472 = IFCCARTESIANPOINT ((0.39576, -0.246133, 1.28023));
#6473 = IFCCARTESIANPOINT ((0.39576, -0.246133, 1.28445));
#6474 = IFCCARTESIANPOINT ((0.397149, -0.245857, 1.28445));
#6470 = IFCPOLYLOOP ((#6471, #6472, #6473, #6474));
#6469 = IFCFACEOUTERBOUND (#6470, .T.);
#6468 = IFCFACE ((#6469));
#6478 = IFCCARTESIANPOINT ((0.39576, -0.246133, 1.28023));
#6479 = IFCCARTESIANPOINT ((0.394582, -0.24692, 1.28023));
#6480 = IFCCARTESIANPOINT ((0.394582, -0.24692, 1.28445));
#6481 = IFCCARTESIANPOINT ((0.39576, -0.246133, 1.28445));
#6477 = IFCPOLYLOOP ((#6478, #6479, #6480, #6481));
#6476 = IFCFACEOUTERBOUND (#6477, .T.);
#6475 = IFCFACE ((#6476));
#6485 = IFCCARTESIANPOINT ((0.394582, -0.24692, 1.28023));
#6486 = IFCCARTESIANPOINT ((0.393795, -0.248098, 1.28023));
#6487 = IFCCARTESIANPOINT ((0.393795, -0.248098, 1.28445));
#6488 = IFCCARTESIANPOINT ((0.394582, -0.24692, 1.28445));
#6484 = IFCPOLYLOOP ((#6485, #6486, #6487, #6488));
#6483 = IFCFACEOUTERBOUND (#6484, .T.);
#6482 = IFCFACE ((#6483));
#6492 = IFCCARTESIANPOINT ((0.393795, -0.248098, 1.28023));
#6493 = IFCCARTESIANPOINT ((0.393519, -0.249487, 1.28023));
#6494 = IFCCARTESIANPOINT ((0.393519, -0.249487, 1.28445));
#6495 = IFCCARTESIANPOINT ((0.393795, -0.248098, 1.28445));
#6491 = IFCPOLYLOOP ((#6492, #6493, #6494, #6495));
#6490 = IFCFACEOUTERBOUND (#6491, .T.);
#6489 = IFCFACE ((#6490));
#6499 = IFCCARTESIANPOINT ((0.393519, -0.249487, 1.28023));
#6500 = IFCCARTESIANPOINT ((0.393795, -0.250876, 1.28023));
#6501 = IFCCARTESIANPOINT ((0.393795, -0.250876, 1.28445));
#6502 = IFCCARTESIANPOINT ((0.393519, -0.249487, 1.28445));
#6498 = IFCPOLYLOOP ((#6499, #6500, #6501, #6502));
#6497 = IFCFACEOUTERBOUND (#6498, .T.);
#6496 = IFCFACE ((#6497));
#6506 = IFCCARTESIANPOINT ((0.393795, -0.250876, 1.28023));
#6507 = IFCCARTESIANPOINT ((0.394582, -0.252054, 1.28023));
#6508 = IFCCARTESIANPOINT ((0.394582, -0.252054, 1.28445));
#6509 = IFCCARTESIANPOINT ((0.393795, -0.250876, 1.28445));
#6505 = IFCPOLYLOOP ((#6506, #6507, #6508, #6509));
#6504 = IFCFACEOUTERBOUND (#6505, .T.);
#6503 = IFCFACE ((#6504));
#6513 = IFCCARTESIANPOINT ((0.394582, -0.252054, 1.28023));
#6514 = IFCCARTESIANPOINT ((0.39576, -0.252841, 1.28023));
#6515 = IFCCARTESIANPOINT ((0.39576, -0.252841, 1.28445));
#6516 = IFCCARTESIANPOINT ((0.394582, -0.252054, 1.28445));
#6512 = IFCPOLYLOOP ((#6513, #6514, #6515, #6516));
#6511 = IFCFACEOUTERBOUND (#6512, .T.);
#6510 = IFCFACE ((#6511));
#6520 = IFCCARTESIANPOINT ((0.39576, -0.252841, 1.28023));
#6521 = IFCCARTESIANPOINT ((0.397149, -0.253117, 1.28023));
#6522 = IFCCARTESIANPOINT ((0.397149, -0.253117, 1.28445));
#6523 = IFCCARTESIANPOINT ((0.39576, -0.252841, 1.28445));
#6519 = IFCPOLYLOOP ((#6520, #6521, #6522, #6523));
#6518 = IFCFACEOUTERBOUND (#6519, .T.);
#6517 = IFCFACE ((#6518));
#6527 = IFCCARTESIANPOINT ((0.397149, -0.253117, 1.28023));
#6528 = IFCCARTESIANPOINT ((0.398538, -0.252841, 1.28023));
#6529 = IFCCARTESIANPOINT ((0.398538, -0.252841, 1.28445));
#6530 = IFCCARTESIANPOINT ((0.397149, -0.253117, 1.28445));
#6526 = IFCPOLYLOOP ((#6527, #6528, #6529, #6530));
#6525 = IFCFACEOUTERBOUND (#6526, .T.);
#6524 = IFCFACE ((#6525));
#6534 = IFCCARTESIANPOINT ((0.398538, -0.252841, 1.28023));
#6535 = IFCCARTESIANPOINT ((0.399716, -0.252054, 1.28023));
#6536 = IFCCARTESIANPOINT ((0.399716, -0.252054, 1.28445));
#6537 = IFCCARTESIANPOINT ((0.398538, -0.252841, 1.28445));
#6533 = IFCPOLYLOOP ((#6534, #6535, #6536, #6537));
#6532 = IFCFACEOUTERBOUND (#6533, .T.);
#6531 = IFCFACE ((#6532));
#6541 = IFCCARTESIANPOINT ((0.399716, -0.252054, 1.28023));
#6542 = IFCCARTESIANPOINT ((0.400503, -0.250876, 1.28023));
#6543 = IFCCARTESIANPOINT ((0.400503, -0.250876, 1.28445));
#6544 = IFCCARTESIANPOINT ((0.399716, -0.252054, 1.28445));
#6540 = IFCPOLYLOOP ((#6541, #6542, #6543, #6544));
#6539 = IFCFACEOUTERBOUND (#6540, .T.);
#6538 = IFCFACE ((#6539));
#6548 = IFCCARTESIANPOINT ((0.400503, -0.250876, 1.28023));
#6549 = IFCCARTESIANPOINT ((0.400779, -0.249487, 1.28023));
#6550 = IFCCARTESIANPOINT ((0.400779, -0.249487, 1.28445));
#6551 = IFCCARTESIANPOINT ((0.400503, -0.250876, 1.28445));
#6547 = IFCPOLYLOOP ((#6548, #6549, #6550, #6551));
#6546 = IFCFACEOUTERBOUND (#6547, .T.);
#6545 = IFCFACE ((#6546));
#6555 = IFCCARTESIANPOINT ((0.400779, -0.249487, 1.28023));
#6556 = IFCCARTESIANPOINT ((0.400503, -0.248098, 1.28023));
#6557 = IFCCARTESIANPOINT ((0.400503, -0.248098, 1.28445));
#6558 = IFCCARTESIANPOINT ((0.400779, -0.249487, 1.28445));
#6554 = IFCPOLYLOOP ((#6555, #6556, #6557, #6558));
#6553 = IFCFACEOUTERBOUND (#6554, .T.);
#6552 = IFCFACE ((#6553));
#6562 = IFCCARTESIANPOINT ((0.400503, -0.248098, 1.28445));
#6563 = IFCCARTESIANPOINT ((0.399716, -0.24692, 1.28445));
#6564 = IFCCARTESIANPOINT ((0.398538, -0.246133, 1.28445));
#6565 = IFCCARTESIANPOINT ((0.397149, -0.245857, 1.28445));
#6566 = IFCCARTESIANPOINT ((0.39576, -0.246133, 1.28445));
#6567 = IFCCARTESIANPOINT ((0.394582, -0.24692, 1.28445));
#6568 = IFCCARTESIANPOINT ((0.393795, -0.248098, 1.28445));
#6569 = IFCCARTESIANPOINT ((0.393519, -0.249487, 1.28445));
#6570 = IFCCARTESIANPOINT ((0.393795, -0.250876, 1.28445));
#6571 = IFCCARTESIANPOINT ((0.394582, -0.252054, 1.28445));
#6572 = IFCCARTESIANPOINT ((0.39576, -0.252841, 1.28445));
#6573 = IFCCARTESIANPOINT ((0.397149, -0.253117, 1.28445));
#6574 = IFCCARTESIANPOINT ((0.398538, -0.252841, 1.28445));
#6575 = IFCCARTESIANPOINT ((0.399716, -0.252054, 1.28445));
#6576 = IFCCARTESIANPOINT ((0.400503, -0.250876, 1.28445));
#6577 = IFCCARTESIANPOINT ((0.400779, -0.249487, 1.28445));
#6561 = IFCPOLYLOOP ((#6562, #6563, #6564, #6565, #6566, #6567, #6568, #6569, #6570, #6571, #6572, #6573, #6574, #6575, #6576, #6577));
#6560 = IFCFACEOUTERBOUND (#6561, .T.);
#6559 = IFCFACE ((#6560));
#6581 = IFCCARTESIANPOINT ((0.400779, -0.249487, 1.28023));
#6582 = IFCCARTESIANPOINT ((0.400503, -0.250876, 1.28023));
#6583 = IFCCARTESIANPOINT ((0.399716, -0.252054, 1.28023));
#6584 = IFCCARTESIANPOINT ((0.398538, -0.252841, 1.28023));
#6585 = IFCCARTESIANPOINT ((0.397149, -0.253117, 1.28023));
#6586 = IFCCARTESIANPOINT ((0.39576, -0.252841, 1.28023));
#6587 = IFCCARTESIANPOINT ((0.394582, -0.252054, 1.28023));
#6588 = IFCCARTESIANPOINT ((0.393795, -0.250876, 1.28023));
#6589 = IFCCARTESIANPOINT ((0.393519, -0.249487, 1.28023));
#6590 = IFCCARTESIANPOINT ((0.393795, -0.248098, 1.28023));
#6591 = IFCCARTESIANPOINT ((0.394582, -0.24692, 1.28023));
#6592 = IFCCARTESIANPOINT ((0.39576, -0.246133, 1.28023));
#6593 = IFCCARTESIANPOINT ((0.397149, -0.245857, 1.28023));
#6594 = IFCCARTESIANPOINT ((0.398538, -0.246133, 1.28023));
#6595 = IFCCARTESIANPOINT ((0.399716, -0.24692, 1.28023));
#6596 = IFCCARTESIANPOINT ((0.400503, -0.248098, 1.28023));
#6580 = IFCPOLYLOOP ((#6581, #6582, #6583, #6584, #6585, #6586, #6587, #6588, #6589, #6590, #6591, #6592, #6593, #6594, #6595, #6596));
#6579 = IFCFACEOUTERBOUND (#6580, .T.);
#6578 = IFCFACE ((#6579));
#6446 = IFCCLOSEDSHELL ((#6447, #6454, #6461, #6468, #6475, #6482, #6489, #6496, #6503, #6510, #6517, #6524, #6531, #6538, #6545, #6552, #6559, #6578));
#6445 = IFCFACETEDBREP (#6446);
#6602 = IFCCARTESIANPOINT ((-0.0252571, -0.00479779, 0.658689));
#6603 = IFCCARTESIANPOINT ((-0.046669, -0.00554657, 0.672976));
#6604 = IFCCARTESIANPOINT ((-0.046669, 0.00244247, 0.673395));
#6605 = IFCCARTESIANPOINT ((-0.0252571, 0.00319124, 0.659108));
#6601 = IFCPOLYLOOP ((#6602, #6603, #6604, #6605));
#6600 = IFCFACEOUTERBOUND (#6601, .T.);
#6599 = IFCFACE ((#6600));
#6609 = IFCCARTESIANPOINT ((-0.046669, -0.00554657, 0.672976));
#6610 = IFCCARTESIANPOINT ((-0.060976, -0.00666718, 0.694359));
#6611 = IFCCARTESIANPOINT ((-0.060976, 0.00132186, 0.694778));
#6612 = IFCCARTESIANPOINT ((-0.046669, 0.00244247, 0.673395));
#6608 = IFCPOLYLOOP ((#6609, #6610, #6611, #6612));
#6607 = IFCFACEOUTERBOUND (#6608, .T.);
#6606 = IFCFACE ((#6607));
#6616 = IFCCARTESIANPOINT ((-0.060976, -0.00666718, 0.694359));
#6617 = IFCCARTESIANPOINT ((-0.066, -0.00798904, 0.719581));
#6618 = IFCCARTESIANPOINT ((-0.066, 0., 0.72));
#6619 = IFCCARTESIANPOINT ((-0.060976, 0.00132186, 0.694778));
#6615 = IFCPOLYLOOP ((#6616, #6617, #6618, #6619));
#6614 = IFCFACEOUTERBOUND (#6615, .T.);
#6613 = IFCFACE ((#6614));
#6623 = IFCCARTESIANPOINT ((-0.066, -0.00798904, 0.719581));
#6624 = IFCCARTESIANPOINT ((-0.060976, -0.00931089, 0.744804));
#6625 = IFCCARTESIANPOINT ((-0.060976, -0.00132185, 0.745222));
#6626 = IFCCARTESIANPOINT ((-0.066, 0., 0.72));
#6622 = IFCPOLYLOOP ((#6623, #6624, #6625, #6626));
#6621 = IFCFACEOUTERBOUND (#6622, .T.);
#6620 = IFCFACE ((#6621));
#6630 = IFCCARTESIANPOINT ((-0.060976, -0.00931089, 0.744804));
#6631 = IFCCARTESIANPOINT ((-0.046669, -0.0104315, 0.766186));
#6632 = IFCCARTESIANPOINT ((-0.046669, -0.00244247, 0.766605));
#6633 = IFCCARTESIANPOINT ((-0.060976, -0.00132185, 0.745222));
#6629 = IFCPOLYLOOP ((#6630, #6631, #6632, #6633));
#6628 = IFCFACEOUTERBOUND (#6629, .T.);
#6627 = IFCFACE ((#6628));
#6637 = IFCCARTESIANPOINT ((-0.046669, -0.0104315, 0.766186));
#6638 = IFCCARTESIANPOINT ((-0.0252571, -0.0111803, 0.780474));
#6639 = IFCCARTESIANPOINT ((-0.0252571, -0.00319124, 0.780892));
#6640 = IFCCARTESIANPOINT ((-0.046669, -0.00244247, 0.766605));
#6636 = IFCPOLYLOOP ((#6637, #6638, #6639, #6640));
#6635 = IFCFACEOUTERBOUND (#6636, .T.);
#6634 = IFCFACE ((#6635));
#6644 = IFCCARTESIANPOINT ((-0.0252571, -0.0111803, 0.780474));
#6645 = IFCCARTESIANPOINT ((0., -0.0114432, 0.785491));
#6646 = IFCCARTESIANPOINT ((0., -0.00345417, 0.78591));
#6647 = IFCCARTESIANPOINT ((-0.0252571, -0.00319124, 0.780892));
#6643 = IFCPOLYLOOP ((#6644, #6645, #6646, #6647));
#6642 = IFCFACEOUTERBOUND (#6643, .T.);
#6641 = IFCFACE ((#6642));
#6651 = IFCCARTESIANPOINT ((0., -0.0114432, 0.785491));
#6652 = IFCCARTESIANPOINT ((0.0252571, -0.0111803, 0.780474));
#6653 = IFCCARTESIANPOINT ((0.0252571, -0.00319124, 0.780892));
#6654 = IFCCARTESIANPOINT ((0., -0.00345417, 0.78591));
#6650 = IFCPOLYLOOP ((#6651, #6652, #6653, #6654));
#6649 = IFCFACEOUTERBOUND (#6650, .T.);
#6648 = IFCFACE ((#6649));
#6658 = IFCCARTESIANPOINT ((0.0252571, -0.0111803, 0.780474));
#6659 = IFCCARTESIANPOINT ((0.046669, -0.0104315, 0.766186));
#6660 = IFCCARTESIANPOINT ((0.046669, -0.00244247, 0.766605));
#6661 = IFCCARTESIANPOINT ((0.0252571, -0.00319124, 0.780892));
#6657 = IFCPOLYLOOP ((#6658, #6659, #6660, #6661));
#6656 = IFCFACEOUTERBOUND (#6657, .T.);
#6655 = IFCFACE ((#6656));
#6665 = IFCCARTESIANPOINT ((0.046669, -0.0104315, 0.766186));
#6666 = IFCCARTESIANPOINT ((0.060976, -0.00931089, 0.744804));
#6667 = IFCCARTESIANPOINT ((0.060976, -0.00132185, 0.745222));
#6668 = IFCCARTESIANPOINT ((0.046669, -0.00244247, 0.766605));
#6664 = IFCPOLYLOOP ((#6665, #6666, #6667, #6668));
#6663 = IFCFACEOUTERBOUND (#6664, .T.);
#6662 = IFCFACE ((#6663));
#6672 = IFCCARTESIANPOINT ((0.060976, -0.00931089, 0.744804));
#6673 = IFCCARTESIANPOINT ((0.066, -0.00798904, 0.719581));
#6674 = IFCCARTESIANPOINT ((0.066, 0., 0.72));
#6675 = IFCCARTESIANPOINT ((0.060976, -0.00132185, 0.745222));
#6671 = IFCPOLYLOOP ((#6672, #6673, #6674, #6675));
#6670 = IFCFACEOUTERBOUND (#6671, .T.);
#6669 = IFCFACE ((#6670));
#6679 = IFCCARTESIANPOINT ((0.066, -0.00798904, 0.719581));
#6680 = IFCCARTESIANPOINT ((0.060976, -0.00666718, 0.694359));
#6681 = IFCCARTESIANPOINT ((0.060976, 0.00132186, 0.694778));
#6682 = IFCCARTESIANPOINT ((0.066, 0., 0.72));
#6678 = IFCPOLYLOOP ((#6679, #6680, #6681, #6682));
#6677 = IFCFACEOUTERBOUND (#6678, .T.);
#6676 = IFCFACE ((#6677));
#6686 = IFCCARTESIANPOINT ((0.060976, -0.00666718, 0.694359));
#6687 = IFCCARTESIANPOINT ((0.046669, -0.00554657, 0.672976));
#6688 = IFCCARTESIANPOINT ((0.046669, 0.00244247, 0.673395));
#6689 = IFCCARTESIANPOINT ((0.060976, 0.00132186, 0.694778));
#6685 = IFCPOLYLOOP ((#6686, #6687, #6688, #6689));
#6684 = IFCFACEOUTERBOUND (#6685, .T.);
#6683 = IFCFACE ((#6684));
#6693 = IFCCARTESIANPOINT ((0.046669, -0.00554657, 0.672976));
#6694 = IFCCARTESIANPOINT ((0.0252571, -0.00479779, 0.658689));
#6695 = IFCCARTESIANPOINT ((0.0252571, 0.00319124, 0.659108));
#6696 = IFCCARTESIANPOINT ((0.046669, 0.00244247, 0.673395));
#6692 = IFCPOLYLOOP ((#6693, #6694, #6695, #6696));
#6691 = IFCFACEOUTERBOUND (#6692, .T.);
#6690 = IFCFACE ((#6691));
#6700 = IFCCARTESIANPOINT ((0.0252571, -0.00479779, 0.658689));
#6701 = IFCCARTESIANPOINT ((0., -0.00453486, 0.653672));
#6702 = IFCCARTESIANPOINT ((0., 0.00345418, 0.65409));
#6703 = IFCCARTESIANPOINT ((0.0252571, 0.00319124, 0.659108));
#6699 = IFCPOLYLOOP ((#6700, #6701, #6702, #6703));
#6698 = IFCFACEOUTERBOUND (#6699, .T.);
#6697 = IFCFACE ((#6698));
#6707 = IFCCARTESIANPOINT ((0., -0.00453486, 0.653672));
#6708 = IFCCARTESIANPOINT ((-0.0252571, -0.00479779, 0.658689));
#6709 = IFCCARTESIANPOINT ((-0.0252571, 0.00319124, 0.659108));
#6710 = IFCCARTESIANPOINT ((0., 0.00345418, 0.65409));
#6706 = IFCPOLYLOOP ((#6707, #6708, #6709, #6710));
#6705 = IFCFACEOUTERBOUND (#6706, .T.);
#6704 = IFCFACE ((#6705));
#6714 = IFCCARTESIANPOINT ((-0.0252571, 0.00319124, 0.659108));
#6715 = IFCCARTESIANPOINT ((-0.046669, 0.00244247, 0.673395));
#6716 = IFCCARTESIANPOINT ((-0.060976, 0.00132186, 0.694778));
#6717 = IFCCARTESIANPOINT ((-0.066, 0., 0.72));
#6718 = IFCCARTESIANPOINT ((-0.060976, -0.00132185, 0.745222));
#6719 = IFCCARTESIANPOINT ((-0.046669, -0.00244247, 0.766605));
#6720 = IFCCARTESIANPOINT ((-0.0252571, -0.00319124, 0.780892));
#6721 = IFCCARTESIANPOINT ((0., -0.00345417, 0.78591));
#6722 = IFCCARTESIANPOINT ((0.0252571, -0.00319124, 0.780892));
#6723 = IFCCARTESIANPOINT ((0.046669, -0.00244247, 0.766605));
#6724 = IFCCARTESIANPOINT ((0.060976, -0.00132185, 0.745222));
#6725 = IFCCARTESIANPOINT ((0.066, 0., 0.72));
#6726 = IFCCARTESIANPOINT ((0.060976, 0.00132186, 0.694778));
#6727 = IFCCARTESIANPOINT ((0.046669, 0.00244247, 0.673395));
#6728 = IFCCARTESIANPOINT ((0.0252571, 0.00319124, 0.659108));
#6729 = IFCCARTESIANPOINT ((0., 0.00345418, 0.65409));
#6713 = IFCPOLYLOOP ((#6714, #6715, #6716, #6717, #6718, #6719, #6720, #6721, #6722, #6723, #6724, #6725, #6726, #6727, #6728, #6729));
#6712 = IFCFACEOUTERBOUND (#6713, .T.);
#6711 = IFCFACE ((#6712));
#6733 = IFCCARTESIANPOINT ((0., -0.00453486, 0.653672));
#6734 = IFCCARTESIANPOINT ((0.0252571, -0.00479779, 0.658689));
#6735 = IFCCARTESIANPOINT ((0.046669, -0.00554657, 0.672976));
#6736 = IFCCARTESIANPOINT ((0.060976, -0.00666718, 0.694359));
#6737 = IFCCARTESIANPOINT ((0.066, -0.00798904, 0.719581));
#6738 = IFCCARTESIANPOINT ((0.060976, -0.00931089, 0.744804));
#6739 = IFCCARTESIANPOINT ((0.046669, -0.0104315, 0.766186));
#6740 = IFCCARTESIANPOINT ((0.0252571, -0.0111803, 0.780474));
#6741 = IFCCARTESIANPOINT ((0., -0.0114432, 0.785491));
#6742 = IFCCARTESIANPOINT ((-0.0252571, -0.0111803, 0.780474));
#6743 = IFCCARTESIANPOINT ((-0.046669, -0.0104315, 0.766186));
#6744 = IFCCARTESIANPOINT ((-0.060976, -0.00931089, 0.744804));
#6745 = IFCCARTESIANPOINT ((-0.066, -0.00798904, 0.719581));
#6746 = IFCCARTESIANPOINT ((-0.060976, -0.00666718, 0.694359));
#6747 = IFCCARTESIANPOINT ((-0.046669, -0.00554657, 0.672976));
#6748 = IFCCARTESIANPOINT ((-0.0252571, -0.00479779, 0.658689));
#6732 = IFCPOLYLOOP ((#6733, #6734, #6735, #6736, #6737, #6738, #6739, #6740, #6741, #6742, #6743, #6744, #6745, #6746, #6747, #6748));
#6731 = IFCFACEOUTERBOUND (#6732, .T.);
#6730 = IFCFACE ((#6731));
#6598 = IFCCLOSEDSHELL ((#6599, #6606, #6613, #6620, #6627, #6634, #6641, #6648, #6655, #6662, #6669, #6676, #6683, #6690, #6697, #6704, #6711, #6730));
#6597 = IFCFACETEDBREP (#6598);
#6754 = IFCCARTESIANPOINT ((-0.0275532, -0.0229823, 0.652185));
#6755 = IFCCARTESIANPOINT ((-0.0509117, -0.0237992, 0.667771));
#6756 = IFCCARTESIANPOINT ((-0.0509117, -0.00532453, 0.668739));
#6757 = IFCCARTESIANPOINT ((-0.0275532, -0.00450769, 0.653153));
#6753 = IFCPOLYLOOP ((#6754, #6755, #6756, #6757));
#6752 = IFCFACEOUTERBOUND (#6753, .T.);
#6751 = IFCFACE ((#6752));
#6761 = IFCCARTESIANPOINT ((-0.0509117, -0.0237992, 0.667771));
#6762 = IFCCARTESIANPOINT ((-0.0665193, -0.0250217, 0.691097));
#6763 = IFCCARTESIANPOINT ((-0.0665193, -0.00654702, 0.692066));
#6764 = IFCCARTESIANPOINT ((-0.0509117, -0.00532453, 0.668739));
#6760 = IFCPOLYLOOP ((#6761, #6762, #6763, #6764));
#6759 = IFCFACEOUTERBOUND (#6760, .T.);
#6758 = IFCFACE ((#6759));
#6768 = IFCCARTESIANPOINT ((-0.0665193, -0.0250217, 0.691097));
#6769 = IFCCARTESIANPOINT ((-0.072, -0.0264637, 0.718613));
#6770 = IFCCARTESIANPOINT ((-0.072, -0.00798904, 0.719581));
#6771 = IFCCARTESIANPOINT ((-0.0665193, -0.00654702, 0.692066));
#6767 = IFCPOLYLOOP ((#6768, #6769, #6770, #6771));
#6766 = IFCFACEOUTERBOUND (#6767, .T.);
#6765 = IFCFACE ((#6766));
#6775 = IFCCARTESIANPOINT ((-0.072, -0.0264637, 0.718613));
#6776 = IFCCARTESIANPOINT ((-0.0665193, -0.0279057, 0.746128));
#6777 = IFCCARTESIANPOINT ((-0.0665193, -0.00943106, 0.747096));
#6778 = IFCCARTESIANPOINT ((-0.072, -0.00798904, 0.719581));
#6774 = IFCPOLYLOOP ((#6775, #6776, #6777, #6778));
#6773 = IFCFACEOUTERBOUND (#6774, .T.);
#6772 = IFCFACE ((#6773));
#6782 = IFCCARTESIANPOINT ((-0.0665193, -0.0279057, 0.746128));
#6783 = IFCCARTESIANPOINT ((-0.0509117, -0.0291282, 0.769455));
#6784 = IFCCARTESIANPOINT ((-0.0509117, -0.0106536, 0.770423));
#6785 = IFCCARTESIANPOINT ((-0.0665193, -0.00943106, 0.747096));
#6781 = IFCPOLYLOOP ((#6782, #6783, #6784, #6785));
#6780 = IFCFACEOUTERBOUND (#6781, .T.);
#6779 = IFCFACE ((#6780));
#6789 = IFCCARTESIANPOINT ((-0.0509117, -0.0291282, 0.769455));
#6790 = IFCCARTESIANPOINT ((-0.0275532, -0.029945, 0.785041));
#6791 = IFCCARTESIANPOINT ((-0.0275532, -0.0114704, 0.786009));
#6792 = IFCCARTESIANPOINT ((-0.0509117, -0.0106536, 0.770423));
#6788 = IFCPOLYLOOP ((#6789, #6790, #6791, #6792));
#6787 = IFCFACEOUTERBOUND (#6788, .T.);
#6786 = IFCFACE ((#6787));
#6796 = IFCCARTESIANPOINT ((-0.0275532, -0.029945, 0.785041));
#6797 = IFCCARTESIANPOINT ((0., -0.0302319, 0.790514));
#6798 = IFCCARTESIANPOINT ((0., -0.0117572, 0.791482));
#6799 = IFCCARTESIANPOINT ((-0.0275532, -0.0114704, 0.786009));
#6795 = IFCPOLYLOOP ((#6796, #6797, #6798, #6799));
#6794 = IFCFACEOUTERBOUND (#6795, .T.);
#6793 = IFCFACE ((#6794));
#6803 = IFCCARTESIANPOINT ((0., -0.0302319, 0.790514));
#6804 = IFCCARTESIANPOINT ((0.0275532, -0.029945, 0.785041));
#6805 = IFCCARTESIANPOINT ((0.0275532, -0.0114704, 0.786009));
#6806 = IFCCARTESIANPOINT ((0., -0.0117572, 0.791482));
#6802 = IFCPOLYLOOP ((#6803, #6804, #6805, #6806));
#6801 = IFCFACEOUTERBOUND (#6802, .T.);
#6800 = IFCFACE ((#6801));
#6810 = IFCCARTESIANPOINT ((0.0275532, -0.029945, 0.785041));
#6811 = IFCCARTESIANPOINT ((0.0509117, -0.0291282, 0.769455));
#6812 = IFCCARTESIANPOINT ((0.0509117, -0.0106536, 0.770423));
#6813 = IFCCARTESIANPOINT ((0.0275532, -0.0114704, 0.786009));
#6809 = IFCPOLYLOOP ((#6810, #6811, #6812, #6813));
#6808 = IFCFACEOUTERBOUND (#6809, .T.);
#6807 = IFCFACE ((#6808));
#6817 = IFCCARTESIANPOINT ((0.0509117, -0.0291282, 0.769455));
#6818 = IFCCARTESIANPOINT ((0.0665193, -0.0279057, 0.746128));
#6819 = IFCCARTESIANPOINT ((0.0665193, -0.00943106, 0.747096));
#6820 = IFCCARTESIANPOINT ((0.0509117, -0.0106536, 0.770423));
#6816 = IFCPOLYLOOP ((#6817, #6818, #6819, #6820));
#6815 = IFCFACEOUTERBOUND (#6816, .T.);
#6814 = IFCFACE ((#6815));
#6824 = IFCCARTESIANPOINT ((0.0665193, -0.0279057, 0.746128));
#6825 = IFCCARTESIANPOINT ((0.072, -0.0264637, 0.718613));
#6826 = IFCCARTESIANPOINT ((0.072, -0.00798904, 0.719581));
#6827 = IFCCARTESIANPOINT ((0.0665193, -0.00943106, 0.747096));
#6823 = IFCPOLYLOOP ((#6824, #6825, #6826, #6827));
#6822 = IFCFACEOUTERBOUND (#6823, .T.);
#6821 = IFCFACE ((#6822));
#6831 = IFCCARTESIANPOINT ((0.072, -0.0264637, 0.718613));
#6832 = IFCCARTESIANPOINT ((0.0665193, -0.0250217, 0.691097));
#6833 = IFCCARTESIANPOINT ((0.0665193, -0.00654702, 0.692066));
#6834 = IFCCARTESIANPOINT ((0.072, -0.00798904, 0.719581));
#6830 = IFCPOLYLOOP ((#6831, #6832, #6833, #6834));
#6829 = IFCFACEOUTERBOUND (#6830, .T.);
#6828 = IFCFACE ((#6829));
#6838 = IFCCARTESIANPOINT ((0.0665193, -0.0250217, 0.691097));
#6839 = IFCCARTESIANPOINT ((0.0509117, -0.0237992, 0.667771));
#6840 = IFCCARTESIANPOINT ((0.0509117, -0.00532453, 0.668739));
#6841 = IFCCARTESIANPOINT ((0.0665193, -0.00654702, 0.692066));
#6837 = IFCPOLYLOOP ((#6838, #6839, #6840, #6841));
#6836 = IFCFACEOUTERBOUND (#6837, .T.);
#6835 = IFCFACE ((#6836));
#6845 = IFCCARTESIANPOINT ((0.0509117, -0.0237992, 0.667771));
#6846 = IFCCARTESIANPOINT ((0.0275532, -0.0229823, 0.652185));
#6847 = IFCCARTESIANPOINT ((0.0275532, -0.00450769, 0.653153));
#6848 = IFCCARTESIANPOINT ((0.0509117, -0.00532453, 0.668739));
#6844 = IFCPOLYLOOP ((#6845, #6846, #6847, #6848));
#6843 = IFCFACEOUTERBOUND (#6844, .T.);
#6842 = IFCFACE ((#6843));
#6852 = IFCCARTESIANPOINT ((0.0275532, -0.0229823, 0.652185));
#6853 = IFCCARTESIANPOINT ((0., -0.0226955, 0.646711));
#6854 = IFCCARTESIANPOINT ((0., -0.00422085, 0.64768));
#6855 = IFCCARTESIANPOINT ((0.0275532, -0.00450769, 0.653153));
#6851 = IFCPOLYLOOP ((#6852, #6853, #6854, #6855));
#6850 = IFCFACEOUTERBOUND (#6851, .T.);
#6849 = IFCFACE ((#6850));
#6859 = IFCCARTESIANPOINT ((0., -0.0226955, 0.646711));
#6860 = IFCCARTESIANPOINT ((-0.0275532, -0.0229823, 0.652185));
#6861 = IFCCARTESIANPOINT ((-0.0275532, -0.00450769, 0.653153));
#6862 = IFCCARTESIANPOINT ((0., -0.00422085, 0.64768));
#6858 = IFCPOLYLOOP ((#6859, #6860, #6861, #6862));
#6857 = IFCFACEOUTERBOUND (#6858, .T.);
#6856 = IFCFACE ((#6857));
#6866 = IFCCARTESIANPOINT ((-0.0275532, -0.00450769, 0.653153));
#6867 = IFCCARTESIANPOINT ((-0.0509117, -0.00532453, 0.668739));
#6868 = IFCCARTESIANPOINT ((-0.0665193, -0.00654702, 0.692066));
#6869 = IFCCARTESIANPOINT ((-0.072, -0.00798904, 0.719581));
#6870 = IFCCARTESIANPOINT ((-0.0665193, -0.00943106, 0.747096));
#6871 = IFCCARTESIANPOINT ((-0.0509117, -0.0106536, 0.770423));
#6872 = IFCCARTESIANPOINT ((-0.0275532, -0.0114704, 0.786009));
#6873 = IFCCARTESIANPOINT ((0., -0.0117572, 0.791482));
#6874 = IFCCARTESIANPOINT ((0.0275532, -0.0114704, 0.786009));
#6875 = IFCCARTESIANPOINT ((0.0509117, -0.0106536, 0.770423));
#6876 = IFCCARTESIANPOINT ((0.0665193, -0.00943106, 0.747096));
#6877 = IFCCARTESIANPOINT ((0.072, -0.00798904, 0.719581));
#6878 = IFCCARTESIANPOINT ((0.0665193, -0.00654702, 0.692066));
#6879 = IFCCARTESIANPOINT ((0.0509117, -0.00532453, 0.668739));
#6880 = IFCCARTESIANPOINT ((0.0275532, -0.00450769, 0.653153));
#6881 = IFCCARTESIANPOINT ((0., -0.00422085, 0.64768));
#6865 = IFCPOLYLOOP ((#6866, #6867, #6868, #6869, #6870, #6871, #6872, #6873, #6874, #6875, #6876, #6877, #6878, #6879, #6880, #6881));
#6864 = IFCFACEOUTERBOUND (#6865, .T.);
#6863 = IFCFACE ((#6864));
#6885 = IFCCARTESIANPOINT ((0., -0.0226955, 0.646711));
#6886 = IFCCARTESIANPOINT ((0.0275532, -0.0229823, 0.652185));
#6887 = IFCCARTESIANPOINT ((0.0509117, -0.0237992, 0.667771));
#6888 = IFCCARTESIANPOINT ((0.0665193, -0.0250217, 0.691097));
#6889 = IFCCARTESIANPOINT ((0.072, -0.0264637, 0.718613));
#6890 = IFCCARTESIANPOINT ((0.0665193, -0.0279057, 0.746128));
#6891 = IFCCARTESIANPOINT ((0.0509117, -0.0291282, 0.769455));
#6892 = IFCCARTESIANPOINT ((0.0275532, -0.029945, 0.785041));
#6893 = IFCCARTESIANPOINT ((0., -0.0302319, 0.790514));
#6894 = IFCCARTESIANPOINT ((-0.0275532, -0.029945, 0.785041));
#6895 = IFCCARTESIANPOINT ((-0.0509117, -0.0291282, 0.769455));
#6896 = IFCCARTESIANPOINT ((-0.0665193, -0.0279057, 0.746128));
#6897 = IFCCARTESIANPOINT ((-0.072, -0.0264637, 0.718613));
#6898 = IFCCARTESIANPOINT ((-0.0665193, -0.0250217, 0.691097));
#6899 = IFCCARTESIANPOINT ((-0.0509117, -0.0237992, 0.667771));
#6900 = IFCCARTESIANPOINT ((-0.0275532, -0.0229823, 0.652185));
#6884 = IFCPOLYLOOP ((#6885, #6886, #6887, #6888, #6889, #6890, #6891, #6892, #6893, #6894, #6895, #6896, #6897, #6898, #6899, #6900));
#6883 = IFCFACEOUTERBOUND (#6884, .T.);
#6882 = IFCFACE ((#6883));
#6750 = IFCCLOSEDSHELL ((#6751, #6758, #6765, #6772, #6779, #6786, #6793, #6800, #6807, #6814, #6821, #6828, #6835, #6842, #6849, #6856, #6863, #6882));
#6749 = IFCFACETEDBREP (#6750);
#6906 = IFCCARTESIANPOINT ((-0.0252571, -0.0617197, 0.655706));
#6907 = IFCCARTESIANPOINT ((-0.046669, -0.0624685, 0.669993));
#6908 = IFCCARTESIANPOINT ((-0.046669, -0.0240212, 0.672008));
#6909 = IFCCARTESIANPOINT ((-0.0252571, -0.0232725, 0.657721));
#6905 = IFCPOLYLOOP ((#6906, #6907, #6908, #6909));
#6904 = IFCFACEOUTERBOUND (#6905, .T.);
#6903 = IFCFACE ((#6904));
#6913 = IFCCARTESIANPOINT ((-0.046669, -0.0624685, 0.669993));
#6914 = IFCCARTESIANPOINT ((-0.0609761, -0.0635891, 0.691376));
#6915 = IFCCARTESIANPOINT ((-0.0609761, -0.0251418, 0.693391));
#6916 = IFCCARTESIANPOINT ((-0.046669, -0.0240212, 0.672008));
#6912 = IFCPOLYLOOP ((#6913, #6914, #6915, #6916));
#6911 = IFCFACEOUTERBOUND (#6912, .T.);
#6910 = IFCFACE ((#6911));
#6920 = IFCCARTESIANPOINT ((-0.0609761, -0.0635891, 0.691376));
#6921 = IFCCARTESIANPOINT ((-0.066, -0.0649109, 0.716598));
#6922 = IFCCARTESIANPOINT ((-0.066, -0.0264637, 0.718613));
#6923 = IFCCARTESIANPOINT ((-0.0609761, -0.0251418, 0.693391));
#6919 = IFCPOLYLOOP ((#6920, #6921, #6922, #6923));
#6918 = IFCFACEOUTERBOUND (#6919, .T.);
#6917 = IFCFACE ((#6918));
#6927 = IFCCARTESIANPOINT ((-0.066, -0.0649109, 0.716598));
#6928 = IFCCARTESIANPOINT ((-0.0609761, -0.0662328, 0.741821));
#6929 = IFCCARTESIANPOINT ((-0.0609761, -0.0277856, 0.743835));
#6930 = IFCCARTESIANPOINT ((-0.066, -0.0264637, 0.718613));
#6926 = IFCPOLYLOOP ((#6927, #6928, #6929, #6930));
#6925 = IFCFACEOUTERBOUND (#6926, .T.);
#6924 = IFCFACE ((#6925));
#6934 = IFCCARTESIANPOINT ((-0.0609761, -0.0662328, 0.741821));
#6935 = IFCCARTESIANPOINT ((-0.046669, -0.0673534, 0.763203));
#6936 = IFCCARTESIANPOINT ((-0.046669, -0.0289062, 0.765218));
#6937 = IFCCARTESIANPOINT ((-0.0609761, -0.0277856, 0.743835));
#6933 = IFCPOLYLOOP ((#6934, #6935, #6936, #6937));
#6932 = IFCFACEOUTERBOUND (#6933, .T.);
#6931 = IFCFACE ((#6932));
#6941 = IFCCARTESIANPOINT ((-0.046669, -0.0673534, 0.763203));
#6942 = IFCCARTESIANPOINT ((-0.0252571, -0.0681022, 0.777491));
#6943 = IFCCARTESIANPOINT ((-0.0252571, -0.0296549, 0.779505));
#6944 = IFCCARTESIANPOINT ((-0.046669, -0.0289062, 0.765218));
#6940 = IFCPOLYLOOP ((#6941, #6942, #6943, #6944));
#6939 = IFCFACEOUTERBOUND (#6940, .T.);
#6938 = IFCFACE ((#6939));
#6948 = IFCCARTESIANPOINT ((-0.0252571, -0.0681022, 0.777491));
#6949 = IFCCARTESIANPOINT ((0., -0.0683651, 0.782508));
#6950 = IFCCARTESIANPOINT ((0., -0.0299179, 0.784523));
#6951 = IFCCARTESIANPOINT ((-0.0252571, -0.0296549, 0.779505));
#6947 = IFCPOLYLOOP ((#6948, #6949, #6950, #6951));
#6946 = IFCFACEOUTERBOUND (#6947, .T.);
#6945 = IFCFACE ((#6946));
#6955 = IFCCARTESIANPOINT ((0., -0.0683651, 0.782508));
#6956 = IFCCARTESIANPOINT ((0.0252571, -0.0681022, 0.777491));
#6957 = IFCCARTESIANPOINT ((0.0252571, -0.0296549, 0.779505));
#6958 = IFCCARTESIANPOINT ((0., -0.0299179, 0.784523));
#6954 = IFCPOLYLOOP ((#6955, #6956, #6957, #6958));
#6953 = IFCFACEOUTERBOUND (#6954, .T.);
#6952 = IFCFACE ((#6953));
#6962 = IFCCARTESIANPOINT ((0.0252571, -0.0681022, 0.777491));
#6963 = IFCCARTESIANPOINT ((0.046669, -0.0673534, 0.763203));
#6964 = IFCCARTESIANPOINT ((0.046669, -0.0289062, 0.765218));
#6965 = IFCCARTESIANPOINT ((0.0252571, -0.0296549, 0.779505));
#6961 = IFCPOLYLOOP ((#6962, #6963, #6964, #6965));
#6960 = IFCFACEOUTERBOUND (#6961, .T.);
#6959 = IFCFACE ((#6960));
#6969 = IFCCARTESIANPOINT ((0.046669, -0.0673534, 0.763203));
#6970 = IFCCARTESIANPOINT ((0.060976, -0.0662328, 0.741821));
#6971 = IFCCARTESIANPOINT ((0.060976, -0.0277856, 0.743835));
#6972 = IFCCARTESIANPOINT ((0.046669, -0.0289062, 0.765218));
#6968 = IFCPOLYLOOP ((#6969, #6970, #6971, #6972));
#6967 = IFCFACEOUTERBOUND (#6968, .T.);
#6966 = IFCFACE ((#6967));
#6976 = IFCCARTESIANPOINT ((0.060976, -0.0662328, 0.741821));
#6977 = IFCCARTESIANPOINT ((0.066, -0.0649109, 0.716598));
#6978 = IFCCARTESIANPOINT ((0.066, -0.0264637, 0.718613));
#6979 = IFCCARTESIANPOINT ((0.060976, -0.0277856, 0.743835));
#6975 = IFCPOLYLOOP ((#6976, #6977, #6978, #6979));
#6974 = IFCFACEOUTERBOUND (#6975, .T.);
#6973 = IFCFACE ((#6974));
#6983 = IFCCARTESIANPOINT ((0.066, -0.0649109, 0.716598));
#6984 = IFCCARTESIANPOINT ((0.060976, -0.0635891, 0.691376));
#6985 = IFCCARTESIANPOINT ((0.060976, -0.0251418, 0.693391));
#6986 = IFCCARTESIANPOINT ((0.066, -0.0264637, 0.718613));
#6982 = IFCPOLYLOOP ((#6983, #6984, #6985, #6986));
#6981 = IFCFACEOUTERBOUND (#6982, .T.);
#6980 = IFCFACE ((#6981));
#6990 = IFCCARTESIANPOINT ((0.060976, -0.0635891, 0.691376));
#6991 = IFCCARTESIANPOINT ((0.046669, -0.0624685, 0.669993));
#6992 = IFCCARTESIANPOINT ((0.046669, -0.0240212, 0.672008));
#6993 = IFCCARTESIANPOINT ((0.060976, -0.0251418, 0.693391));
#6989 = IFCPOLYLOOP ((#6990, #6991, #6992, #6993));
#6988 = IFCFACEOUTERBOUND (#6989, .T.);
#6987 = IFCFACE ((#6988));
#6997 = IFCCARTESIANPOINT ((0.046669, -0.0624685, 0.669993));
#6998 = IFCCARTESIANPOINT ((0.0252571, -0.0617197, 0.655706));
#6999 = IFCCARTESIANPOINT ((0.0252571, -0.0232725, 0.657721));
#7000 = IFCCARTESIANPOINT ((0.046669, -0.0240212, 0.672008));
#6996 = IFCPOLYLOOP ((#6997, #6998, #6999, #7000));
#6995 = IFCFACEOUTERBOUND (#6996, .T.);
#6994 = IFCFACE ((#6995));
#7004 = IFCCARTESIANPOINT ((0.0252571, -0.0617197, 0.655706));
#7005 = IFCCARTESIANPOINT ((0., -0.0614568, 0.650689));
#7006 = IFCCARTESIANPOINT ((0., -0.0230095, 0.652703));
#7007 = IFCCARTESIANPOINT ((0.0252571, -0.0232725, 0.657721));
#7003 = IFCPOLYLOOP ((#7004, #7005, #7006, #7007));
#7002 = IFCFACEOUTERBOUND (#7003, .T.);
#7001 = IFCFACE ((#7002));
#7011 = IFCCARTESIANPOINT ((0., -0.0614568, 0.650689));
#7012 = IFCCARTESIANPOINT ((-0.0252571, -0.0617197, 0.655706));
#7013 = IFCCARTESIANPOINT ((-0.0252571, -0.0232725, 0.657721));
#7014 = IFCCARTESIANPOINT ((0., -0.0230095, 0.652703));
#7010 = IFCPOLYLOOP ((#7011, #7012, #7013, #7014));
#7009 = IFCFACEOUTERBOUND (#7010, .T.);
#7008 = IFCFACE ((#7009));
#7018 = IFCCARTESIANPOINT ((-0.0252571, -0.0232725, 0.657721));
#7019 = IFCCARTESIANPOINT ((-0.046669, -0.0240212, 0.672008));
#7020 = IFCCARTESIANPOINT ((-0.0609761, -0.0251418, 0.693391));
#7021 = IFCCARTESIANPOINT ((-0.066, -0.0264637, 0.718613));
#7022 = IFCCARTESIANPOINT ((-0.0609761, -0.0277856, 0.743835));
#7023 = IFCCARTESIANPOINT ((-0.046669, -0.0289062, 0.765218));
#7024 = IFCCARTESIANPOINT ((-0.0252571, -0.0296549, 0.779505));
#7025 = IFCCARTESIANPOINT ((0., -0.0299179, 0.784523));
#7026 = IFCCARTESIANPOINT ((0.0252571, -0.0296549, 0.779505));
#7027 = IFCCARTESIANPOINT ((0.046669, -0.0289062, 0.765218));
#7028 = IFCCARTESIANPOINT ((0.060976, -0.0277856, 0.743835));
#7029 = IFCCARTESIANPOINT ((0.066, -0.0264637, 0.718613));
#7030 = IFCCARTESIANPOINT ((0.060976, -0.0251418, 0.693391));
#7031 = IFCCARTESIANPOINT ((0.046669, -0.0240212, 0.672008));
#7032 = IFCCARTESIANPOINT ((0.0252571, -0.0232725, 0.657721));
#7033 = IFCCARTESIANPOINT ((0., -0.0230095, 0.652703));
#7017 = IFCPOLYLOOP ((#7018, #7019, #7020, #7021, #7022, #7023, #7024, #7025, #7026, #7027, #7028, #7029, #7030, #7031, #7032, #7033));
#7016 = IFCFACEOUTERBOUND (#7017, .T.);
#7015 = IFCFACE ((#7016));
#7037 = IFCCARTESIANPOINT ((0., -0.0614568, 0.650689));
#7038 = IFCCARTESIANPOINT ((0.0252571, -0.0617197, 0.655706));
#7039 = IFCCARTESIANPOINT ((0.046669, -0.0624685, 0.669993));
#7040 = IFCCARTESIANPOINT ((0.060976, -0.0635891, 0.691376));
#7041 = IFCCARTESIANPOINT ((0.066, -0.0649109, 0.716598));
#7042 = IFCCARTESIANPOINT ((0.060976, -0.0662328, 0.741821));
#7043 = IFCCARTESIANPOINT ((0.046669, -0.0673534, 0.763203));
#7044 = IFCCARTESIANPOINT ((0.0252571, -0.0681022, 0.777491));
#7045 = IFCCARTESIANPOINT ((0., -0.0683651, 0.782508));
#7046 = IFCCARTESIANPOINT ((-0.0252571, -0.0681022, 0.777491));
#7047 = IFCCARTESIANPOINT ((-0.046669, -0.0673534, 0.763203));
#7048 = IFCCARTESIANPOINT ((-0.0609761, -0.0662328, 0.741821));
#7049 = IFCCARTESIANPOINT ((-0.066, -0.0649109, 0.716598));
#7050 = IFCCARTESIANPOINT ((-0.0609761, -0.0635891, 0.691376));
#7051 = IFCCARTESIANPOINT ((-0.046669, -0.0624685, 0.669993));
#7052 = IFCCARTESIANPOINT ((-0.0252571, -0.0617197, 0.655706));
#7036 = IFCPOLYLOOP ((#7037, #7038, #7039, #7040, #7041, #7042, #7043, #7044, #7045, #7046, #7047, #7048, #7049, #7050, #7051, #7052));
#7035 = IFCFACEOUTERBOUND (#7036, .T.);
#7034 = IFCFACE ((#7035));
#6902 = IFCCLOSEDSHELL ((#6903, #6910, #6917, #6924, #6931, #6938, #6945, #6952, #6959, #6966, #6973, #6980, #6987, #6994, #7001, #7008, #7015, #7034));
#6901 = IFCFACETEDBREP (#6902);
#7058 = IFCCARTESIANPOINT ((-0.0567816, -0.262111, 0.867977));
#7059 = IFCCARTESIANPOINT ((-0.0434588, -0.28205, 0.867977));
#7060 = IFCCARTESIANPOINT ((-0.0434588, -0.28205, 0.886847));
#7061 = IFCCARTESIANPOINT ((-0.0567816, -0.262111, 0.886847));
#7057 = IFCPOLYLOOP ((#7058, #7059, #7060, #7061));
#7056 = IFCFACEOUTERBOUND (#7057, .T.);
#7055 = IFCFACE ((#7056));
#7065 = IFCCARTESIANPOINT ((-0.0434588, -0.28205, 0.867977));
#7066 = IFCCARTESIANPOINT ((-0.0235197, -0.295373, 0.867977));
#7067 = IFCCARTESIANPOINT ((-0.0235197, -0.295373, 0.886847));
#7068 = IFCCARTESIANPOINT ((-0.0434588, -0.28205, 0.886847));
#7064 = IFCPOLYLOOP ((#7065, #7066, #7067, #7068));
#7063 = IFCFACEOUTERBOUND (#7064, .T.);
#7062 = IFCFACE ((#7063));
#7072 = IFCCARTESIANPOINT ((-0.0235197, -0.295373, 0.867977));
#7073 = IFCCARTESIANPOINT ((0., -0.300051, 0.867977));
#7074 = IFCCARTESIANPOINT ((0., -0.300051, 0.886847));
#7075 = IFCCARTESIANPOINT ((-0.0235197, -0.295373, 0.886847));
#7071 = IFCPOLYLOOP ((#7072, #7073, #7074, #7075));
#7070 = IFCFACEOUTERBOUND (#7071, .T.);
#7069 = IFCFACE ((#7070));
#7079 = IFCCARTESIANPOINT ((0., -0.300051, 0.867977));
#7080 = IFCCARTESIANPOINT ((0.0235197, -0.295373, 0.867977));
#7081 = IFCCARTESIANPOINT ((0.0235197, -0.295373, 0.886847));
#7082 = IFCCARTESIANPOINT ((0., -0.300051, 0.886847));
#7078 = IFCPOLYLOOP ((#7079, #7080, #7081, #7082));
#7077 = IFCFACEOUTERBOUND (#7078, .T.);
#7076 = IFCFACE ((#7077));
#7086 = IFCCARTESIANPOINT ((0.0235197, -0.295373, 0.867977));
#7087 = IFCCARTESIANPOINT ((0.0434588, -0.28205, 0.867977));
#7088 = IFCCARTESIANPOINT ((0.0434588, -0.28205, 0.886847));
#7089 = IFCCARTESIANPOINT ((0.0235197, -0.295373, 0.886847));
#7085 = IFCPOLYLOOP ((#7086, #7087, #7088, #7089));
#7084 = IFCFACEOUTERBOUND (#7085, .T.);
#7083 = IFCFACE ((#7084));
#7093 = IFCCARTESIANPOINT ((0.0434588, -0.28205, 0.867977));
#7094 = IFCCARTESIANPOINT ((0.0567816, -0.262111, 0.867977));
#7095 = IFCCARTESIANPOINT ((0.0567816, -0.262111, 0.886847));
#7096 = IFCCARTESIANPOINT ((0.0434588, -0.28205, 0.886847));
#7092 = IFCPOLYLOOP ((#7093, #7094, #7095, #7096));
#7091 = IFCFACEOUTERBOUND (#7092, .T.);
#7090 = IFCFACE ((#7091));
#7100 = IFCCARTESIANPOINT ((0.0567816, -0.262111, 0.867977));
#7101 = IFCCARTESIANPOINT ((0.06146, -0.238591, 0.867977));
#7102 = IFCCARTESIANPOINT ((0.06146, -0.238591, 0.886847));
#7103 = IFCCARTESIANPOINT ((0.0567816, -0.262111, 0.886847));
#7099 = IFCPOLYLOOP ((#7100, #7101, #7102, #7103));
#7098 = IFCFACEOUTERBOUND (#7099, .T.);
#7097 = IFCFACE ((#7098));
#7107 = IFCCARTESIANPOINT ((0.06146, -0.238591, 0.867977));
#7108 = IFCCARTESIANPOINT ((0.0567816, -0.215071, 0.867977));
#7109 = IFCCARTESIANPOINT ((0.0567816, -0.215071, 0.886847));
#7110 = IFCCARTESIANPOINT ((0.06146, -0.238591, 0.886847));
#7106 = IFCPOLYLOOP ((#7107, #7108, #7109, #7110));
#7105 = IFCFACEOUTERBOUND (#7106, .T.);
#7104 = IFCFACE ((#7105));
#7114 = IFCCARTESIANPOINT ((0.0567816, -0.215071, 0.867977));
#7115 = IFCCARTESIANPOINT ((0.0434588, -0.195132, 0.867977));
#7116 = IFCCARTESIANPOINT ((0.0434588, -0.195132, 0.886847));
#7117 = IFCCARTESIANPOINT ((0.0567816, -0.215071, 0.886847));
#7113 = IFCPOLYLOOP ((#7114, #7115, #7116, #7117));
#7112 = IFCFACEOUTERBOUND (#7113, .T.);
#7111 = IFCFACE ((#7112));
#7121 = IFCCARTESIANPOINT ((0.0434588, -0.195132, 0.867977));
#7122 = IFCCARTESIANPOINT ((0.0235197, -0.181809, 0.867977));
#7123 = IFCCARTESIANPOINT ((0.0235197, -0.181809, 0.886847));
#7124 = IFCCARTESIANPOINT ((0.0434588, -0.195132, 0.886847));
#7120 = IFCPOLYLOOP ((#7121, #7122, #7123, #7124));
#7119 = IFCFACEOUTERBOUND (#7120, .T.);
#7118 = IFCFACE ((#7119));
#7128 = IFCCARTESIANPOINT ((0.0235197, -0.181809, 0.867977));
#7129 = IFCCARTESIANPOINT ((0., -0.177131, 0.867977));
#7130 = IFCCARTESIANPOINT ((0., -0.177131, 0.886847));
#7131 = IFCCARTESIANPOINT ((0.0235197, -0.181809, 0.886847));
#7127 = IFCPOLYLOOP ((#7128, #7129, #7130, #7131));
#7126 = IFCFACEOUTERBOUND (#7127, .T.);
#7125 = IFCFACE ((#7126));
#7135 = IFCCARTESIANPOINT ((0., -0.177131, 0.867977));
#7136 = IFCCARTESIANPOINT ((-0.0235197, -0.181809, 0.867977));
#7137 = IFCCARTESIANPOINT ((-0.0235197, -0.181809, 0.886847));
#7138 = IFCCARTESIANPOINT ((0., -0.177131, 0.886847));
#7134 = IFCPOLYLOOP ((#7135, #7136, #7137, #7138));
#7133 = IFCFACEOUTERBOUND (#7134, .T.);
#7132 = IFCFACE ((#7133));
#7142 = IFCCARTESIANPOINT ((-0.0235197, -0.181809, 0.867977));
#7143 = IFCCARTESIANPOINT ((-0.0434588, -0.195132, 0.867977));
#7144 = IFCCARTESIANPOINT ((-0.0434588, -0.195132, 0.886847));
#7145 = IFCCARTESIANPOINT ((-0.0235197, -0.181809, 0.886847));
#7141 = IFCPOLYLOOP ((#7142, #7143, #7144, #7145));
#7140 = IFCFACEOUTERBOUND (#7141, .T.);
#7139 = IFCFACE ((#7140));
#7149 = IFCCARTESIANPOINT ((-0.0434588, -0.195132, 0.867977));
#7150 = IFCCARTESIANPOINT ((-0.0567816, -0.215071, 0.867977));
#7151 = IFCCARTESIANPOINT ((-0.0567816, -0.215071, 0.886847));
#7152 = IFCCARTESIANPOINT ((-0.0434588, -0.195132, 0.886847));
#7148 = IFCPOLYLOOP ((#7149, #7150, #7151, #7152));
#7147 = IFCFACEOUTERBOUND (#7148, .T.);
#7146 = IFCFACE ((#7147));
#7156 = IFCCARTESIANPOINT ((-0.0567816, -0.215071, 0.867977));
#7157 = IFCCARTESIANPOINT ((-0.06146, -0.238591, 0.867977));
#7158 = IFCCARTESIANPOINT ((-0.06146, -0.238591, 0.886847));
#7159 = IFCCARTESIANPOINT ((-0.0567816, -0.215071, 0.886847));
#7155 = IFCPOLYLOOP ((#7156, #7157, #7158, #7159));
#7154 = IFCFACEOUTERBOUND (#7155, .T.);
#7153 = IFCFACE ((#7154));
#7163 = IFCCARTESIANPOINT ((-0.06146, -0.238591, 0.867977));
#7164 = IFCCARTESIANPOINT ((-0.0567816, -0.262111, 0.867977));
#7165 = IFCCARTESIANPOINT ((-0.0567816, -0.262111, 0.886847));
#7166 = IFCCARTESIANPOINT ((-0.06146, -0.238591, 0.886847));
#7162 = IFCPOLYLOOP ((#7163, #7164, #7165, #7166));
#7161 = IFCFACEOUTERBOUND (#7162, .T.);
#7160 = IFCFACE ((#7161));
#7170 = IFCCARTESIANPOINT ((-0.0567816, -0.262111, 0.886847));
#7171 = IFCCARTESIANPOINT ((-0.0434588, -0.28205, 0.886847));
#7172 = IFCCARTESIANPOINT ((-0.0235197, -0.295373, 0.886847));
#7173 = IFCCARTESIANPOINT ((0., -0.300051, 0.886847));
#7174 = IFCCARTESIANPOINT ((0.0235197, -0.295373, 0.886847));
#7175 = IFCCARTESIANPOINT ((0.0434588, -0.28205, 0.886847));
#7176 = IFCCARTESIANPOINT ((0.0567816, -0.262111, 0.886847));
#7177 = IFCCARTESIANPOINT ((0.06146, -0.238591, 0.886847));
#7178 = IFCCARTESIANPOINT ((0.0567816, -0.215071, 0.886847));
#7179 = IFCCARTESIANPOINT ((0.0434588, -0.195132, 0.886847));
#7180 = IFCCARTESIANPOINT ((0.0235197, -0.181809, 0.886847));
#7181 = IFCCARTESIANPOINT ((0., -0.177131, 0.886847));
#7182 = IFCCARTESIANPOINT ((-0.0235197, -0.181809, 0.886847));
#7183 = IFCCARTESIANPOINT ((-0.0434588, -0.195132, 0.886847));
#7184 = IFCCARTESIANPOINT ((-0.0567816, -0.215071, 0.886847));
#7185 = IFCCARTESIANPOINT ((-0.06146, -0.238591, 0.886847));
#7169 = IFCPOLYLOOP ((#7170, #7171, #7172, #7173, #7174, #7175, #7176, #7177, #7178, #7179, #7180, #7181, #7182, #7183, #7184, #7185));
#7168 = IFCFACEOUTERBOUND (#7169, .T.);
#7167 = IFCFACE ((#7168));
#7189 = IFCCARTESIANPOINT ((-0.06146, -0.238591, 0.867977));
#7190 = IFCCARTESIANPOINT ((-0.0567816, -0.215071, 0.867977));
#7191 = IFCCARTESIANPOINT ((-0.0434588, -0.195132, 0.867977));
#7192 = IFCCARTESIANPOINT ((-0.0235197, -0.181809, 0.867977));
#7193 = IFCCARTESIANPOINT ((0., -0.177131, 0.867977));
#7194 = IFCCARTESIANPOINT ((0.0235197, -0.181809, 0.867977));
#7195 = IFCCARTESIANPOINT ((0.0434588, -0.195132, 0.867977));
#7196 = IFCCARTESIANPOINT ((0.0567816, -0.215071, 0.867977));
#7197 = IFCCARTESIANPOINT ((0.06146, -0.238591, 0.867977));
#7198 = IFCCARTESIANPOINT ((0.0567816, -0.262111, 0.867977));
#7199 = IFCCARTESIANPOINT ((0.0434588, -0.28205, 0.867977));
#7200 = IFCCARTESIANPOINT ((0.0235197, -0.295373, 0.867977));
#7201 = IFCCARTESIANPOINT ((0., -0.300051, 0.867977));
#7202 = IFCCARTESIANPOINT ((-0.0235197, -0.295373, 0.867977));
#7203 = IFCCARTESIANPOINT ((-0.0434588, -0.28205, 0.867977));
#7204 = IFCCARTESIANPOINT ((-0.0567816, -0.262111, 0.867977));
#7188 = IFCPOLYLOOP ((#7189, #7190, #7191, #7192, #7193, #7194, #7195, #7196, #7197, #7198, #7199, #7200, #7201, #7202, #7203, #7204));
#7187 = IFCFACEOUTERBOUND (#7188, .T.);
#7186 = IFCFACE ((#7187));
#7054 = IFCCLOSEDSHELL ((#7055, #7062, #7069, #7076, #7083, #7090, #7097, #7104, #7111, #7118, #7125, #7132, #7139, #7146, #7153, #7160, #7167, #7186));
#7053 = IFCFACETEDBREP (#7054);
#7210 = IFCCARTESIANPOINT ((-0.0609761, -0.263848, 0.859977));
#7211 = IFCCARTESIANPOINT ((-0.046669, -0.28526, 0.859977));
#7212 = IFCCARTESIANPOINT ((-0.046669, -0.28526, 0.867977));
#7213 = IFCCARTESIANPOINT ((-0.0609761, -0.263848, 0.867977));
#7209 = IFCPOLYLOOP ((#7210, #7211, #7212, #7213));
#7208 = IFCFACEOUTERBOUND (#7209, .T.);
#7207 = IFCFACE ((#7208));
#7217 = IFCCARTESIANPOINT ((-0.046669, -0.28526, 0.859977));
#7218 = IFCCARTESIANPOINT ((-0.0252571, -0.299567, 0.859977));
#7219 = IFCCARTESIANPOINT ((-0.0252571, -0.299567, 0.867977));
#7220 = IFCCARTESIANPOINT ((-0.046669, -0.28526, 0.867977));
#7216 = IFCPOLYLOOP ((#7217, #7218, #7219, #7220));
#7215 = IFCFACEOUTERBOUND (#7216, .T.);
#7214 = IFCFACE ((#7215));
#7224 = IFCCARTESIANPOINT ((-0.0252571, -0.299567, 0.859977));
#7225 = IFCCARTESIANPOINT ((0., -0.304591, 0.859977));
#7226 = IFCCARTESIANPOINT ((0., -0.304591, 0.867977));
#7227 = IFCCARTESIANPOINT ((-0.0252571, -0.299567, 0.867977));
#7223 = IFCPOLYLOOP ((#7224, #7225, #7226, #7227));
#7222 = IFCFACEOUTERBOUND (#7223, .T.);
#7221 = IFCFACE ((#7222));
#7231 = IFCCARTESIANPOINT ((0., -0.304591, 0.859977));
#7232 = IFCCARTESIANPOINT ((0.0252571, -0.299567, 0.859977));
#7233 = IFCCARTESIANPOINT ((0.0252571, -0.299567, 0.867977));
#7234 = IFCCARTESIANPOINT ((0., -0.304591, 0.867977));
#7230 = IFCPOLYLOOP ((#7231, #7232, #7233, #7234));
#7229 = IFCFACEOUTERBOUND (#7230, .T.);
#7228 = IFCFACE ((#7229));
#7238 = IFCCARTESIANPOINT ((0.0252571, -0.299567, 0.859977));
#7239 = IFCCARTESIANPOINT ((0.046669, -0.28526, 0.859977));
#7240 = IFCCARTESIANPOINT ((0.046669, -0.28526, 0.867977));
#7241 = IFCCARTESIANPOINT ((0.0252571, -0.299567, 0.867977));
#7237 = IFCPOLYLOOP ((#7238, #7239, #7240, #7241));
#7236 = IFCFACEOUTERBOUND (#7237, .T.);
#7235 = IFCFACE ((#7236));
#7245 = IFCCARTESIANPOINT ((0.046669, -0.28526, 0.859977));
#7246 = IFCCARTESIANPOINT ((0.060976, -0.263848, 0.859977));
#7247 = IFCCARTESIANPOINT ((0.060976, -0.263848, 0.867977));
#7248 = IFCCARTESIANPOINT ((0.046669, -0.28526, 0.867977));
#7244 = IFCPOLYLOOP ((#7245, #7246, #7247, #7248));
#7243 = IFCFACEOUTERBOUND (#7244, .T.);
#7242 = IFCFACE ((#7243));
#7252 = IFCCARTESIANPOINT ((0.060976, -0.263848, 0.859977));
#7253 = IFCCARTESIANPOINT ((0.066, -0.238591, 0.859977));
#7254 = IFCCARTESIANPOINT ((0.066, -0.238591, 0.867977));
#7255 = IFCCARTESIANPOINT ((0.060976, -0.263848, 0.867977));
#7251 = IFCPOLYLOOP ((#7252, #7253, #7254, #7255));
#7250 = IFCFACEOUTERBOUND (#7251, .T.);
#7249 = IFCFACE ((#7250));
#7259 = IFCCARTESIANPOINT ((0.066, -0.238591, 0.859977));
#7260 = IFCCARTESIANPOINT ((0.060976, -0.213334, 0.859977));
#7261 = IFCCARTESIANPOINT ((0.060976, -0.213334, 0.867977));
#7262 = IFCCARTESIANPOINT ((0.066, -0.238591, 0.867977));
#7258 = IFCPOLYLOOP ((#7259, #7260, #7261, #7262));
#7257 = IFCFACEOUTERBOUND (#7258, .T.);
#7256 = IFCFACE ((#7257));
#7266 = IFCCARTESIANPOINT ((0.060976, -0.213334, 0.859977));
#7267 = IFCCARTESIANPOINT ((0.046669, -0.191922, 0.859977));
#7268 = IFCCARTESIANPOINT ((0.046669, -0.191922, 0.867977));
#7269 = IFCCARTESIANPOINT ((0.060976, -0.213334, 0.867977));
#7265 = IFCPOLYLOOP ((#7266, #7267, #7268, #7269));
#7264 = IFCFACEOUTERBOUND (#7265, .T.);
#7263 = IFCFACE ((#7264));
#7273 = IFCCARTESIANPOINT ((0.046669, -0.191922, 0.859977));
#7274 = IFCCARTESIANPOINT ((0.0252571, -0.177615, 0.859977));
#7275 = IFCCARTESIANPOINT ((0.0252571, -0.177615, 0.867977));
#7276 = IFCCARTESIANPOINT ((0.046669, -0.191922, 0.867977));
#7272 = IFCPOLYLOOP ((#7273, #7274, #7275, #7276));
#7271 = IFCFACEOUTERBOUND (#7272, .T.);
#7270 = IFCFACE ((#7271));
#7280 = IFCCARTESIANPOINT ((0.0252571, -0.177615, 0.859977));
#7281 = IFCCARTESIANPOINT ((0., -0.172591, 0.859977));
#7282 = IFCCARTESIANPOINT ((0., -0.172591, 0.867977));
#7283 = IFCCARTESIANPOINT ((0.0252571, -0.177615, 0.867977));
#7279 = IFCPOLYLOOP ((#7280, #7281, #7282, #7283));
#7278 = IFCFACEOUTERBOUND (#7279, .T.);
#7277 = IFCFACE ((#7278));
#7287 = IFCCARTESIANPOINT ((0., -0.172591, 0.859977));
#7288 = IFCCARTESIANPOINT ((-0.0252571, -0.177615, 0.859977));
#7289 = IFCCARTESIANPOINT ((-0.0252571, -0.177615, 0.867977));
#7290 = IFCCARTESIANPOINT ((0., -0.172591, 0.867977));
#7286 = IFCPOLYLOOP ((#7287, #7288, #7289, #7290));
#7285 = IFCFACEOUTERBOUND (#7286, .T.);
#7284 = IFCFACE ((#7285));
#7294 = IFCCARTESIANPOINT ((-0.0252571, -0.177615, 0.859977));
#7295 = IFCCARTESIANPOINT ((-0.046669, -0.191922, 0.859977));
#7296 = IFCCARTESIANPOINT ((-0.046669, -0.191922, 0.867977));
#7297 = IFCCARTESIANPOINT ((-0.0252571, -0.177615, 0.867977));
#7293 = IFCPOLYLOOP ((#7294, #7295, #7296, #7297));
#7292 = IFCFACEOUTERBOUND (#7293, .T.);
#7291 = IFCFACE ((#7292));
#7301 = IFCCARTESIANPOINT ((-0.046669, -0.191922, 0.859977));
#7302 = IFCCARTESIANPOINT ((-0.0609761, -0.213334, 0.859977));
#7303 = IFCCARTESIANPOINT ((-0.0609761, -0.213334, 0.867977));
#7304 = IFCCARTESIANPOINT ((-0.046669, -0.191922, 0.867977));
#7300 = IFCPOLYLOOP ((#7301, #7302, #7303, #7304));
#7299 = IFCFACEOUTERBOUND (#7300, .T.);
#7298 = IFCFACE ((#7299));
#7308 = IFCCARTESIANPOINT ((-0.0609761, -0.213334, 0.859977));
#7309 = IFCCARTESIANPOINT ((-0.066, -0.238591, 0.859977));
#7310 = IFCCARTESIANPOINT ((-0.066, -0.238591, 0.867977));
#7311 = IFCCARTESIANPOINT ((-0.0609761, -0.213334, 0.867977));
#7307 = IFCPOLYLOOP ((#7308, #7309, #7310, #7311));
#7306 = IFCFACEOUTERBOUND (#7307, .T.);
#7305 = IFCFACE ((#7306));
#7315 = IFCCARTESIANPOINT ((-0.066, -0.238591, 0.859977));
#7316 = IFCCARTESIANPOINT ((-0.0609761, -0.263848, 0.859977));
#7317 = IFCCARTESIANPOINT ((-0.0609761, -0.263848, 0.867977));
#7318 = IFCCARTESIANPOINT ((-0.066, -0.238591, 0.867977));
#7314 = IFCPOLYLOOP ((#7315, #7316, #7317, #7318));
#7313 = IFCFACEOUTERBOUND (#7314, .T.);
#7312 = IFCFACE ((#7313));
#7322 = IFCCARTESIANPOINT ((-0.0609761, -0.263848, 0.867977));
#7323 = IFCCARTESIANPOINT ((-0.046669, -0.28526, 0.867977));
#7324 = IFCCARTESIANPOINT ((-0.0252571, -0.299567, 0.867977));
#7325 = IFCCARTESIANPOINT ((0., -0.304591, 0.867977));
#7326 = IFCCARTESIANPOINT ((0.0252571, -0.299567, 0.867977));
#7327 = IFCCARTESIANPOINT ((0.046669, -0.28526, 0.867977));
#7328 = IFCCARTESIANPOINT ((0.060976, -0.263848, 0.867977));
#7329 = IFCCARTESIANPOINT ((0.066, -0.238591, 0.867977));
#7330 = IFCCARTESIANPOINT ((0.060976, -0.213334, 0.867977));
#7331 = IFCCARTESIANPOINT ((0.046669, -0.191922, 0.867977));
#7332 = IFCCARTESIANPOINT ((0.0252571, -0.177615, 0.867977));
#7333 = IFCCARTESIANPOINT ((0., -0.172591, 0.867977));
#7334 = IFCCARTESIANPOINT ((-0.0252571, -0.177615, 0.867977));
#7335 = IFCCARTESIANPOINT ((-0.046669, -0.191922, 0.867977));
#7336 = IFCCARTESIANPOINT ((-0.0609761, -0.213334, 0.867977));
#7337 = IFCCARTESIANPOINT ((-0.066, -0.238591, 0.867977));
#7321 = IFCPOLYLOOP ((#7322, #7323, #7324, #7325, #7326, #7327, #7328, #7329, #7330, #7331, #7332, #7333, #7334, #7335, #7336, #7337));
#7320 = IFCFACEOUTERBOUND (#7321, .T.);
#7319 = IFCFACE ((#7320));
#7341 = IFCCARTESIANPOINT ((-0.066, -0.238591, 0.859977));
#7342 = IFCCARTESIANPOINT ((-0.0609761, -0.213334, 0.859977));
#7343 = IFCCARTESIANPOINT ((-0.046669, -0.191922, 0.859977));
#7344 = IFCCARTESIANPOINT ((-0.0252571, -0.177615, 0.859977));
#7345 = IFCCARTESIANPOINT ((0., -0.172591, 0.859977));
#7346 = IFCCARTESIANPOINT ((0.0252571, -0.177615, 0.859977));
#7347 = IFCCARTESIANPOINT ((0.046669, -0.191922, 0.859977));
#7348 = IFCCARTESIANPOINT ((0.060976, -0.213334, 0.859977));
#7349 = IFCCARTESIANPOINT ((0.066, -0.238591, 0.859977));
#7350 = IFCCARTESIANPOINT ((0.060976, -0.263848, 0.859977));
#7351 = IFCCARTESIANPOINT ((0.046669, -0.28526, 0.859977));
#7352 = IFCCARTESIANPOINT ((0.0252571, -0.299567, 0.859977));
#7353 = IFCCARTESIANPOINT ((0., -0.304591, 0.859977));
#7354 = IFCCARTESIANPOINT ((-0.0252571, -0.299567, 0.859977));
#7355 = IFCCARTESIANPOINT ((-0.046669, -0.28526, 0.859977));
#7356 = IFCCARTESIANPOINT ((-0.0609761, -0.263848, 0.859977));
#7340 = IFCPOLYLOOP ((#7341, #7342, #7343, #7344, #7345, #7346, #7347, #7348, #7349, #7350, #7351, #7352, #7353, #7354, #7355, #7356));
#7339 = IFCFACEOUTERBOUND (#7340, .T.);
#7338 = IFCFACE ((#7339));
#7206 = IFCCLOSEDSHELL ((#7207, #7214, #7221, #7228, #7235, #7242, #7249, #7256, #7263, #7270, #7277, #7284, #7291, #7298, #7305, #7312, #7319, #7338));
#7205 = IFCFACETEDBREP (#7206);
#7362 = IFCCARTESIANPOINT ((-0.0665193, -0.266144, 0.841477));
#7363 = IFCCARTESIANPOINT ((-0.0509117, -0.289503, 0.841477));
#7364 = IFCCARTESIANPOINT ((-0.0509117, -0.289503, 0.859977));
#7365 = IFCCARTESIANPOINT ((-0.0665193, -0.266144, 0.859977));
#7361 = IFCPOLYLOOP ((#7362, #7363, #7364, #7365));
#7360 = IFCFACEOUTERBOUND (#7361, .T.);
#7359 = IFCFACE ((#7360));
#7369 = IFCCARTESIANPOINT ((-0.0509117, -0.289503, 0.841477));
#7370 = IFCCARTESIANPOINT ((-0.0275532, -0.30511, 0.841477));
#7371 = IFCCARTESIANPOINT ((-0.0275532, -0.30511, 0.859977));
#7372 = IFCCARTESIANPOINT ((-0.0509117, -0.289503, 0.859977));
#7368 = IFCPOLYLOOP ((#7369, #7370, #7371, #7372));
#7367 = IFCFACEOUTERBOUND (#7368, .T.);
#7366 = IFCFACE ((#7367));
#7376 = IFCCARTESIANPOINT ((-0.0275532, -0.30511, 0.841477));
#7377 = IFCCARTESIANPOINT ((0., -0.310591, 0.841477));
#7378 = IFCCARTESIANPOINT ((0., -0.310591, 0.859977));
#7379 = IFCCARTESIANPOINT ((-0.0275532, -0.30511, 0.859977));
#7375 = IFCPOLYLOOP ((#7376, #7377, #7378, #7379));
#7374 = IFCFACEOUTERBOUND (#7375, .T.);
#7373 = IFCFACE ((#7374));
#7383 = IFCCARTESIANPOINT ((0., -0.310591, 0.841477));
#7384 = IFCCARTESIANPOINT ((0.0275532, -0.30511, 0.841477));
#7385 = IFCCARTESIANPOINT ((0.0275532, -0.30511, 0.859977));
#7386 = IFCCARTESIANPOINT ((0., -0.310591, 0.859977));
#7382 = IFCPOLYLOOP ((#7383, #7384, #7385, #7386));
#7381 = IFCFACEOUTERBOUND (#7382, .T.);
#7380 = IFCFACE ((#7381));
#7390 = IFCCARTESIANPOINT ((0.0275532, -0.30511, 0.841477));
#7391 = IFCCARTESIANPOINT ((0.0509117, -0.289503, 0.841477));
#7392 = IFCCARTESIANPOINT ((0.0509117, -0.289503, 0.859977));
#7393 = IFCCARTESIANPOINT ((0.0275532, -0.30511, 0.859977));
#7389 = IFCPOLYLOOP ((#7390, #7391, #7392, #7393));
#7388 = IFCFACEOUTERBOUND (#7389, .T.);
#7387 = IFCFACE ((#7388));
#7397 = IFCCARTESIANPOINT ((0.0509117, -0.289503, 0.841477));
#7398 = IFCCARTESIANPOINT ((0.0665193, -0.266144, 0.841477));
#7399 = IFCCARTESIANPOINT ((0.0665193, -0.266144, 0.859977));
#7400 = IFCCARTESIANPOINT ((0.0509117, -0.289503, 0.859977));
#7396 = IFCPOLYLOOP ((#7397, #7398, #7399, #7400));
#7395 = IFCFACEOUTERBOUND (#7396, .T.);
#7394 = IFCFACE ((#7395));
#7404 = IFCCARTESIANPOINT ((0.0665193, -0.266144, 0.841477));
#7405 = IFCCARTESIANPOINT ((0.072, -0.238591, 0.841477));
#7406 = IFCCARTESIANPOINT ((0.072, -0.238591, 0.859977));
#7407 = IFCCARTESIANPOINT ((0.0665193, -0.266144, 0.859977));
#7403 = IFCPOLYLOOP ((#7404, #7405, #7406, #7407));
#7402 = IFCFACEOUTERBOUND (#7403, .T.);
#7401 = IFCFACE ((#7402));
#7411 = IFCCARTESIANPOINT ((0.072, -0.238591, 0.841477));
#7412 = IFCCARTESIANPOINT ((0.0665193, -0.211038, 0.841477));
#7413 = IFCCARTESIANPOINT ((0.0665193, -0.211038, 0.859977));
#7414 = IFCCARTESIANPOINT ((0.072, -0.238591, 0.859977));
#7410 = IFCPOLYLOOP ((#7411, #7412, #7413, #7414));
#7409 = IFCFACEOUTERBOUND (#7410, .T.);
#7408 = IFCFACE ((#7409));
#7418 = IFCCARTESIANPOINT ((0.0665193, -0.211038, 0.841477));
#7419 = IFCCARTESIANPOINT ((0.0509117, -0.187679, 0.841477));
#7420 = IFCCARTESIANPOINT ((0.0509117, -0.187679, 0.859977));
#7421 = IFCCARTESIANPOINT ((0.0665193, -0.211038, 0.859977));
#7417 = IFCPOLYLOOP ((#7418, #7419, #7420, #7421));
#7416 = IFCFACEOUTERBOUND (#7417, .T.);
#7415 = IFCFACE ((#7416));
#7425 = IFCCARTESIANPOINT ((0.0509117, -0.187679, 0.841477));
#7426 = IFCCARTESIANPOINT ((0.0275532, -0.172072, 0.841477));
#7427 = IFCCARTESIANPOINT ((0.0275532, -0.172072, 0.859977));
#7428 = IFCCARTESIANPOINT ((0.0509117, -0.187679, 0.859977));
#7424 = IFCPOLYLOOP ((#7425, #7426, #7427, #7428));
#7423 = IFCFACEOUTERBOUND (#7424, .T.);
#7422 = IFCFACE ((#7423));
#7432 = IFCCARTESIANPOINT ((0.0275532, -0.172072, 0.841477));
#7433 = IFCCARTESIANPOINT ((0., -0.166591, 0.841477));
#7434 = IFCCARTESIANPOINT ((0., -0.166591, 0.859977));
#7435 = IFCCARTESIANPOINT ((0.0275532, -0.172072, 0.859977));
#7431 = IFCPOLYLOOP ((#7432, #7433, #7434, #7435));
#7430 = IFCFACEOUTERBOUND (#7431, .T.);
#7429 = IFCFACE ((#7430));
#7439 = IFCCARTESIANPOINT ((0., -0.166591, 0.841477));
#7440 = IFCCARTESIANPOINT ((-0.0275532, -0.172072, 0.841477));
#7441 = IFCCARTESIANPOINT ((-0.0275532, -0.172072, 0.859977));
#7442 = IFCCARTESIANPOINT ((0., -0.166591, 0.859977));
#7438 = IFCPOLYLOOP ((#7439, #7440, #7441, #7442));
#7437 = IFCFACEOUTERBOUND (#7438, .T.);
#7436 = IFCFACE ((#7437));
#7446 = IFCCARTESIANPOINT ((-0.0275532, -0.172072, 0.841477));
#7447 = IFCCARTESIANPOINT ((-0.0509117, -0.187679, 0.841477));
#7448 = IFCCARTESIANPOINT ((-0.0509117, -0.187679, 0.859977));
#7449 = IFCCARTESIANPOINT ((-0.0275532, -0.172072, 0.859977));
#7445 = IFCPOLYLOOP ((#7446, #7447, #7448, #7449));
#7444 = IFCFACEOUTERBOUND (#7445, .T.);
#7443 = IFCFACE ((#7444));
#7453 = IFCCARTESIANPOINT ((-0.0509117, -0.187679, 0.841477));
#7454 = IFCCARTESIANPOINT ((-0.0665193, -0.211038, 0.841477));
#7455 = IFCCARTESIANPOINT ((-0.0665193, -0.211038, 0.859977));
#7456 = IFCCARTESIANPOINT ((-0.0509117, -0.187679, 0.859977));
#7452 = IFCPOLYLOOP ((#7453, #7454, #7455, #7456));
#7451 = IFCFACEOUTERBOUND (#7452, .T.);
#7450 = IFCFACE ((#7451));
#7460 = IFCCARTESIANPOINT ((-0.0665193, -0.211038, 0.841477));
#7461 = IFCCARTESIANPOINT ((-0.072, -0.238591, 0.841477));
#7462 = IFCCARTESIANPOINT ((-0.072, -0.238591, 0.859977));
#7463 = IFCCARTESIANPOINT ((-0.0665193, -0.211038, 0.859977));
#7459 = IFCPOLYLOOP ((#7460, #7461, #7462, #7463));
#7458 = IFCFACEOUTERBOUND (#7459, .T.);
#7457 = IFCFACE ((#7458));
#7467 = IFCCARTESIANPOINT ((-0.072, -0.238591, 0.841477));
#7468 = IFCCARTESIANPOINT ((-0.0665193, -0.266144, 0.841477));
#7469 = IFCCARTESIANPOINT ((-0.0665193, -0.266144, 0.859977));
#7470 = IFCCARTESIANPOINT ((-0.072, -0.238591, 0.859977));
#7466 = IFCPOLYLOOP ((#7467, #7468, #7469, #7470));
#7465 = IFCFACEOUTERBOUND (#7466, .T.);
#7464 = IFCFACE ((#7465));
#7474 = IFCCARTESIANPOINT ((-0.0665193, -0.266144, 0.859977));
#7475 = IFCCARTESIANPOINT ((-0.0509117, -0.289503, 0.859977));
#7476 = IFCCARTESIANPOINT ((-0.0275532, -0.30511, 0.859977));
#7477 = IFCCARTESIANPOINT ((0., -0.310591, 0.859977));
#7478 = IFCCARTESIANPOINT ((0.0275532, -0.30511, 0.859977));
#7479 = IFCCARTESIANPOINT ((0.0509117, -0.289503, 0.859977));
#7480 = IFCCARTESIANPOINT ((0.0665193, -0.266144, 0.859977));
#7481 = IFCCARTESIANPOINT ((0.072, -0.238591, 0.859977));
#7482 = IFCCARTESIANPOINT ((0.0665193, -0.211038, 0.859977));
#7483 = IFCCARTESIANPOINT ((0.0509117, -0.187679, 0.859977));
#7484 = IFCCARTESIANPOINT ((0.0275532, -0.172072, 0.859977));
#7485 = IFCCARTESIANPOINT ((0., -0.166591, 0.859977));
#7486 = IFCCARTESIANPOINT ((-0.0275532, -0.172072, 0.859977));
#7487 = IFCCARTESIANPOINT ((-0.0509117, -0.187679, 0.859977));
#7488 = IFCCARTESIANPOINT ((-0.0665193, -0.211038, 0.859977));
#7489 = IFCCARTESIANPOINT ((-0.072, -0.238591, 0.859977));
#7473 = IFCPOLYLOOP ((#7474, #7475, #7476, #7477, #7478, #7479, #7480, #7481, #7482, #7483, #7484, #7485, #7486, #7487, #7488, #7489));
#7472 = IFCFACEOUTERBOUND (#7473, .T.);
#7471 = IFCFACE ((#7472));
#7493 = IFCCARTESIANPOINT ((-0.072, -0.238591, 0.841477));
#7494 = IFCCARTESIANPOINT ((-0.0665193, -0.211038, 0.841477));
#7495 = IFCCARTESIANPOINT ((-0.0509117, -0.187679, 0.841477));
#7496 = IFCCARTESIANPOINT ((-0.0275532, -0.172072, 0.841477));
#7497 = IFCCARTESIANPOINT ((0., -0.166591, 0.841477));
#7498 = IFCCARTESIANPOINT ((0.0275532, -0.172072, 0.841477));
#7499 = IFCCARTESIANPOINT ((0.0509117, -0.187679, 0.841477));
#7500 = IFCCARTESIANPOINT ((0.0665193, -0.211038, 0.841477));
#7501 = IFCCARTESIANPOINT ((0.072, -0.238591, 0.841477));
#7502 = IFCCARTESIANPOINT ((0.0665193, -0.266144, 0.841477));
#7503 = IFCCARTESIANPOINT ((0.0509117, -0.289503, 0.841477));
#7504 = IFCCARTESIANPOINT ((0.0275532, -0.30511, 0.841477));
#7505 = IFCCARTESIANPOINT ((0., -0.310591, 0.841477));
#7506 = IFCCARTESIANPOINT ((-0.0275532, -0.30511, 0.841477));
#7507 = IFCCARTESIANPOINT ((-0.0509117, -0.289503, 0.841477));
#7508 = IFCCARTESIANPOINT ((-0.0665193, -0.266144, 0.841477));
#7492 = IFCPOLYLOOP ((#7493, #7494, #7495, #7496, #7497, #7498, #7499, #7500, #7501, #7502, #7503, #7504, #7505, #7506, #7507, #7508));
#7491 = IFCFACEOUTERBOUND (#7492, .T.);
#7490 = IFCFACE ((#7491));
#7358 = IFCCLOSEDSHELL ((#7359, #7366, #7373, #7380, #7387, #7394, #7401, #7408, #7415, #7422, #7429, #7436, #7443, #7450, #7457, #7464, #7471, #7490));
#7357 = IFCFACETEDBREP (#7358);
#7514 = IFCCARTESIANPOINT ((-0.0609761, -0.263848, 0.802977));
#7515 = IFCCARTESIANPOINT ((-0.0466691, -0.28526, 0.802977));
#7516 = IFCCARTESIANPOINT ((-0.0466691, -0.28526, 0.841477));
#7517 = IFCCARTESIANPOINT ((-0.0609761, -0.263848, 0.841477));
#7513 = IFCPOLYLOOP ((#7514, #7515, #7516, #7517));
#7512 = IFCFACEOUTERBOUND (#7513, .T.);
#7511 = IFCFACE ((#7512));
#7521 = IFCCARTESIANPOINT ((-0.0466691, -0.28526, 0.802977));
#7522 = IFCCARTESIANPOINT ((-0.0252571, -0.299567, 0.802977));
#7523 = IFCCARTESIANPOINT ((-0.0252571, -0.299567, 0.841477));
#7524 = IFCCARTESIANPOINT ((-0.0466691, -0.28526, 0.841477));
#7520 = IFCPOLYLOOP ((#7521, #7522, #7523, #7524));
#7519 = IFCFACEOUTERBOUND (#7520, .T.);
#7518 = IFCFACE ((#7519));
#7528 = IFCCARTESIANPOINT ((-0.0252571, -0.299567, 0.802977));
#7529 = IFCCARTESIANPOINT ((0., -0.304591, 0.802977));
#7530 = IFCCARTESIANPOINT ((0., -0.304591, 0.841477));
#7531 = IFCCARTESIANPOINT ((-0.0252571, -0.299567, 0.841477));
#7527 = IFCPOLYLOOP ((#7528, #7529, #7530, #7531));
#7526 = IFCFACEOUTERBOUND (#7527, .T.);
#7525 = IFCFACE ((#7526));
#7535 = IFCCARTESIANPOINT ((0., -0.304591, 0.802977));
#7536 = IFCCARTESIANPOINT ((0.0252571, -0.299567, 0.802977));
#7537 = IFCCARTESIANPOINT ((0.0252571, -0.299567, 0.841477));
#7538 = IFCCARTESIANPOINT ((0., -0.304591, 0.841477));
#7534 = IFCPOLYLOOP ((#7535, #7536, #7537, #7538));
#7533 = IFCFACEOUTERBOUND (#7534, .T.);
#7532 = IFCFACE ((#7533));
#7542 = IFCCARTESIANPOINT ((0.0252571, -0.299567, 0.802977));
#7543 = IFCCARTESIANPOINT ((0.046669, -0.28526, 0.802977));
#7544 = IFCCARTESIANPOINT ((0.046669, -0.28526, 0.841477));
#7545 = IFCCARTESIANPOINT ((0.0252571, -0.299567, 0.841477));
#7541 = IFCPOLYLOOP ((#7542, #7543, #7544, #7545));
#7540 = IFCFACEOUTERBOUND (#7541, .T.);
#7539 = IFCFACE ((#7540));
#7549 = IFCCARTESIANPOINT ((0.046669, -0.28526, 0.802977));
#7550 = IFCCARTESIANPOINT ((0.060976, -0.263848, 0.802977));
#7551 = IFCCARTESIANPOINT ((0.060976, -0.263848, 0.841477));
#7552 = IFCCARTESIANPOINT ((0.046669, -0.28526, 0.841477));
#7548 = IFCPOLYLOOP ((#7549, #7550, #7551, #7552));
#7547 = IFCFACEOUTERBOUND (#7548, .T.);
#7546 = IFCFACE ((#7547));
#7556 = IFCCARTESIANPOINT ((0.060976, -0.263848, 0.802977));
#7557 = IFCCARTESIANPOINT ((0.066, -0.238591, 0.802977));
#7558 = IFCCARTESIANPOINT ((0.066, -0.238591, 0.841477));
#7559 = IFCCARTESIANPOINT ((0.060976, -0.263848, 0.841477));
#7555 = IFCPOLYLOOP ((#7556, #7557, #7558, #7559));
#7554 = IFCFACEOUTERBOUND (#7555, .T.);
#7553 = IFCFACE ((#7554));
#7563 = IFCCARTESIANPOINT ((0.066, -0.238591, 0.802977));
#7564 = IFCCARTESIANPOINT ((0.060976, -0.213334, 0.802977));
#7565 = IFCCARTESIANPOINT ((0.060976, -0.213334, 0.841477));
#7566 = IFCCARTESIANPOINT ((0.066, -0.238591, 0.841477));
#7562 = IFCPOLYLOOP ((#7563, #7564, #7565, #7566));
#7561 = IFCFACEOUTERBOUND (#7562, .T.);
#7560 = IFCFACE ((#7561));
#7570 = IFCCARTESIANPOINT ((0.060976, -0.213334, 0.802977));
#7571 = IFCCARTESIANPOINT ((0.046669, -0.191922, 0.802977));
#7572 = IFCCARTESIANPOINT ((0.046669, -0.191922, 0.841477));
#7573 = IFCCARTESIANPOINT ((0.060976, -0.213334, 0.841477));
#7569 = IFCPOLYLOOP ((#7570, #7571, #7572, #7573));
#7568 = IFCFACEOUTERBOUND (#7569, .T.);
#7567 = IFCFACE ((#7568));
#7577 = IFCCARTESIANPOINT ((0.046669, -0.191922, 0.802977));
#7578 = IFCCARTESIANPOINT ((0.0252571, -0.177615, 0.802977));
#7579 = IFCCARTESIANPOINT ((0.0252571, -0.177615, 0.841477));
#7580 = IFCCARTESIANPOINT ((0.046669, -0.191922, 0.841477));
#7576 = IFCPOLYLOOP ((#7577, #7578, #7579, #7580));
#7575 = IFCFACEOUTERBOUND (#7576, .T.);
#7574 = IFCFACE ((#7575));
#7584 = IFCCARTESIANPOINT ((0.0252571, -0.177615, 0.802977));
#7585 = IFCCARTESIANPOINT ((0., -0.172591, 0.802977));
#7586 = IFCCARTESIANPOINT ((0., -0.172591, 0.841477));
#7587 = IFCCARTESIANPOINT ((0.0252571, -0.177615, 0.841477));
#7583 = IFCPOLYLOOP ((#7584, #7585, #7586, #7587));
#7582 = IFCFACEOUTERBOUND (#7583, .T.);
#7581 = IFCFACE ((#7582));
#7591 = IFCCARTESIANPOINT ((0., -0.172591, 0.802977));
#7592 = IFCCARTESIANPOINT ((-0.0252571, -0.177615, 0.802977));
#7593 = IFCCARTESIANPOINT ((-0.0252571, -0.177615, 0.841477));
#7594 = IFCCARTESIANPOINT ((0., -0.172591, 0.841477));
#7590 = IFCPOLYLOOP ((#7591, #7592, #7593, #7594));
#7589 = IFCFACEOUTERBOUND (#7590, .T.);
#7588 = IFCFACE ((#7589));
#7598 = IFCCARTESIANPOINT ((-0.0252571, -0.177615, 0.802977));
#7599 = IFCCARTESIANPOINT ((-0.0466691, -0.191922, 0.802977));
#7600 = IFCCARTESIANPOINT ((-0.0466691, -0.191922, 0.841477));
#7601 = IFCCARTESIANPOINT ((-0.0252571, -0.177615, 0.841477));
#7597 = IFCPOLYLOOP ((#7598, #7599, #7600, #7601));
#7596 = IFCFACEOUTERBOUND (#7597, .T.);
#7595 = IFCFACE ((#7596));
#7605 = IFCCARTESIANPOINT ((-0.0466691, -0.191922, 0.802977));
#7606 = IFCCARTESIANPOINT ((-0.0609761, -0.213334, 0.802977));
#7607 = IFCCARTESIANPOINT ((-0.0609761, -0.213334, 0.841477));
#7608 = IFCCARTESIANPOINT ((-0.0466691, -0.191922, 0.841477));
#7604 = IFCPOLYLOOP ((#7605, #7606, #7607, #7608));
#7603 = IFCFACEOUTERBOUND (#7604, .T.);
#7602 = IFCFACE ((#7603));
#7612 = IFCCARTESIANPOINT ((-0.0609761, -0.213334, 0.802977));
#7613 = IFCCARTESIANPOINT ((-0.066, -0.238591, 0.802977));
#7614 = IFCCARTESIANPOINT ((-0.066, -0.238591, 0.841477));
#7615 = IFCCARTESIANPOINT ((-0.0609761, -0.213334, 0.841477));
#7611 = IFCPOLYLOOP ((#7612, #7613, #7614, #7615));
#7610 = IFCFACEOUTERBOUND (#7611, .T.);
#7609 = IFCFACE ((#7610));
#7619 = IFCCARTESIANPOINT ((-0.066, -0.238591, 0.802977));
#7620 = IFCCARTESIANPOINT ((-0.0609761, -0.263848, 0.802977));
#7621 = IFCCARTESIANPOINT ((-0.0609761, -0.263848, 0.841477));
#7622 = IFCCARTESIANPOINT ((-0.066, -0.238591, 0.841477));
#7618 = IFCPOLYLOOP ((#7619, #7620, #7621, #7622));
#7617 = IFCFACEOUTERBOUND (#7618, .T.);
#7616 = IFCFACE ((#7617));
#7626 = IFCCARTESIANPOINT ((-0.0609761, -0.263848, 0.841477));
#7627 = IFCCARTESIANPOINT ((-0.0466691, -0.28526, 0.841477));
#7628 = IFCCARTESIANPOINT ((-0.0252571, -0.299567, 0.841477));
#7629 = IFCCARTESIANPOINT ((0., -0.304591, 0.841477));
#7630 = IFCCARTESIANPOINT ((0.0252571, -0.299567, 0.841477));
#7631 = IFCCARTESIANPOINT ((0.046669, -0.28526, 0.841477));
#7632 = IFCCARTESIANPOINT ((0.060976, -0.263848, 0.841477));
#7633 = IFCCARTESIANPOINT ((0.066, -0.238591, 0.841477));
#7634 = IFCCARTESIANPOINT ((0.060976, -0.213334, 0.841477));
#7635 = IFCCARTESIANPOINT ((0.046669, -0.191922, 0.841477));
#7636 = IFCCARTESIANPOINT ((0.0252571, -0.177615, 0.841477));
#7637 = IFCCARTESIANPOINT ((0., -0.172591, 0.841477));
#7638 = IFCCARTESIANPOINT ((-0.0252571, -0.177615, 0.841477));
#7639 = IFCCARTESIANPOINT ((-0.0466691, -0.191922, 0.841477));
#7640 = IFCCARTESIANPOINT ((-0.0609761, -0.213334, 0.841477));
#7641 = IFCCARTESIANPOINT ((-0.066, -0.238591, 0.841477));
#7625 = IFCPOLYLOOP ((#7626, #7627, #7628, #7629, #7630, #7631, #7632, #7633, #7634, #7635, #7636, #7637, #7638, #7639, #7640, #7641));
#7624 = IFCFACEOUTERBOUND (#7625, .T.);
#7623 = IFCFACE ((#7624));
#7645 = IFCCARTESIANPOINT ((-0.066, -0.238591, 0.802977));
#7646 = IFCCARTESIANPOINT ((-0.0609761, -0.213334, 0.802977));
#7647 = IFCCARTESIANPOINT ((-0.0466691, -0.191922, 0.802977));
#7648 = IFCCARTESIANPOINT ((-0.0252571, -0.177615, 0.802977));
#7649 = IFCCARTESIANPOINT ((0., -0.172591, 0.802977));
#7650 = IFCCARTESIANPOINT ((0.0252571, -0.177615, 0.802977));
#7651 = IFCCARTESIANPOINT ((0.046669, -0.191922, 0.802977));
#7652 = IFCCARTESIANPOINT ((0.060976, -0.213334, 0.802977));
#7653 = IFCCARTESIANPOINT ((0.066, -0.238591, 0.802977));
#7654 = IFCCARTESIANPOINT ((0.060976, -0.263848, 0.802977));
#7655 = IFCCARTESIANPOINT ((0.046669, -0.28526, 0.802977));
#7656 = IFCCARTESIANPOINT ((0.0252571, -0.299567, 0.802977));
#7657 = IFCCARTESIANPOINT ((0., -0.304591, 0.802977));
#7658 = IFCCARTESIANPOINT ((-0.0252571, -0.299567, 0.802977));
#7659 = IFCCARTESIANPOINT ((-0.0466691, -0.28526, 0.802977));
#7660 = IFCCARTESIANPOINT ((-0.0609761, -0.263848, 0.802977));
#7644 = IFCPOLYLOOP ((#7645, #7646, #7647, #7648, #7649, #7650, #7651, #7652, #7653, #7654, #7655, #7656, #7657, #7658, #7659, #7660));
#7643 = IFCFACEOUTERBOUND (#7644, .T.);
#7642 = IFCFACE ((#7643));
#7510 = IFCCLOSEDSHELL ((#7511, #7518, #7525, #7532, #7539, #7546, #7553, #7560, #7567, #7574, #7581, #7588, #7595, #7602, #7609, #7616, #7623, #7642));
#7509 = IFCFACETEDBREP (#7510);
#7666 = IFCCARTESIANPOINT ((-0.0576824, -0.262484, 0.783977));
#7667 = IFCCARTESIANPOINT ((-0.0441482, -0.282739, 0.783977));
#7668 = IFCCARTESIANPOINT ((-0.0441482, -0.282739, 0.802977));
#7669 = IFCCARTESIANPOINT ((-0.0576824, -0.262484, 0.802977));
#7665 = IFCPOLYLOOP ((#7666, #7667, #7668, #7669));
#7664 = IFCFACEOUTERBOUND (#7665, .T.);
#7663 = IFCFACE ((#7664));
#7673 = IFCCARTESIANPOINT ((-0.0441482, -0.282739, 0.783977));
#7674 = IFCCARTESIANPOINT ((-0.0238928, -0.296273, 0.783977));
#7675 = IFCCARTESIANPOINT ((-0.0238928, -0.296273, 0.802977));
#7676 = IFCCARTESIANPOINT ((-0.0441482, -0.282739, 0.802977));
#7672 = IFCPOLYLOOP ((#7673, #7674, #7675, #7676));
#7671 = IFCFACEOUTERBOUND (#7672, .T.);
#7670 = IFCFACE ((#7671));
#7680 = IFCCARTESIANPOINT ((-0.0238928, -0.296273, 0.783977));
#7681 = IFCCARTESIANPOINT ((0., -0.301026, 0.783977));
#7682 = IFCCARTESIANPOINT ((0., -0.301026, 0.802977));
#7683 = IFCCARTESIANPOINT ((-0.0238928, -0.296273, 0.802977));
#7679 = IFCPOLYLOOP ((#7680, #7681, #7682, #7683));
#7678 = IFCFACEOUTERBOUND (#7679, .T.);
#7677 = IFCFACE ((#7678));
#7687 = IFCCARTESIANPOINT ((0., -0.301026, 0.783977));
#7688 = IFCCARTESIANPOINT ((0.0238928, -0.296273, 0.783977));
#7689 = IFCCARTESIANPOINT ((0.0238928, -0.296273, 0.802977));
#7690 = IFCCARTESIANPOINT ((0., -0.301026, 0.802977));
#7686 = IFCPOLYLOOP ((#7687, #7688, #7689, #7690));
#7685 = IFCFACEOUTERBOUND (#7686, .T.);
#7684 = IFCFACE ((#7685));
#7694 = IFCCARTESIANPOINT ((0.0238928, -0.296273, 0.783977));
#7695 = IFCCARTESIANPOINT ((0.0441482, -0.282739, 0.783977));
#7696 = IFCCARTESIANPOINT ((0.0441482, -0.282739, 0.802977));
#7697 = IFCCARTESIANPOINT ((0.0238928, -0.296273, 0.802977));
#7693 = IFCPOLYLOOP ((#7694, #7695, #7696, #7697));
#7692 = IFCFACEOUTERBOUND (#7693, .T.);
#7691 = IFCFACE ((#7692));
#7701 = IFCCARTESIANPOINT ((0.0441482, -0.282739, 0.783977));
#7702 = IFCCARTESIANPOINT ((0.0576824, -0.262484, 0.783977));
#7703 = IFCCARTESIANPOINT ((0.0576824, -0.262484, 0.802977));
#7704 = IFCCARTESIANPOINT ((0.0441482, -0.282739, 0.802977));
#7700 = IFCPOLYLOOP ((#7701, #7702, #7703, #7704));
#7699 = IFCFACEOUTERBOUND (#7700, .T.);
#7698 = IFCFACE ((#7699));
#7708 = IFCCARTESIANPOINT ((0.0576824, -0.262484, 0.783977));
#7709 = IFCCARTESIANPOINT ((0.062435, -0.238591, 0.783977));
#7710 = IFCCARTESIANPOINT ((0.062435, -0.238591, 0.802977));
#7711 = IFCCARTESIANPOINT ((0.0576824, -0.262484, 0.802977));
#7707 = IFCPOLYLOOP ((#7708, #7709, #7710, #7711));
#7706 = IFCFACEOUTERBOUND (#7707, .T.);
#7705 = IFCFACE ((#7706));
#7715 = IFCCARTESIANPOINT ((0.062435, -0.238591, 0.783977));
#7716 = IFCCARTESIANPOINT ((0.0576824, -0.214698, 0.783977));
#7717 = IFCCARTESIANPOINT ((0.0576824, -0.214698, 0.802977));
#7718 = IFCCARTESIANPOINT ((0.062435, -0.238591, 0.802977));
#7714 = IFCPOLYLOOP ((#7715, #7716, #7717, #7718));
#7713 = IFCFACEOUTERBOUND (#7714, .T.);
#7712 = IFCFACE ((#7713));
#7722 = IFCCARTESIANPOINT ((0.0576824, -0.214698, 0.783977));
#7723 = IFCCARTESIANPOINT ((0.0441482, -0.194443, 0.783977));
#7724 = IFCCARTESIANPOINT ((0.0441482, -0.194443, 0.802977));
#7725 = IFCCARTESIANPOINT ((0.0576824, -0.214698, 0.802977));
#7721 = IFCPOLYLOOP ((#7722, #7723, #7724, #7725));
#7720 = IFCFACEOUTERBOUND (#7721, .T.);
#7719 = IFCFACE ((#7720));
#7729 = IFCCARTESIANPOINT ((0.0441482, -0.194443, 0.783977));
#7730 = IFCCARTESIANPOINT ((0.0238928, -0.180909, 0.783977));
#7731 = IFCCARTESIANPOINT ((0.0238928, -0.180909, 0.802977));
#7732 = IFCCARTESIANPOINT ((0.0441482, -0.194443, 0.802977));
#7728 = IFCPOLYLOOP ((#7729, #7730, #7731, #7732));
#7727 = IFCFACEOUTERBOUND (#7728, .T.);
#7726 = IFCFACE ((#7727));
#7736 = IFCCARTESIANPOINT ((0.0238928, -0.180909, 0.783977));
#7737 = IFCCARTESIANPOINT ((0., -0.176156, 0.783977));
#7738 = IFCCARTESIANPOINT ((0., -0.176156, 0.802977));
#7739 = IFCCARTESIANPOINT ((0.0238928, -0.180909, 0.802977));
#7735 = IFCPOLYLOOP ((#7736, #7737, #7738, #7739));
#7734 = IFCFACEOUTERBOUND (#7735, .T.);
#7733 = IFCFACE ((#7734));
#7743 = IFCCARTESIANPOINT ((0., -0.176156, 0.783977));
#7744 = IFCCARTESIANPOINT ((-0.0238928, -0.180909, 0.783977));
#7745 = IFCCARTESIANPOINT ((-0.0238928, -0.180909, 0.802977));
#7746 = IFCCARTESIANPOINT ((0., -0.176156, 0.802977));
#7742 = IFCPOLYLOOP ((#7743, #7744, #7745, #7746));
#7741 = IFCFACEOUTERBOUND (#7742, .T.);
#7740 = IFCFACE ((#7741));
#7750 = IFCCARTESIANPOINT ((-0.0238928, -0.180909, 0.783977));
#7751 = IFCCARTESIANPOINT ((-0.0441482, -0.194443, 0.783977));
#7752 = IFCCARTESIANPOINT ((-0.0441482, -0.194443, 0.802977));
#7753 = IFCCARTESIANPOINT ((-0.0238928, -0.180909, 0.802977));
#7749 = IFCPOLYLOOP ((#7750, #7751, #7752, #7753));
#7748 = IFCFACEOUTERBOUND (#7749, .T.);
#7747 = IFCFACE ((#7748));
#7757 = IFCCARTESIANPOINT ((-0.0441482, -0.194443, 0.783977));
#7758 = IFCCARTESIANPOINT ((-0.0576824, -0.214698, 0.783977));
#7759 = IFCCARTESIANPOINT ((-0.0576824, -0.214698, 0.802977));
#7760 = IFCCARTESIANPOINT ((-0.0441482, -0.194443, 0.802977));
#7756 = IFCPOLYLOOP ((#7757, #7758, #7759, #7760));
#7755 = IFCFACEOUTERBOUND (#7756, .T.);
#7754 = IFCFACE ((#7755));
#7764 = IFCCARTESIANPOINT ((-0.0576824, -0.214698, 0.783977));
#7765 = IFCCARTESIANPOINT ((-0.062435, -0.238591, 0.783977));
#7766 = IFCCARTESIANPOINT ((-0.062435, -0.238591, 0.802977));
#7767 = IFCCARTESIANPOINT ((-0.0576824, -0.214698, 0.802977));
#7763 = IFCPOLYLOOP ((#7764, #7765, #7766, #7767));
#7762 = IFCFACEOUTERBOUND (#7763, .T.);
#7761 = IFCFACE ((#7762));
#7771 = IFCCARTESIANPOINT ((-0.062435, -0.238591, 0.783977));
#7772 = IFCCARTESIANPOINT ((-0.0576824, -0.262484, 0.783977));
#7773 = IFCCARTESIANPOINT ((-0.0576824, -0.262484, 0.802977));
#7774 = IFCCARTESIANPOINT ((-0.062435, -0.238591, 0.802977));
#7770 = IFCPOLYLOOP ((#7771, #7772, #7773, #7774));
#7769 = IFCFACEOUTERBOUND (#7770, .T.);
#7768 = IFCFACE ((#7769));
#7778 = IFCCARTESIANPOINT ((-0.0576824, -0.262484, 0.802977));
#7779 = IFCCARTESIANPOINT ((-0.0441482, -0.282739, 0.802977));
#7780 = IFCCARTESIANPOINT ((-0.0238928, -0.296273, 0.802977));
#7781 = IFCCARTESIANPOINT ((0., -0.301026, 0.802977));
#7782 = IFCCARTESIANPOINT ((0.0238928, -0.296273, 0.802977));
#7783 = IFCCARTESIANPOINT ((0.0441482, -0.282739, 0.802977));
#7784 = IFCCARTESIANPOINT ((0.0576824, -0.262484, 0.802977));
#7785 = IFCCARTESIANPOINT ((0.062435, -0.238591, 0.802977));
#7786 = IFCCARTESIANPOINT ((0.0576824, -0.214698, 0.802977));
#7787 = IFCCARTESIANPOINT ((0.0441482, -0.194443, 0.802977));
#7788 = IFCCARTESIANPOINT ((0.0238928, -0.180909, 0.802977));
#7789 = IFCCARTESIANPOINT ((0., -0.176156, 0.802977));
#7790 = IFCCARTESIANPOINT ((-0.0238928, -0.180909, 0.802977));
#7791 = IFCCARTESIANPOINT ((-0.0441482, -0.194443, 0.802977));
#7792 = IFCCARTESIANPOINT ((-0.0576824, -0.214698, 0.802977));
#7793 = IFCCARTESIANPOINT ((-0.062435, -0.238591, 0.802977));
#7777 = IFCPOLYLOOP ((#7778, #7779, #7780, #7781, #7782, #7783, #7784, #7785, #7786, #7787, #7788, #7789, #7790, #7791, #7792, #7793));
#7776 = IFCFACEOUTERBOUND (#7777, .T.);
#7775 = IFCFACE ((#7776));
#7797 = IFCCARTESIANPOINT ((-0.062435, -0.238591, 0.783977));
#7798 = IFCCARTESIANPOINT ((-0.0576824, -0.214698, 0.783977));
#7799 = IFCCARTESIANPOINT ((-0.0441482, -0.194443, 0.783977));
#7800 = IFCCARTESIANPOINT ((-0.0238928, -0.180909, 0.783977));
#7801 = IFCCARTESIANPOINT ((0., -0.176156, 0.783977));
#7802 = IFCCARTESIANPOINT ((0.0238928, -0.180909, 0.783977));
#7803 = IFCCARTESIANPOINT ((0.0441482, -0.194443, 0.783977));
#7804 = IFCCARTESIANPOINT ((0.0576824, -0.214698, 0.783977));
#7805 = IFCCARTESIANPOINT ((0.062435, -0.238591, 0.783977));
#7806 = IFCCARTESIANPOINT ((0.0576824, -0.262484, 0.783977));
#7807 = IFCCARTESIANPOINT ((0.0441482, -0.282739, 0.783977));
#7808 = IFCCARTESIANPOINT ((0.0238928, -0.296273, 0.783977));
#7809 = IFCCARTESIANPOINT ((0., -0.301026, 0.783977));
#7810 = IFCCARTESIANPOINT ((-0.0238928, -0.296273, 0.783977));
#7811 = IFCCARTESIANPOINT ((-0.0441482, -0.282739, 0.783977));
#7812 = IFCCARTESIANPOINT ((-0.0576824, -0.262484, 0.783977));
#7796 = IFCPOLYLOOP ((#7797, #7798, #7799, #7800, #7801, #7802, #7803, #7804, #7805, #7806, #7807, #7808, #7809, #7810, #7811, #7812));
#7795 = IFCFACEOUTERBOUND (#7796, .T.);
#7794 = IFCFACE ((#7795));
#7662 = IFCCLOSEDSHELL ((#7663, #7670, #7677, #7684, #7691, #7698, #7705, #7712, #7719, #7726, #7733, #7740, #7747, #7754, #7761, #7768, #7775, #7794));
#7661 = IFCFACETEDBREP (#7662);
#7818 = IFCCARTESIANPOINT ((-0.0238928, -0.180909, 0.783977));
#7819 = IFCCARTESIANPOINT ((-0.0441482, -0.194443, 0.783977));
#7820 = IFCCARTESIANPOINT ((-0.0576824, -0.214698, 0.783977));
#7821 = IFCCARTESIANPOINT ((-0.062435, -0.238591, 0.783977));
#7822 = IFCCARTESIANPOINT ((-0.0576824, -0.262484, 0.783977));
#7823 = IFCCARTESIANPOINT ((-0.0441482, -0.282739, 0.783977));
#7824 = IFCCARTESIANPOINT ((-0.0238928, -0.296273, 0.783977));
#7825 = IFCCARTESIANPOINT ((0., -0.301026, 0.783977));
#7826 = IFCCARTESIANPOINT ((0.0238928, -0.296273, 0.783977));
#7827 = IFCCARTESIANPOINT ((0.0441482, -0.282739, 0.783977));
#7828 = IFCCARTESIANPOINT ((0.0576824, -0.262484, 0.783977));
#7829 = IFCCARTESIANPOINT ((0.062435, -0.238591, 0.783977));
#7830 = IFCCARTESIANPOINT ((0.0576824, -0.214698, 0.783977));
#7831 = IFCCARTESIANPOINT ((0.0441482, -0.194443, 0.783977));
#7832 = IFCCARTESIANPOINT ((0.0238928, -0.180909, 0.783977));
#7833 = IFCCARTESIANPOINT ((0., -0.176156, 0.783977));
#7817 = IFCPOLYLOOP ((#7818, #7819, #7820, #7821, #7822, #7823, #7824, #7825, #7826, #7827, #7828, #7829, #7830, #7831, #7832, #7833));
#7816 = IFCFACEOUTERBOUND (#7817, .T.);
#7815 = IFCFACE ((#7816));
#7837 = IFCCARTESIANPOINT ((0., -0.170116, 0.777937));
#7838 = IFCCARTESIANPOINT ((0.0238928, -0.170116, 0.773184));
#7839 = IFCCARTESIANPOINT ((0.0441482, -0.170116, 0.75965));
#7840 = IFCCARTESIANPOINT ((0.0576824, -0.170116, 0.739395));
#7841 = IFCCARTESIANPOINT ((0.062435, -0.170116, 0.715502));
#7842 = IFCCARTESIANPOINT ((0.0576824, -0.170116, 0.691609));
#7843 = IFCCARTESIANPOINT ((0.0441482, -0.170116, 0.671354));
#7844 = IFCCARTESIANPOINT ((0.0238928, -0.170116, 0.657819));
#7845 = IFCCARTESIANPOINT ((0., -0.170116, 0.653067));
#7846 = IFCCARTESIANPOINT ((-0.0238928, -0.170116, 0.657819));
#7847 = IFCCARTESIANPOINT ((-0.0441482, -0.170116, 0.671354));
#7848 = IFCCARTESIANPOINT ((-0.0576824, -0.170116, 0.691609));
#7849 = IFCCARTESIANPOINT ((-0.062435, -0.170116, 0.715502));
#7850 = IFCCARTESIANPOINT ((-0.0576824, -0.170116, 0.739395));
#7851 = IFCCARTESIANPOINT ((-0.0441482, -0.170116, 0.75965));
#7852 = IFCCARTESIANPOINT ((-0.0238928, -0.170116, 0.773184));
#7836 = IFCPOLYLOOP ((#7837, #7838, #7839, #7840, #7841, #7842, #7843, #7844, #7845, #7846, #7847, #7848, #7849, #7850, #7851, #7852));
#7835 = IFCFACEOUTERBOUND (#7836, .T.);
#7834 = IFCFACE ((#7835));
#7856 = IFCCARTESIANPOINT ((0., -0.176156, 0.783977));
#7857 = IFCCARTESIANPOINT ((0.0238928, -0.180909, 0.783977));
#7858 = IFCCARTESIANPOINT ((0., -0.175696, 0.781666));
#7855 = IFCPOLYLOOP ((#7856, #7857, #7858));
#7854 = IFCFACEOUTERBOUND (#7855, .T.);
#7853 = IFCFACE ((#7854));
#7862 = IFCCARTESIANPOINT ((0.0238928, -0.180909, 0.783977));
#7863 = IFCCARTESIANPOINT ((0.0238928, -0.180087, 0.779847));
#7864 = IFCCARTESIANPOINT ((0., -0.175696, 0.781666));
#7861 = IFCPOLYLOOP ((#7862, #7863, #7864));
#7860 = IFCFACEOUTERBOUND (#7861, .T.);
#7859 = IFCFACE ((#7860));
#7868 = IFCCARTESIANPOINT ((0.0238928, -0.180909, 0.783977));
#7869 = IFCCARTESIANPOINT ((0.0441482, -0.194443, 0.783977));
#7870 = IFCCARTESIANPOINT ((0.0238928, -0.180087, 0.779847));
#7867 = IFCPOLYLOOP ((#7868, #7869, #7870));
#7866 = IFCFACEOUTERBOUND (#7867, .T.);
#7865 = IFCFACE ((#7866));
#7874 = IFCCARTESIANPOINT ((0.0441482, -0.194443, 0.783977));
#7875 = IFCCARTESIANPOINT ((0.0441482, -0.192591, 0.774668));
#7876 = IFCCARTESIANPOINT ((0.0238928, -0.180087, 0.779847));
#7873 = IFCPOLYLOOP ((#7874, #7875, #7876));
#7872 = IFCFACEOUTERBOUND (#7873, .T.);
#7871 = IFCFACE ((#7872));
#7880 = IFCCARTESIANPOINT ((0.0441482, -0.194443, 0.783977));
#7881 = IFCCARTESIANPOINT ((0.0576824, -0.214698, 0.783977));
#7882 = IFCCARTESIANPOINT ((0.0441482, -0.192591, 0.774668));
#7879 = IFCPOLYLOOP ((#7880, #7881, #7882));
#7878 = IFCFACEOUTERBOUND (#7879, .T.);
#7877 = IFCFACE ((#7878));
#7886 = IFCCARTESIANPOINT ((0.0576824, -0.214698, 0.783977));
#7887 = IFCCARTESIANPOINT ((0.0576824, -0.211305, 0.766916));
#7888 = IFCCARTESIANPOINT ((0.0441482, -0.192591, 0.774668));
#7885 = IFCPOLYLOOP ((#7886, #7887, #7888));
#7884 = IFCFACEOUTERBOUND (#7885, .T.);
#7883 = IFCFACE ((#7884));
#7892 = IFCCARTESIANPOINT ((0.0576824, -0.214698, 0.783977));
#7893 = IFCCARTESIANPOINT ((0.062435, -0.238591, 0.783977));
#7894 = IFCCARTESIANPOINT ((0.0576824, -0.211305, 0.766916));
#7891 = IFCPOLYLOOP ((#7892, #7893, #7894));
#7890 = IFCFACEOUTERBOUND (#7891, .T.);
#7889 = IFCFACE ((#7890));
#7898 = IFCCARTESIANPOINT ((0.062435, -0.238591, 0.783977));
#7899 = IFCCARTESIANPOINT ((0.062435, -0.233379, 0.757773));
#7900 = IFCCARTESIANPOINT ((0.0576824, -0.211305, 0.766916));
#7897 = IFCPOLYLOOP ((#7898, #7899, #7900));
#7896 = IFCFACEOUTERBOUND (#7897, .T.);
#7895 = IFCFACE ((#7896));
#7904 = IFCCARTESIANPOINT ((0.062435, -0.238591, 0.783977));
#7905 = IFCCARTESIANPOINT ((0.0576824, -0.262484, 0.783977));
#7906 = IFCCARTESIANPOINT ((0.062435, -0.233379, 0.757773));
#7903 = IFCPOLYLOOP ((#7904, #7905, #7906));
#7902 = IFCFACEOUTERBOUND (#7903, .T.);
#7901 = IFCFACE ((#7902));
#7910 = IFCCARTESIANPOINT ((0.0576824, -0.262484, 0.783977));
#7911 = IFCCARTESIANPOINT ((0.0576824, -0.255453, 0.748629));
#7912 = IFCCARTESIANPOINT ((0.062435, -0.233379, 0.757773));
#7909 = IFCPOLYLOOP ((#7910, #7911, #7912));
#7908 = IFCFACEOUTERBOUND (#7909, .T.);
#7907 = IFCFACE ((#7908));
#7916 = IFCCARTESIANPOINT ((0.0576824, -0.262484, 0.783977));
#7917 = IFCCARTESIANPOINT ((0.0441482, -0.282739, 0.783977));
#7918 = IFCCARTESIANPOINT ((0.0576824, -0.255453, 0.748629));
#7915 = IFCPOLYLOOP ((#7916, #7917, #7918));
#7914 = IFCFACEOUTERBOUND (#7915, .T.);
#7913 = IFCFACE ((#7914));
#7922 = IFCCARTESIANPOINT ((0.0441482, -0.282739, 0.783977));
#7923 = IFCCARTESIANPOINT ((0.0441482, -0.274166, 0.740878));
#7924 = IFCCARTESIANPOINT ((0.0576824, -0.255453, 0.748629));
#7921 = IFCPOLYLOOP ((#7922, #7923, #7924));
#7920 = IFCFACEOUTERBOUND (#7921, .T.);
#7919 = IFCFACE ((#7920));
#7928 = IFCCARTESIANPOINT ((0.0441482, -0.282739, 0.783977));
#7929 = IFCCARTESIANPOINT ((0.0238928, -0.296273, 0.783977));
#7930 = IFCCARTESIANPOINT ((0.0441482, -0.274166, 0.740878));
#7927 = IFCPOLYLOOP ((#7928, #7929, #7930));
#7926 = IFCFACEOUTERBOUND (#7927, .T.);
#7925 = IFCFACE ((#7926));
#7934 = IFCCARTESIANPOINT ((0.0238928, -0.296273, 0.783977));
#7935 = IFCCARTESIANPOINT ((0.0238928, -0.28667, 0.735699));
#7936 = IFCCARTESIANPOINT ((0.0441482, -0.274166, 0.740878));
#7933 = IFCPOLYLOOP ((#7934, #7935, #7936));
#7932 = IFCFACEOUTERBOUND (#7933, .T.);
#7931 = IFCFACE ((#7932));
#7940 = IFCCARTESIANPOINT ((0.0238928, -0.296273, 0.783977));
#7941 = IFCCARTESIANPOINT ((0., -0.301026, 0.783977));
#7942 = IFCCARTESIANPOINT ((0.0238928, -0.28667, 0.735699));
#7939 = IFCPOLYLOOP ((#7940, #7941, #7942));
#7938 = IFCFACEOUTERBOUND (#7939, .T.);
#7937 = IFCFACE ((#7938));
#7946 = IFCCARTESIANPOINT ((0., -0.301026, 0.783977));
#7947 = IFCCARTESIANPOINT ((0., -0.291061, 0.73388));
#7948 = IFCCARTESIANPOINT ((0.0238928, -0.28667, 0.735699));
#7945 = IFCPOLYLOOP ((#7946, #7947, #7948));
#7944 = IFCFACEOUTERBOUND (#7945, .T.);
#7943 = IFCFACE ((#7944));
#7952 = IFCCARTESIANPOINT ((0., -0.301026, 0.783977));
#7953 = IFCCARTESIANPOINT ((-0.0238928, -0.296273, 0.783977));
#7954 = IFCCARTESIANPOINT ((0., -0.291061, 0.73388));
#7951 = IFCPOLYLOOP ((#7952, #7953, #7954));
#7950 = IFCFACEOUTERBOUND (#7951, .T.);
#7949 = IFCFACE ((#7950));
#7958 = IFCCARTESIANPOINT ((-0.0238928, -0.296273, 0.783977));
#7959 = IFCCARTESIANPOINT ((-0.0238928, -0.28667, 0.735699));
#7960 = IFCCARTESIANPOINT ((0., -0.291061, 0.73388));
#7957 = IFCPOLYLOOP ((#7958, #7959, #7960));
#7956 = IFCFACEOUTERBOUND (#7957, .T.);
#7955 = IFCFACE ((#7956));
#7964 = IFCCARTESIANPOINT ((-0.0238928, -0.296273, 0.783977));
#7965 = IFCCARTESIANPOINT ((-0.0441482, -0.282739, 0.783977));
#7966 = IFCCARTESIANPOINT ((-0.0238928, -0.28667, 0.735699));
#7963 = IFCPOLYLOOP ((#7964, #7965, #7966));
#7962 = IFCFACEOUTERBOUND (#7963, .T.);
#7961 = IFCFACE ((#7962));
#7970 = IFCCARTESIANPOINT ((-0.0441482, -0.282739, 0.783977));
#7971 = IFCCARTESIANPOINT ((-0.0441482, -0.274166, 0.740878));
#7972 = IFCCARTESIANPOINT ((-0.0238928, -0.28667, 0.735699));
#7969 = IFCPOLYLOOP ((#7970, #7971, #7972));
#7968 = IFCFACEOUTERBOUND (#7969, .T.);
#7967 = IFCFACE ((#7968));
#7976 = IFCCARTESIANPOINT ((-0.0441482, -0.282739, 0.783977));
#7977 = IFCCARTESIANPOINT ((-0.0576824, -0.262484, 0.783977));
#7978 = IFCCARTESIANPOINT ((-0.0441482, -0.274166, 0.740878));
#7975 = IFCPOLYLOOP ((#7976, #7977, #7978));
#7974 = IFCFACEOUTERBOUND (#7975, .T.);
#7973 = IFCFACE ((#7974));
#7982 = IFCCARTESIANPOINT ((-0.0576824, -0.262484, 0.783977));
#7983 = IFCCARTESIANPOINT ((-0.0576824, -0.255453, 0.748629));
#7984 = IFCCARTESIANPOINT ((-0.0441482, -0.274166, 0.740878));
#7981 = IFCPOLYLOOP ((#7982, #7983, #7984));
#7980 = IFCFACEOUTERBOUND (#7981, .T.);
#7979 = IFCFACE ((#7980));
#7988 = IFCCARTESIANPOINT ((-0.0576824, -0.262484, 0.783977));
#7989 = IFCCARTESIANPOINT ((-0.062435, -0.238591, 0.783977));
#7990 = IFCCARTESIANPOINT ((-0.0576824, -0.255453, 0.748629));
#7987 = IFCPOLYLOOP ((#7988, #7989, #7990));
#7986 = IFCFACEOUTERBOUND (#7987, .T.);
#7985 = IFCFACE ((#7986));
#7994 = IFCCARTESIANPOINT ((-0.062435, -0.238591, 0.783977));
#7995 = IFCCARTESIANPOINT ((-0.062435, -0.233379, 0.757773));
#7996 = IFCCARTESIANPOINT ((-0.0576824, -0.255453, 0.748629));
#7993 = IFCPOLYLOOP ((#7994, #7995, #7996));
#7992 = IFCFACEOUTERBOUND (#7993, .T.);
#7991 = IFCFACE ((#7992));
#8000 = IFCCARTESIANPOINT ((-0.062435, -0.238591, 0.783977));
#8001 = IFCCARTESIANPOINT ((-0.0576824, -0.214698, 0.783977));
#8002 = IFCCARTESIANPOINT ((-0.062435, -0.233379, 0.757773));
#7999 = IFCPOLYLOOP ((#8000, #8001, #8002));
#7998 = IFCFACEOUTERBOUND (#7999, .T.);
#7997 = IFCFACE ((#7998));
#8006 = IFCCARTESIANPOINT ((-0.0576824, -0.214698, 0.783977));
#8007 = IFCCARTESIANPOINT ((-0.0576824, -0.211305, 0.766916));
#8008 = IFCCARTESIANPOINT ((-0.062435, -0.233379, 0.757773));
#8005 = IFCPOLYLOOP ((#8006, #8007, #8008));
#8004 = IFCFACEOUTERBOUND (#8005, .T.);
#8003 = IFCFACE ((#8004));
#8012 = IFCCARTESIANPOINT ((-0.0576824, -0.214698, 0.783977));
#8013 = IFCCARTESIANPOINT ((-0.0441482, -0.194443, 0.783977));
#8014 = IFCCARTESIANPOINT ((-0.0576824, -0.211305, 0.766916));
#8011 = IFCPOLYLOOP ((#8012, #8013, #8014));
#8010 = IFCFACEOUTERBOUND (#8011, .T.);
#8009 = IFCFACE ((#8010));
#8018 = IFCCARTESIANPOINT ((-0.0441482, -0.194443, 0.783977));
#8019 = IFCCARTESIANPOINT ((-0.0441482, -0.192591, 0.774668));
#8020 = IFCCARTESIANPOINT ((-0.0576824, -0.211305, 0.766916));
#8017 = IFCPOLYLOOP ((#8018, #8019, #8020));
#8016 = IFCFACEOUTERBOUND (#8017, .T.);
#8015 = IFCFACE ((#8016));
#8024 = IFCCARTESIANPOINT ((-0.0441482, -0.194443, 0.783977));
#8025 = IFCCARTESIANPOINT ((-0.0238928, -0.180909, 0.783977));
#8026 = IFCCARTESIANPOINT ((-0.0441482, -0.192591, 0.774668));
#8023 = IFCPOLYLOOP ((#8024, #8025, #8026));
#8022 = IFCFACEOUTERBOUND (#8023, .T.);
#8021 = IFCFACE ((#8022));
#8030 = IFCCARTESIANPOINT ((-0.0238928, -0.180909, 0.783977));
#8031 = IFCCARTESIANPOINT ((-0.0238928, -0.180087, 0.779847));
#8032 = IFCCARTESIANPOINT ((-0.0441482, -0.192591, 0.774668));
#8029 = IFCPOLYLOOP ((#8030, #8031, #8032));
#8028 = IFCFACEOUTERBOUND (#8029, .T.);
#8027 = IFCFACE ((#8028));
#8036 = IFCCARTESIANPOINT ((-0.0238928, -0.180909, 0.783977));
#8037 = IFCCARTESIANPOINT ((0., -0.176156, 0.783977));
#8038 = IFCCARTESIANPOINT ((-0.0238928, -0.180087, 0.779847));
#8035 = IFCPOLYLOOP ((#8036, #8037, #8038));
#8034 = IFCFACEOUTERBOUND (#8035, .T.);
#8033 = IFCFACE ((#8034));
#8042 = IFCCARTESIANPOINT ((0., -0.176156, 0.783977));
#8043 = IFCCARTESIANPOINT ((0., -0.175696, 0.781666));
#8044 = IFCCARTESIANPOINT ((-0.0238928, -0.180087, 0.779847));
#8041 = IFCPOLYLOOP ((#8042, #8043, #8044));
#8040 = IFCFACEOUTERBOUND (#8041, .T.);
#8039 = IFCFACE ((#8040));
#8048 = IFCCARTESIANPOINT ((0., -0.175696, 0.781666));
#8049 = IFCCARTESIANPOINT ((0.0238928, -0.180087, 0.779847));
#8050 = IFCCARTESIANPOINT ((0., -0.174387, 0.779706));
#8047 = IFCPOLYLOOP ((#8048, #8049, #8050));
#8046 = IFCFACEOUTERBOUND (#8047, .T.);
#8045 = IFCFACE ((#8046));
#8054 = IFCCARTESIANPOINT ((0.0238928, -0.180087, 0.779847));
#8055 = IFCCARTESIANPOINT ((0.0238928, -0.177747, 0.776345));
#8056 = IFCCARTESIANPOINT ((0., -0.174387, 0.779706));
#8053 = IFCPOLYLOOP ((#8054, #8055, #8056));
#8052 = IFCFACEOUTERBOUND (#8053, .T.);
#8051 = IFCFACE ((#8052));
#8060 = IFCCARTESIANPOINT ((0.0238928, -0.180087, 0.779847));
#8061 = IFCCARTESIANPOINT ((0.0441482, -0.192591, 0.774668));
#8062 = IFCCARTESIANPOINT ((0.0238928, -0.177747, 0.776345));
#8059 = IFCPOLYLOOP ((#8060, #8061, #8062));
#8058 = IFCFACEOUTERBOUND (#8059, .T.);
#8057 = IFCFACE ((#8058));
#8066 = IFCCARTESIANPOINT ((0.0441482, -0.192591, 0.774668));
#8067 = IFCCARTESIANPOINT ((0.0441482, -0.187318, 0.766775));
#8068 = IFCCARTESIANPOINT ((0.0238928, -0.177747, 0.776345));
#8065 = IFCPOLYLOOP ((#8066, #8067, #8068));
#8064 = IFCFACEOUTERBOUND (#8065, .T.);
#8063 = IFCFACE ((#8064));
#8072 = IFCCARTESIANPOINT ((0.0441482, -0.192591, 0.774668));
#8073 = IFCCARTESIANPOINT ((0.0576824, -0.211305, 0.766916));
#8074 = IFCCARTESIANPOINT ((0.0441482, -0.187318, 0.766775));
#8071 = IFCPOLYLOOP ((#8072, #8073, #8074));
#8070 = IFCFACEOUTERBOUND (#8071, .T.);
#8069 = IFCFACE ((#8070));
#8078 = IFCCARTESIANPOINT ((0.0576824, -0.211305, 0.766916));
#8079 = IFCCARTESIANPOINT ((0.0576824, -0.20164, 0.752453));
#8080 = IFCCARTESIANPOINT ((0.0441482, -0.187318, 0.766775));
#8077 = IFCPOLYLOOP ((#8078, #8079, #8080));
#8076 = IFCFACEOUTERBOUND (#8077, .T.);
#8075 = IFCFACE ((#8076));
#8084 = IFCCARTESIANPOINT ((0.0576824, -0.211305, 0.766916));
#8085 = IFCCARTESIANPOINT ((0.062435, -0.233379, 0.757773));
#8086 = IFCCARTESIANPOINT ((0.0576824, -0.20164, 0.752453));
#8083 = IFCPOLYLOOP ((#8084, #8085, #8086));
#8082 = IFCFACEOUTERBOUND (#8083, .T.);
#8081 = IFCFACE ((#8082));
#8090 = IFCCARTESIANPOINT ((0.062435, -0.233379, 0.757773));
#8091 = IFCCARTESIANPOINT ((0.062435, -0.218535, 0.735558));
#8092 = IFCCARTESIANPOINT ((0.0576824, -0.20164, 0.752453));
#8089 = IFCPOLYLOOP ((#8090, #8091, #8092));
#8088 = IFCFACEOUTERBOUND (#8089, .T.);
#8087 = IFCFACE ((#8088));
#8096 = IFCCARTESIANPOINT ((0.062435, -0.233379, 0.757773));
#8097 = IFCCARTESIANPOINT ((0.0576824, -0.255453, 0.748629));
#8098 = IFCCARTESIANPOINT ((0.062435, -0.218535, 0.735558));
#8095 = IFCPOLYLOOP ((#8096, #8097, #8098));
#8094 = IFCFACEOUTERBOUND (#8095, .T.);
#8093 = IFCFACE ((#8094));
#8102 = IFCCARTESIANPOINT ((0.0576824, -0.255453, 0.748629));
#8103 = IFCCARTESIANPOINT ((0.0576824, -0.23543, 0.718663));
#8104 = IFCCARTESIANPOINT ((0.062435, -0.218535, 0.735558));
#8101 = IFCPOLYLOOP ((#8102, #8103, #8104));
#8100 = IFCFACEOUTERBOUND (#8101, .T.);
#8099 = IFCFACE ((#8100));
#8108 = IFCCARTESIANPOINT ((0.0576824, -0.255453, 0.748629));
#8109 = IFCCARTESIANPOINT ((0.0441482, -0.274166, 0.740878));
#8110 = IFCCARTESIANPOINT ((0.0576824, -0.23543, 0.718663));
#8107 = IFCPOLYLOOP ((#8108, #8109, #8110));
#8106 = IFCFACEOUTERBOUND (#8107, .T.);
#8105 = IFCFACE ((#8106));
#8114 = IFCCARTESIANPOINT ((0.0441482, -0.274166, 0.740878));
#8115 = IFCCARTESIANPOINT ((0.0441482, -0.249753, 0.70434));
#8116 = IFCCARTESIANPOINT ((0.0576824, -0.23543, 0.718663));
#8113 = IFCPOLYLOOP ((#8114, #8115, #8116));
#8112 = IFCFACEOUTERBOUND (#8113, .T.);
#8111 = IFCFACE ((#8112));
#8120 = IFCCARTESIANPOINT ((0.0441482, -0.274166, 0.740878));
#8121 = IFCCARTESIANPOINT ((0.0238928, -0.28667, 0.735699));
#8122 = IFCCARTESIANPOINT ((0.0441482, -0.249753, 0.70434));
#8119 = IFCPOLYLOOP ((#8120, #8121, #8122));
#8118 = IFCFACEOUTERBOUND (#8119, .T.);
#8117 = IFCFACE ((#8118));
#8126 = IFCCARTESIANPOINT ((0.0238928, -0.28667, 0.735699));
#8127 = IFCCARTESIANPOINT ((0.0238928, -0.259323, 0.69477));
#8128 = IFCCARTESIANPOINT ((0.0441482, -0.249753, 0.70434));
#8125 = IFCPOLYLOOP ((#8126, #8127, #8128));
#8124 = IFCFACEOUTERBOUND (#8125, .T.);
#8123 = IFCFACE ((#8124));
#8132 = IFCCARTESIANPOINT ((0.0238928, -0.28667, 0.735699));
#8133 = IFCCARTESIANPOINT ((0., -0.291061, 0.73388));
#8134 = IFCCARTESIANPOINT ((0.0238928, -0.259323, 0.69477));
#8131 = IFCPOLYLOOP ((#8132, #8133, #8134));
#8130 = IFCFACEOUTERBOUND (#8131, .T.);
#8129 = IFCFACE ((#8130));
#8138 = IFCCARTESIANPOINT ((0., -0.291061, 0.73388));
#8139 = IFCCARTESIANPOINT ((0., -0.262683, 0.69141));
#8140 = IFCCARTESIANPOINT ((0.0238928, -0.259323, 0.69477));
#8137 = IFCPOLYLOOP ((#8138, #8139, #8140));
#8136 = IFCFACEOUTERBOUND (#8137, .T.);
#8135 = IFCFACE ((#8136));
#8144 = IFCCARTESIANPOINT ((0., -0.291061, 0.73388));
#8145 = IFCCARTESIANPOINT ((-0.0238928, -0.28667, 0.735699));
#8146 = IFCCARTESIANPOINT ((0., -0.262683, 0.69141));
#8143 = IFCPOLYLOOP ((#8144, #8145, #8146));
#8142 = IFCFACEOUTERBOUND (#8143, .T.);
#8141 = IFCFACE ((#8142));
#8150 = IFCCARTESIANPOINT ((-0.0238928, -0.28667, 0.735699));
#8151 = IFCCARTESIANPOINT ((-0.0238928, -0.259323, 0.69477));
#8152 = IFCCARTESIANPOINT ((0., -0.262683, 0.69141));
#8149 = IFCPOLYLOOP ((#8150, #8151, #8152));
#8148 = IFCFACEOUTERBOUND (#8149, .T.);
#8147 = IFCFACE ((#8148));
#8156 = IFCCARTESIANPOINT ((-0.0238928, -0.28667, 0.735699));
#8157 = IFCCARTESIANPOINT ((-0.0441482, -0.274166, 0.740878));
#8158 = IFCCARTESIANPOINT ((-0.0238928, -0.259323, 0.69477));
#8155 = IFCPOLYLOOP ((#8156, #8157, #8158));
#8154 = IFCFACEOUTERBOUND (#8155, .T.);
#8153 = IFCFACE ((#8154));
#8162 = IFCCARTESIANPOINT ((-0.0441482, -0.274166, 0.740878));
#8163 = IFCCARTESIANPOINT ((-0.0441482, -0.249753, 0.70434));
#8164 = IFCCARTESIANPOINT ((-0.0238928, -0.259323, 0.69477));
#8161 = IFCPOLYLOOP ((#8162, #8163, #8164));
#8160 = IFCFACEOUTERBOUND (#8161, .T.);
#8159 = IFCFACE ((#8160));
#8168 = IFCCARTESIANPOINT ((-0.0441482, -0.274166, 0.740878));
#8169 = IFCCARTESIANPOINT ((-0.0576824, -0.255453, 0.748629));
#8170 = IFCCARTESIANPOINT ((-0.0441482, -0.249753, 0.70434));
#8167 = IFCPOLYLOOP ((#8168, #8169, #8170));
#8166 = IFCFACEOUTERBOUND (#8167, .T.);
#8165 = IFCFACE ((#8166));
#8174 = IFCCARTESIANPOINT ((-0.0576824, -0.255453, 0.748629));
#8175 = IFCCARTESIANPOINT ((-0.0576824, -0.23543, 0.718663));
#8176 = IFCCARTESIANPOINT ((-0.0441482, -0.249753, 0.70434));
#8173 = IFCPOLYLOOP ((#8174, #8175, #8176));
#8172 = IFCFACEOUTERBOUND (#8173, .T.);
#8171 = IFCFACE ((#8172));
#8180 = IFCCARTESIANPOINT ((-0.0576824, -0.255453, 0.748629));
#8181 = IFCCARTESIANPOINT ((-0.062435, -0.233379, 0.757773));
#8182 = IFCCARTESIANPOINT ((-0.0576824, -0.23543, 0.718663));
#8179 = IFCPOLYLOOP ((#8180, #8181, #8182));
#8178 = IFCFACEOUTERBOUND (#8179, .T.);
#8177 = IFCFACE ((#8178));
#8186 = IFCCARTESIANPOINT ((-0.062435, -0.233379, 0.757773));
#8187 = IFCCARTESIANPOINT ((-0.062435, -0.218535, 0.735558));
#8188 = IFCCARTESIANPOINT ((-0.0576824, -0.23543, 0.718663));
#8185 = IFCPOLYLOOP ((#8186, #8187, #8188));
#8184 = IFCFACEOUTERBOUND (#8185, .T.);
#8183 = IFCFACE ((#8184));
#8192 = IFCCARTESIANPOINT ((-0.062435, -0.233379, 0.757773));
#8193 = IFCCARTESIANPOINT ((-0.0576824, -0.211305, 0.766916));
#8194 = IFCCARTESIANPOINT ((-0.062435, -0.218535, 0.735558));
#8191 = IFCPOLYLOOP ((#8192, #8193, #8194));
#8190 = IFCFACEOUTERBOUND (#8191, .T.);
#8189 = IFCFACE ((#8190));
#8198 = IFCCARTESIANPOINT ((-0.0576824, -0.211305, 0.766916));
#8199 = IFCCARTESIANPOINT ((-0.0576824, -0.20164, 0.752453));
#8200 = IFCCARTESIANPOINT ((-0.062435, -0.218535, 0.735558));
#8197 = IFCPOLYLOOP ((#8198, #8199, #8200));
#8196 = IFCFACEOUTERBOUND (#8197, .T.);
#8195 = IFCFACE ((#8196));
#8204 = IFCCARTESIANPOINT ((-0.0576824, -0.211305, 0.766916));
#8205 = IFCCARTESIANPOINT ((-0.0441482, -0.192591, 0.774668));
#8206 = IFCCARTESIANPOINT ((-0.0576824, -0.20164, 0.752453));
#8203 = IFCPOLYLOOP ((#8204, #8205, #8206));
#8202 = IFCFACEOUTERBOUND (#8203, .T.);
#8201 = IFCFACE ((#8202));
#8210 = IFCCARTESIANPOINT ((-0.0441482, -0.192591, 0.774668));
#8211 = IFCCARTESIANPOINT ((-0.0441482, -0.187318, 0.766775));
#8212 = IFCCARTESIANPOINT ((-0.0576824, -0.20164, 0.752453));
#8209 = IFCPOLYLOOP ((#8210, #8211, #8212));
#8208 = IFCFACEOUTERBOUND (#8209, .T.);
#8207 = IFCFACE ((#8208));
#8216 = IFCCARTESIANPOINT ((-0.0441482, -0.192591, 0.774668));
#8217 = IFCCARTESIANPOINT ((-0.0238928, -0.180087, 0.779847));
#8218 = IFCCARTESIANPOINT ((-0.0441482, -0.187318, 0.766775));
#8215 = IFCPOLYLOOP ((#8216, #8217, #8218));
#8214 = IFCFACEOUTERBOUND (#8215, .T.);
#8213 = IFCFACE ((#8214));
#8222 = IFCCARTESIANPOINT ((-0.0238928, -0.180087, 0.779847));
#8223 = IFCCARTESIANPOINT ((-0.0238928, -0.177747, 0.776345));
#8224 = IFCCARTESIANPOINT ((-0.0441482, -0.187318, 0.766775));
#8221 = IFCPOLYLOOP ((#8222, #8223, #8224));
#8220 = IFCFACEOUTERBOUND (#8221, .T.);
#8219 = IFCFACE ((#8220));
#8228 = IFCCARTESIANPOINT ((-0.0238928, -0.180087, 0.779847));
#8229 = IFCCARTESIANPOINT ((0., -0.175696, 0.781666));
#8230 = IFCCARTESIANPOINT ((-0.0238928, -0.177747, 0.776345));
#8227 = IFCPOLYLOOP ((#8228, #8229, #8230));
#8226 = IFCFACEOUTERBOUND (#8227, .T.);
#8225 = IFCFACE ((#8226));
#8234 = IFCCARTESIANPOINT ((0., -0.175696, 0.781666));
#8235 = IFCCARTESIANPOINT ((0., -0.174387, 0.779706));
#8236 = IFCCARTESIANPOINT ((-0.0238928, -0.177747, 0.776345));
#8233 = IFCPOLYLOOP ((#8234, #8235, #8236));
#8232 = IFCFACEOUTERBOUND (#8233, .T.);
#8231 = IFCFACE ((#8232));
#8240 = IFCCARTESIANPOINT ((0., -0.174387, 0.779706));
#8241 = IFCCARTESIANPOINT ((0.0238928, -0.177747, 0.776345));
#8242 = IFCCARTESIANPOINT ((0., -0.172427, 0.778397));
#8239 = IFCPOLYLOOP ((#8240, #8241, #8242));
#8238 = IFCFACEOUTERBOUND (#8239, .T.);
#8237 = IFCFACE ((#8238));
#8246 = IFCCARTESIANPOINT ((0.0238928, -0.177747, 0.776345));
#8247 = IFCCARTESIANPOINT ((0.0238928, -0.174246, 0.774006));
#8248 = IFCCARTESIANPOINT ((0., -0.172427, 0.778397));
#8245 = IFCPOLYLOOP ((#8246, #8247, #8248));
#8244 = IFCFACEOUTERBOUND (#8245, .T.);
#8243 = IFCFACE ((#8244));
#8252 = IFCCARTESIANPOINT ((0.0238928, -0.177747, 0.776345));
#8253 = IFCCARTESIANPOINT ((0.0441482, -0.187318, 0.766775));
#8254 = IFCCARTESIANPOINT ((0.0238928, -0.174246, 0.774006));
#8251 = IFCPOLYLOOP ((#8252, #8253, #8254));
#8250 = IFCFACEOUTERBOUND (#8251, .T.);
#8249 = IFCFACE ((#8250));
#8258 = IFCCARTESIANPOINT ((0.0441482, -0.187318, 0.766775));
#8259 = IFCCARTESIANPOINT ((0.0441482, -0.179425, 0.761502));
#8260 = IFCCARTESIANPOINT ((0.0238928, -0.174246, 0.774006));
#8257 = IFCPOLYLOOP ((#8258, #8259, #8260));
#8256 = IFCFACEOUTERBOUND (#8257, .T.);
#8255 = IFCFACE ((#8256));
#8264 = IFCCARTESIANPOINT ((0.0441482, -0.187318, 0.766775));
#8265 = IFCCARTESIANPOINT ((0.0576824, -0.20164, 0.752453));
#8266 = IFCCARTESIANPOINT ((0.0441482, -0.179425, 0.761502));
#8263 = IFCPOLYLOOP ((#8264, #8265, #8266));
#8262 = IFCFACEOUTERBOUND (#8263, .T.);
#8261 = IFCFACE ((#8262));
#8270 = IFCCARTESIANPOINT ((0.0576824, -0.20164, 0.752453));
#8271 = IFCCARTESIANPOINT ((0.0576824, -0.187177, 0.742788));
#8272 = IFCCARTESIANPOINT ((0.0441482, -0.179425, 0.761502));
#8269 = IFCPOLYLOOP ((#8270, #8271, #8272));
#8268 = IFCFACEOUTERBOUND (#8269, .T.);
#8267 = IFCFACE ((#8268));
#8276 = IFCCARTESIANPOINT ((0.0576824, -0.20164, 0.752453));
#8277 = IFCCARTESIANPOINT ((0.062435, -0.218535, 0.735558));
#8278 = IFCCARTESIANPOINT ((0.0576824, -0.187177, 0.742788));
#8275 = IFCPOLYLOOP ((#8276, #8277, #8278));
#8274 = IFCFACEOUTERBOUND (#8275, .T.);
#8273 = IFCFACE ((#8274));
#8282 = IFCCARTESIANPOINT ((0.062435, -0.218535, 0.735558));
#8283 = IFCCARTESIANPOINT ((0.062435, -0.19632, 0.720714));
#8284 = IFCCARTESIANPOINT ((0.0576824, -0.187177, 0.742788));
#8281 = IFCPOLYLOOP ((#8282, #8283, #8284));
#8280 = IFCFACEOUTERBOUND (#8281, .T.);
#8279 = IFCFACE ((#8280));
#8288 = IFCCARTESIANPOINT ((0.062435, -0.218535, 0.735558));
#8289 = IFCCARTESIANPOINT ((0.0576824, -0.23543, 0.718663));
#8290 = IFCCARTESIANPOINT ((0.062435, -0.19632, 0.720714));
#8287 = IFCPOLYLOOP ((#8288, #8289, #8290));
#8286 = IFCFACEOUTERBOUND (#8287, .T.);
#8285 = IFCFACE ((#8286));
#8294 = IFCCARTESIANPOINT ((0.0576824, -0.23543, 0.718663));
#8295 = IFCCARTESIANPOINT ((0.0576824, -0.205464, 0.69864));
#8296 = IFCCARTESIANPOINT ((0.062435, -0.19632, 0.720714));
#8293 = IFCPOLYLOOP ((#8294, #8295, #8296));
#8292 = IFCFACEOUTERBOUND (#8293, .T.);
#8291 = IFCFACE ((#8292));
#8300 = IFCCARTESIANPOINT ((0.0576824, -0.23543, 0.718663));
#8301 = IFCCARTESIANPOINT ((0.0441482, -0.249753, 0.70434));
#8302 = IFCCARTESIANPOINT ((0.0576824, -0.205464, 0.69864));
#8299 = IFCPOLYLOOP ((#8300, #8301, #8302));
#8298 = IFCFACEOUTERBOUND (#8299, .T.);
#8297 = IFCFACE ((#8298));
#8306 = IFCCARTESIANPOINT ((0.0441482, -0.249753, 0.70434));
#8307 = IFCCARTESIANPOINT ((0.0441482, -0.213215, 0.679927));
#8308 = IFCCARTESIANPOINT ((0.0576824, -0.205464, 0.69864));
#8305 = IFCPOLYLOOP ((#8306, #8307, #8308));
#8304 = IFCFACEOUTERBOUND (#8305, .T.);
#8303 = IFCFACE ((#8304));
#8312 = IFCCARTESIANPOINT ((0.0441482, -0.249753, 0.70434));
#8313 = IFCCARTESIANPOINT ((0.0238928, -0.259323, 0.69477));
#8314 = IFCCARTESIANPOINT ((0.0441482, -0.213215, 0.679927));
#8311 = IFCPOLYLOOP ((#8312, #8313, #8314));
#8310 = IFCFACEOUTERBOUND (#8311, .T.);
#8309 = IFCFACE ((#8310));
#8318 = IFCCARTESIANPOINT ((0.0238928, -0.259323, 0.69477));
#8319 = IFCCARTESIANPOINT ((0.0238928, -0.218394, 0.667423));
#8320 = IFCCARTESIANPOINT ((0.0441482, -0.213215, 0.679927));
#8317 = IFCPOLYLOOP ((#8318, #8319, #8320));
#8316 = IFCFACEOUTERBOUND (#8317, .T.);
#8315 = IFCFACE ((#8316));
#8324 = IFCCARTESIANPOINT ((0.0238928, -0.259323, 0.69477));
#8325 = IFCCARTESIANPOINT ((0., -0.262683, 0.69141));
#8326 = IFCCARTESIANPOINT ((0.0238928, -0.218394, 0.667423));
#8323 = IFCPOLYLOOP ((#8324, #8325, #8326));
#8322 = IFCFACEOUTERBOUND (#8323, .T.);
#8321 = IFCFACE ((#8322));
#8330 = IFCCARTESIANPOINT ((0., -0.262683, 0.69141));
#8331 = IFCCARTESIANPOINT ((0., -0.220213, 0.663032));
#8332 = IFCCARTESIANPOINT ((0.0238928, -0.218394, 0.667423));
#8329 = IFCPOLYLOOP ((#8330, #8331, #8332));
#8328 = IFCFACEOUTERBOUND (#8329, .T.);
#8327 = IFCFACE ((#8328));
#8336 = IFCCARTESIANPOINT ((0., -0.262683, 0.69141));
#8337 = IFCCARTESIANPOINT ((-0.0238928, -0.259323, 0.69477));
#8338 = IFCCARTESIANPOINT ((0., -0.220213, 0.663032));
#8335 = IFCPOLYLOOP ((#8336, #8337, #8338));
#8334 = IFCFACEOUTERBOUND (#8335, .T.);
#8333 = IFCFACE ((#8334));
#8342 = IFCCARTESIANPOINT ((-0.0238928, -0.259323, 0.69477));
#8343 = IFCCARTESIANPOINT ((-0.0238928, -0.218394, 0.667423));
#8344 = IFCCARTESIANPOINT ((0., -0.220213, 0.663032));
#8341 = IFCPOLYLOOP ((#8342, #8343, #8344));
#8340 = IFCFACEOUTERBOUND (#8341, .T.);
#8339 = IFCFACE ((#8340));
#8348 = IFCCARTESIANPOINT ((-0.0238928, -0.259323, 0.69477));
#8349 = IFCCARTESIANPOINT ((-0.0441482, -0.249753, 0.70434));
#8350 = IFCCARTESIANPOINT ((-0.0238928, -0.218394, 0.667423));
#8347 = IFCPOLYLOOP ((#8348, #8349, #8350));
#8346 = IFCFACEOUTERBOUND (#8347, .T.);
#8345 = IFCFACE ((#8346));
#8354 = IFCCARTESIANPOINT ((-0.0441482, -0.249753, 0.70434));
#8355 = IFCCARTESIANPOINT ((-0.0441482, -0.213215, 0.679927));
#8356 = IFCCARTESIANPOINT ((-0.0238928, -0.218394, 0.667423));
#8353 = IFCPOLYLOOP ((#8354, #8355, #8356));
#8352 = IFCFACEOUTERBOUND (#8353, .T.);
#8351 = IFCFACE ((#8352));
#8360 = IFCCARTESIANPOINT ((-0.0441482, -0.249753, 0.70434));
#8361 = IFCCARTESIANPOINT ((-0.0576824, -0.23543, 0.718663));
#8362 = IFCCARTESIANPOINT ((-0.0441482, -0.213215, 0.679927));
#8359 = IFCPOLYLOOP ((#8360, #8361, #8362));
#8358 = IFCFACEOUTERBOUND (#8359, .T.);
#8357 = IFCFACE ((#8358));
#8366 = IFCCARTESIANPOINT ((-0.0576824, -0.23543, 0.718663));
#8367 = IFCCARTESIANPOINT ((-0.0576824, -0.205464, 0.69864));
#8368 = IFCCARTESIANPOINT ((-0.0441482, -0.213215, 0.679927));
#8365 = IFCPOLYLOOP ((#8366, #8367, #8368));
#8364 = IFCFACEOUTERBOUND (#8365, .T.);
#8363 = IFCFACE ((#8364));
#8372 = IFCCARTESIANPOINT ((-0.0576824, -0.23543, 0.718663));
#8373 = IFCCARTESIANPOINT ((-0.062435, -0.218535, 0.735558));
#8374 = IFCCARTESIANPOINT ((-0.0576824, -0.205464, 0.69864));
#8371 = IFCPOLYLOOP ((#8372, #8373, #8374));
#8370 = IFCFACEOUTERBOUND (#8371, .T.);
#8369 = IFCFACE ((#8370));
#8378 = IFCCARTESIANPOINT ((-0.062435, -0.218535, 0.735558));
#8379 = IFCCARTESIANPOINT ((-0.062435, -0.19632, 0.720714));
#8380 = IFCCARTESIANPOINT ((-0.0576824, -0.205464, 0.69864));
#8377 = IFCPOLYLOOP ((#8378, #8379, #8380));
#8376 = IFCFACEOUTERBOUND (#8377, .T.);
#8375 = IFCFACE ((#8376));
#8384 = IFCCARTESIANPOINT ((-0.062435, -0.218535, 0.735558));
#8385 = IFCCARTESIANPOINT ((-0.0576824, -0.20164, 0.752453));
#8386 = IFCCARTESIANPOINT ((-0.062435, -0.19632, 0.720714));
#8383 = IFCPOLYLOOP ((#8384, #8385, #8386));
#8382 = IFCFACEOUTERBOUND (#8383, .T.);
#8381 = IFCFACE ((#8382));
#8390 = IFCCARTESIANPOINT ((-0.0576824, -0.20164, 0.752453));
#8391 = IFCCARTESIANPOINT ((-0.0576824, -0.187177, 0.742788));
#8392 = IFCCARTESIANPOINT ((-0.062435, -0.19632, 0.720714));
#8389 = IFCPOLYLOOP ((#8390, #8391, #8392));
#8388 = IFCFACEOUTERBOUND (#8389, .T.);
#8387 = IFCFACE ((#8388));
#8396 = IFCCARTESIANPOINT ((-0.0576824, -0.20164, 0.752453));
#8397 = IFCCARTESIANPOINT ((-0.0441482, -0.187318, 0.766775));
#8398 = IFCCARTESIANPOINT ((-0.0576824, -0.187177, 0.742788));
#8395 = IFCPOLYLOOP ((#8396, #8397, #8398));
#8394 = IFCFACEOUTERBOUND (#8395, .T.);
#8393 = IFCFACE ((#8394));
#8402 = IFCCARTESIANPOINT ((-0.0441482, -0.187318, 0.766775));
#8403 = IFCCARTESIANPOINT ((-0.0441482, -0.179425, 0.761502));
#8404 = IFCCARTESIANPOINT ((-0.0576824, -0.187177, 0.742788));
#8401 = IFCPOLYLOOP ((#8402, #8403, #8404));
#8400 = IFCFACEOUTERBOUND (#8401, .T.);
#8399 = IFCFACE ((#8400));
#8408 = IFCCARTESIANPOINT ((-0.0441482, -0.187318, 0.766775));
#8409 = IFCCARTESIANPOINT ((-0.0238928, -0.177747, 0.776345));
#8410 = IFCCARTESIANPOINT ((-0.0441482, -0.179425, 0.761502));
#8407 = IFCPOLYLOOP ((#8408, #8409, #8410));
#8406 = IFCFACEOUTERBOUND (#8407, .T.);
#8405 = IFCFACE ((#8406));
#8414 = IFCCARTESIANPOINT ((-0.0238928, -0.177747, 0.776345));
#8415 = IFCCARTESIANPOINT ((-0.0238928, -0.174246, 0.774006));
#8416 = IFCCARTESIANPOINT ((-0.0441482, -0.179425, 0.761502));
#8413 = IFCPOLYLOOP ((#8414, #8415, #8416));
#8412 = IFCFACEOUTERBOUND (#8413, .T.);
#8411 = IFCFACE ((#8412));
#8420 = IFCCARTESIANPOINT ((-0.0238928, -0.177747, 0.776345));
#8421 = IFCCARTESIANPOINT ((0., -0.174387, 0.779706));
#8422 = IFCCARTESIANPOINT ((-0.0238928, -0.174246, 0.774006));
#8419 = IFCPOLYLOOP ((#8420, #8421, #8422));
#8418 = IFCFACEOUTERBOUND (#8419, .T.);
#8417 = IFCFACE ((#8418));
#8426 = IFCCARTESIANPOINT ((0., -0.174387, 0.779706));
#8427 = IFCCARTESIANPOINT ((0., -0.172427, 0.778397));
#8428 = IFCCARTESIANPOINT ((-0.0238928, -0.174246, 0.774006));
#8425 = IFCPOLYLOOP ((#8426, #8427, #8428));
#8424 = IFCFACEOUTERBOUND (#8425, .T.);
#8423 = IFCFACE ((#8424));
#8432 = IFCCARTESIANPOINT ((0., -0.172427, 0.778397));
#8433 = IFCCARTESIANPOINT ((0.0238928, -0.174246, 0.774006));
#8434 = IFCCARTESIANPOINT ((0., -0.170116, 0.777937));
#8431 = IFCPOLYLOOP ((#8432, #8433, #8434));
#8430 = IFCFACEOUTERBOUND (#8431, .T.);
#8429 = IFCFACE ((#8430));
#8438 = IFCCARTESIANPOINT ((0.0238928, -0.174246, 0.774006));
#8439 = IFCCARTESIANPOINT ((0.0238928, -0.170116, 0.773184));
#8440 = IFCCARTESIANPOINT ((0., -0.170116, 0.777937));
#8437 = IFCPOLYLOOP ((#8438, #8439, #8440));
#8436 = IFCFACEOUTERBOUND (#8437, .T.);
#8435 = IFCFACE ((#8436));
#8444 = IFCCARTESIANPOINT ((0.0238928, -0.174246, 0.774006));
#8445 = IFCCARTESIANPOINT ((0.0441482, -0.179425, 0.761502));
#8446 = IFCCARTESIANPOINT ((0.0238928, -0.170116, 0.773184));
#8443 = IFCPOLYLOOP ((#8444, #8445, #8446));
#8442 = IFCFACEOUTERBOUND (#8443, .T.);
#8441 = IFCFACE ((#8442));
#8450 = IFCCARTESIANPOINT ((0.0441482, -0.179425, 0.761502));
#8451 = IFCCARTESIANPOINT ((0.0441482, -0.170116, 0.75965));
#8452 = IFCCARTESIANPOINT ((0.0238928, -0.170116, 0.773184));
#8449 = IFCPOLYLOOP ((#8450, #8451, #8452));
#8448 = IFCFACEOUTERBOUND (#8449, .T.);
#8447 = IFCFACE ((#8448));
#8456 = IFCCARTESIANPOINT ((0.0441482, -0.179425, 0.761502));
#8457 = IFCCARTESIANPOINT ((0.0576824, -0.187177, 0.742788));
#8458 = IFCCARTESIANPOINT ((0.0441482, -0.170116, 0.75965));
#8455 = IFCPOLYLOOP ((#8456, #8457, #8458));
#8454 = IFCFACEOUTERBOUND (#8455, .T.);
#8453 = IFCFACE ((#8454));
#8462 = IFCCARTESIANPOINT ((0.0576824, -0.187177, 0.742788));
#8463 = IFCCARTESIANPOINT ((0.0576824, -0.170116, 0.739395));
#8464 = IFCCARTESIANPOINT ((0.0441482, -0.170116, 0.75965));
#8461 = IFCPOLYLOOP ((#8462, #8463, #8464));
#8460 = IFCFACEOUTERBOUND (#8461, .T.);
#8459 = IFCFACE ((#8460));
#8468 = IFCCARTESIANPOINT ((0.0576824, -0.187177, 0.742788));
#8469 = IFCCARTESIANPOINT ((0.062435, -0.19632, 0.720714));
#8470 = IFCCARTESIANPOINT ((0.0576824, -0.170116, 0.739395));
#8467 = IFCPOLYLOOP ((#8468, #8469, #8470));
#8466 = IFCFACEOUTERBOUND (#8467, .T.);
#8465 = IFCFACE ((#8466));
#8474 = IFCCARTESIANPOINT ((0.062435, -0.19632, 0.720714));
#8475 = IFCCARTESIANPOINT ((0.062435, -0.170116, 0.715502));
#8476 = IFCCARTESIANPOINT ((0.0576824, -0.170116, 0.739395));
#8473 = IFCPOLYLOOP ((#8474, #8475, #8476));
#8472 = IFCFACEOUTERBOUND (#8473, .T.);
#8471 = IFCFACE ((#8472));
#8480 = IFCCARTESIANPOINT ((0.062435, -0.19632, 0.720714));
#8481 = IFCCARTESIANPOINT ((0.0576824, -0.205464, 0.69864));
#8482 = IFCCARTESIANPOINT ((0.062435, -0.170116, 0.715502));
#8479 = IFCPOLYLOOP ((#8480, #8481, #8482));
#8478 = IFCFACEOUTERBOUND (#8479, .T.);
#8477 = IFCFACE ((#8478));
#8486 = IFCCARTESIANPOINT ((0.0576824, -0.205464, 0.69864));
#8487 = IFCCARTESIANPOINT ((0.0576824, -0.170116, 0.691609));
#8488 = IFCCARTESIANPOINT ((0.062435, -0.170116, 0.715502));
#8485 = IFCPOLYLOOP ((#8486, #8487, #8488));
#8484 = IFCFACEOUTERBOUND (#8485, .T.);
#8483 = IFCFACE ((#8484));
#8492 = IFCCARTESIANPOINT ((0.0576824, -0.205464, 0.69864));
#8493 = IFCCARTESIANPOINT ((0.0441482, -0.213215, 0.679927));
#8494 = IFCCARTESIANPOINT ((0.0576824, -0.170116, 0.691609));
#8491 = IFCPOLYLOOP ((#8492, #8493, #8494));
#8490 = IFCFACEOUTERBOUND (#8491, .T.);
#8489 = IFCFACE ((#8490));
#8498 = IFCCARTESIANPOINT ((0.0441482, -0.213215, 0.679927));
#8499 = IFCCARTESIANPOINT ((0.0441482, -0.170116, 0.671354));
#8500 = IFCCARTESIANPOINT ((0.0576824, -0.170116, 0.691609));
#8497 = IFCPOLYLOOP ((#8498, #8499, #8500));
#8496 = IFCFACEOUTERBOUND (#8497, .T.);
#8495 = IFCFACE ((#8496));
#8504 = IFCCARTESIANPOINT ((0.0441482, -0.213215, 0.679927));
#8505 = IFCCARTESIANPOINT ((0.0238928, -0.218394, 0.667423));
#8506 = IFCCARTESIANPOINT ((0.0441482, -0.170116, 0.671354));
#8503 = IFCPOLYLOOP ((#8504, #8505, #8506));
#8502 = IFCFACEOUTERBOUND (#8503, .T.);
#8501 = IFCFACE ((#8502));
#8510 = IFCCARTESIANPOINT ((0.0238928, -0.218394, 0.667423));
#8511 = IFCCARTESIANPOINT ((0.0238928, -0.170116, 0.657819));
#8512 = IFCCARTESIANPOINT ((0.0441482, -0.170116, 0.671354));
#8509 = IFCPOLYLOOP ((#8510, #8511, #8512));
#8508 = IFCFACEOUTERBOUND (#8509, .T.);
#8507 = IFCFACE ((#8508));
#8516 = IFCCARTESIANPOINT ((0.0238928, -0.218394, 0.667423));
#8517 = IFCCARTESIANPOINT ((0., -0.220213, 0.663032));
#8518 = IFCCARTESIANPOINT ((0.0238928, -0.170116, 0.657819));
#8515 = IFCPOLYLOOP ((#8516, #8517, #8518));
#8514 = IFCFACEOUTERBOUND (#8515, .T.);
#8513 = IFCFACE ((#8514));
#8522 = IFCCARTESIANPOINT ((0., -0.220213, 0.663032));
#8523 = IFCCARTESIANPOINT ((0., -0.170116, 0.653067));
#8524 = IFCCARTESIANPOINT ((0.0238928, -0.170116, 0.657819));
#8521 = IFCPOLYLOOP ((#8522, #8523, #8524));
#8520 = IFCFACEOUTERBOUND (#8521, .T.);
#8519 = IFCFACE ((#8520));
#8528 = IFCCARTESIANPOINT ((0., -0.220213, 0.663032));
#8529 = IFCCARTESIANPOINT ((-0.0238928, -0.218394, 0.667423));
#8530 = IFCCARTESIANPOINT ((0., -0.170116, 0.653067));
#8527 = IFCPOLYLOOP ((#8528, #8529, #8530));
#8526 = IFCFACEOUTERBOUND (#8527, .T.);
#8525 = IFCFACE ((#8526));
#8534 = IFCCARTESIANPOINT ((-0.0238928, -0.218394, 0.667423));
#8535 = IFCCARTESIANPOINT ((-0.0238928, -0.170116, 0.657819));
#8536 = IFCCARTESIANPOINT ((0., -0.170116, 0.653067));
#8533 = IFCPOLYLOOP ((#8534, #8535, #8536));
#8532 = IFCFACEOUTERBOUND (#8533, .T.);
#8531 = IFCFACE ((#8532));
#8540 = IFCCARTESIANPOINT ((-0.0238928, -0.218394, 0.667423));
#8541 = IFCCARTESIANPOINT ((-0.0441482, -0.213215, 0.679927));
#8542 = IFCCARTESIANPOINT ((-0.0238928, -0.170116, 0.657819));
#8539 = IFCPOLYLOOP ((#8540, #8541, #8542));
#8538 = IFCFACEOUTERBOUND (#8539, .T.);
#8537 = IFCFACE ((#8538));
#8546 = IFCCARTESIANPOINT ((-0.0441482, -0.213215, 0.679927));
#8547 = IFCCARTESIANPOINT ((-0.0441482, -0.170116, 0.671354));
#8548 = IFCCARTESIANPOINT ((-0.0238928, -0.170116, 0.657819));
#8545 = IFCPOLYLOOP ((#8546, #8547, #8548));
#8544 = IFCFACEOUTERBOUND (#8545, .T.);
#8543 = IFCFACE ((#8544));
#8552 = IFCCARTESIANPOINT ((-0.0441482, -0.213215, 0.679927));
#8553 = IFCCARTESIANPOINT ((-0.0576824, -0.205464, 0.69864));
#8554 = IFCCARTESIANPOINT ((-0.0441482, -0.170116, 0.671354));
#8551 = IFCPOLYLOOP ((#8552, #8553, #8554));
#8550 = IFCFACEOUTERBOUND (#8551, .T.);
#8549 = IFCFACE ((#8550));
#8558 = IFCCARTESIANPOINT ((-0.0576824, -0.205464, 0.69864));
#8559 = IFCCARTESIANPOINT ((-0.0576824, -0.170116, 0.691609));
#8560 = IFCCARTESIANPOINT ((-0.0441482, -0.170116, 0.671354));
#8557 = IFCPOLYLOOP ((#8558, #8559, #8560));
#8556 = IFCFACEOUTERBOUND (#8557, .T.);
#8555 = IFCFACE ((#8556));
#8564 = IFCCARTESIANPOINT ((-0.0576824, -0.205464, 0.69864));
#8565 = IFCCARTESIANPOINT ((-0.062435, -0.19632, 0.720714));
#8566 = IFCCARTESIANPOINT ((-0.0576824, -0.170116, 0.691609));
#8563 = IFCPOLYLOOP ((#8564, #8565, #8566));
#8562 = IFCFACEOUTERBOUND (#8563, .T.);
#8561 = IFCFACE ((#8562));
#8570 = IFCCARTESIANPOINT ((-0.062435, -0.19632, 0.720714));
#8571 = IFCCARTESIANPOINT ((-0.062435, -0.170116, 0.715502));
#8572 = IFCCARTESIANPOINT ((-0.0576824, -0.170116, 0.691609));
#8569 = IFCPOLYLOOP ((#8570, #8571, #8572));
#8568 = IFCFACEOUTERBOUND (#8569, .T.);
#8567 = IFCFACE ((#8568));
#8576 = IFCCARTESIANPOINT ((-0.062435, -0.19632, 0.720714));
#8577 = IFCCARTESIANPOINT ((-0.0576824, -0.187177, 0.742788));
#8578 = IFCCARTESIANPOINT ((-0.062435, -0.170116, 0.715502));
#8575 = IFCPOLYLOOP ((#8576, #8577, #8578));
#8574 = IFCFACEOUTERBOUND (#8575, .T.);
#8573 = IFCFACE ((#8574));
#8582 = IFCCARTESIANPOINT ((-0.0576824, -0.187177, 0.742788));
#8583 = IFCCARTESIANPOINT ((-0.0576824, -0.170116, 0.739395));
#8584 = IFCCARTESIANPOINT ((-0.062435, -0.170116, 0.715502));
#8581 = IFCPOLYLOOP ((#8582, #8583, #8584));
#8580 = IFCFACEOUTERBOUND (#8581, .T.);
#8579 = IFCFACE ((#8580));
#8588 = IFCCARTESIANPOINT ((-0.0576824, -0.187177, 0.742788));
#8589 = IFCCARTESIANPOINT ((-0.0441482, -0.179425, 0.761502));
#8590 = IFCCARTESIANPOINT ((-0.0576824, -0.170116, 0.739395));
#8587 = IFCPOLYLOOP ((#8588, #8589, #8590));
#8586 = IFCFACEOUTERBOUND (#8587, .T.);
#8585 = IFCFACE ((#8586));
#8594 = IFCCARTESIANPOINT ((-0.0441482, -0.179425, 0.761502));
#8595 = IFCCARTESIANPOINT ((-0.0441482, -0.170116, 0.75965));
#8596 = IFCCARTESIANPOINT ((-0.0576824, -0.170116, 0.739395));
#8593 = IFCPOLYLOOP ((#8594, #8595, #8596));
#8592 = IFCFACEOUTERBOUND (#8593, .T.);
#8591 = IFCFACE ((#8592));
#8600 = IFCCARTESIANPOINT ((-0.0441482, -0.179425, 0.761502));
#8601 = IFCCARTESIANPOINT ((-0.0238928, -0.174246, 0.774006));
#8602 = IFCCARTESIANPOINT ((-0.0441482, -0.170116, 0.75965));
#8599 = IFCPOLYLOOP ((#8600, #8601, #8602));
#8598 = IFCFACEOUTERBOUND (#8599, .T.);
#8597 = IFCFACE ((#8598));
#8606 = IFCCARTESIANPOINT ((-0.0238928, -0.174246, 0.774006));
#8607 = IFCCARTESIANPOINT ((-0.0238928, -0.170116, 0.773184));
#8608 = IFCCARTESIANPOINT ((-0.0441482, -0.170116, 0.75965));
#8605 = IFCPOLYLOOP ((#8606, #8607, #8608));
#8604 = IFCFACEOUTERBOUND (#8605, .T.);
#8603 = IFCFACE ((#8604));
#8612 = IFCCARTESIANPOINT ((-0.0238928, -0.174246, 0.774006));
#8613 = IFCCARTESIANPOINT ((0., -0.172427, 0.778397));
#8614 = IFCCARTESIANPOINT ((-0.0238928, -0.170116, 0.773184));
#8611 = IFCPOLYLOOP ((#8612, #8613, #8614));
#8610 = IFCFACEOUTERBOUND (#8611, .T.);
#8609 = IFCFACE ((#8610));
#8618 = IFCCARTESIANPOINT ((0., -0.172427, 0.778397));
#8619 = IFCCARTESIANPOINT ((0., -0.170116, 0.777937));
#8620 = IFCCARTESIANPOINT ((-0.0238928, -0.170116, 0.773184));
#8617 = IFCPOLYLOOP ((#8618, #8619, #8620));
#8616 = IFCFACEOUTERBOUND (#8617, .T.);
#8615 = IFCFACE ((#8616));
#7814 = IFCCLOSEDSHELL ((#7815, #7834, #7853, #7859, #7865, #7871, #7877, #7883, #7889, #7895, #7901, #7907, #7913, #7919, #7925, #7931, #7937, #7943, #7949, #7955, #7961, #7967, #7973, #7979, #7985, #7991, #7997, #8003, #8009, #8015, #8021, #8027, #8033, #8039, #8045, #8051, #8057, #8063, #8069, #8075, #8081, #8087, #8093, #8099, #8105, #8111, #8117, #8123, #8129, #8135, #8141, #8147, #8153, #8159, #8165, #8171, #8177, #8183, #8189, #8195, #8201, #8207, #8213, #8219, #8225, #8231, #8237, #8243, #8249, #8255, #8261, #8267, #8273, #8279, #8285, #8291, #8297, #8303, #8309, #8315, #8321, #8327, #8333, #8339, #8345, #8351, #8357, #8363, #8369, #8375, #8381, #8387, #8393, #8399, #8405, #8411, #8417, #8423, #8429, #8435, #8441, #8447, #8453, #8459, #8465, #8471, #8477, #8483, #8489, #8495, #8501, #8507, #8513, #8519, #8525, #8531, #8537, #8543, #8549, #8555, #8561, #8567, #8573, #8579, #8585, #8591, #8597, #8603, #8609, #8615));
#7813 = IFCFACETEDBREP (#7814);
#8626 = IFCCARTESIANPOINT ((0.426094, -0.251527, 1.06861));
#8627 = IFCCARTESIANPOINT ((0.426094, -0.253256, 1.06976));
#8628 = IFCCARTESIANPOINT ((0.365924, -0.253256, 1.06976));
#8629 = IFCCARTESIANPOINT ((0.365924, -0.251527, 1.06861));
#8625 = IFCPOLYLOOP ((#8626, #8627, #8628, #8629));
#8624 = IFCFACEOUTERBOUND (#8625, .T.);
#8623 = IFCFACE ((#8624));
#8633 = IFCCARTESIANPOINT ((0.426094, -0.253256, 1.06976));
#8634 = IFCCARTESIANPOINT ((0.426094, -0.254411, 1.07149));
#8635 = IFCCARTESIANPOINT ((0.365924, -0.254411, 1.07149));
#8636 = IFCCARTESIANPOINT ((0.365924, -0.253256, 1.06976));
#8632 = IFCPOLYLOOP ((#8633, #8634, #8635, #8636));
#8631 = IFCFACEOUTERBOUND (#8632, .T.);
#8630 = IFCFACE ((#8631));
#8640 = IFCCARTESIANPOINT ((0.426094, -0.254411, 1.07149));
#8641 = IFCCARTESIANPOINT ((0.426094, -0.254817, 1.07353));
#8642 = IFCCARTESIANPOINT ((0.365924, -0.254817, 1.07353));
#8643 = IFCCARTESIANPOINT ((0.365924, -0.254411, 1.07149));
#8639 = IFCPOLYLOOP ((#8640, #8641, #8642, #8643));
#8638 = IFCFACEOUTERBOUND (#8639, .T.);
#8637 = IFCFACE ((#8638));
#8647 = IFCCARTESIANPOINT ((0.426094, -0.254817, 1.07353));
#8648 = IFCCARTESIANPOINT ((0.426094, -0.254411, 1.07557));
#8649 = IFCCARTESIANPOINT ((0.365924, -0.254411, 1.07557));
#8650 = IFCCARTESIANPOINT ((0.365924, -0.254817, 1.07353));
#8646 = IFCPOLYLOOP ((#8647, #8648, #8649, #8650));
#8645 = IFCFACEOUTERBOUND (#8646, .T.);
#8644 = IFCFACE ((#8645));
#8654 = IFCCARTESIANPOINT ((0.426094, -0.254411, 1.07557));
#8655 = IFCCARTESIANPOINT ((0.426094, -0.253256, 1.0773));
#8656 = IFCCARTESIANPOINT ((0.365924, -0.253256, 1.0773));
#8657 = IFCCARTESIANPOINT ((0.365924, -0.254411, 1.07557));
#8653 = IFCPOLYLOOP ((#8654, #8655, #8656, #8657));
#8652 = IFCFACEOUTERBOUND (#8653, .T.);
#8651 = IFCFACE ((#8652));
#8661 = IFCCARTESIANPOINT ((0.426094, -0.253256, 1.0773));
#8662 = IFCCARTESIANPOINT ((0.426094, -0.251527, 1.07845));
#8663 = IFCCARTESIANPOINT ((0.365924, -0.251527, 1.07845));
#8664 = IFCCARTESIANPOINT ((0.365924, -0.253256, 1.0773));
#8660 = IFCPOLYLOOP ((#8661, #8662, #8663, #8664));
#8659 = IFCFACEOUTERBOUND (#8660, .T.);
#8658 = IFCFACE ((#8659));
#8668 = IFCCARTESIANPOINT ((0.426094, -0.251527, 1.07845));
#8669 = IFCCARTESIANPOINT ((0.426094, -0.249487, 1.07886));
#8670 = IFCCARTESIANPOINT ((0.365924, -0.249487, 1.07886));
#8671 = IFCCARTESIANPOINT ((0.365924, -0.251527, 1.07845));
#8667 = IFCPOLYLOOP ((#8668, #8669, #8670, #8671));
#8666 = IFCFACEOUTERBOUND (#8667, .T.);
#8665 = IFCFACE ((#8666));
#8675 = IFCCARTESIANPOINT ((0.426094, -0.249487, 1.07886));
#8676 = IFCCARTESIANPOINT ((0.426094, -0.247447, 1.07845));
#8677 = IFCCARTESIANPOINT ((0.365924, -0.247447, 1.07845));
#8678 = IFCCARTESIANPOINT ((0.365924, -0.249487, 1.07886));
#8674 = IFCPOLYLOOP ((#8675, #8676, #8677, #8678));
#8673 = IFCFACEOUTERBOUND (#8674, .T.);
#8672 = IFCFACE ((#8673));
#8682 = IFCCARTESIANPOINT ((0.426094, -0.247447, 1.07845));
#8683 = IFCCARTESIANPOINT ((0.426094, -0.245718, 1.0773));
#8684 = IFCCARTESIANPOINT ((0.365924, -0.245718, 1.0773));
#8685 = IFCCARTESIANPOINT ((0.365924, -0.247447, 1.07845));
#8681 = IFCPOLYLOOP ((#8682, #8683, #8684, #8685));
#8680 = IFCFACEOUTERBOUND (#8681, .T.);
#8679 = IFCFACE ((#8680));
#8689 = IFCCARTESIANPOINT ((0.426094, -0.245718, 1.0773));
#8690 = IFCCARTESIANPOINT ((0.426094, -0.244563, 1.07557));
#8691 = IFCCARTESIANPOINT ((0.365924, -0.244563, 1.07557));
#8692 = IFCCARTESIANPOINT ((0.365924, -0.245718, 1.0773));
#8688 = IFCPOLYLOOP ((#8689, #8690, #8691, #8692));
#8687 = IFCFACEOUTERBOUND (#8688, .T.);
#8686 = IFCFACE ((#8687));
#8696 = IFCCARTESIANPOINT ((0.426094, -0.244563, 1.07557));
#8697 = IFCCARTESIANPOINT ((0.426094, -0.244157, 1.07353));
#8698 = IFCCARTESIANPOINT ((0.365924, -0.244157, 1.07353));
#8699 = IFCCARTESIANPOINT ((0.365924, -0.244563, 1.07557));
#8695 = IFCPOLYLOOP ((#8696, #8697, #8698, #8699));
#8694 = IFCFACEOUTERBOUND (#8695, .T.);
#8693 = IFCFACE ((#8694));
#8703 = IFCCARTESIANPOINT ((0.426094, -0.244157, 1.07353));
#8704 = IFCCARTESIANPOINT ((0.426094, -0.244563, 1.07149));
#8705 = IFCCARTESIANPOINT ((0.365924, -0.244563, 1.07149));
#8706 = IFCCARTESIANPOINT ((0.365924, -0.244157, 1.07353));
#8702 = IFCPOLYLOOP ((#8703, #8704, #8705, #8706));
#8701 = IFCFACEOUTERBOUND (#8702, .T.);
#8700 = IFCFACE ((#8701));
#8710 = IFCCARTESIANPOINT ((0.426094, -0.244563, 1.07149));
#8711 = IFCCARTESIANPOINT ((0.426094, -0.245718, 1.06976));
#8712 = IFCCARTESIANPOINT ((0.365924, -0.245718, 1.06976));
#8713 = IFCCARTESIANPOINT ((0.365924, -0.244563, 1.07149));
#8709 = IFCPOLYLOOP ((#8710, #8711, #8712, #8713));
#8708 = IFCFACEOUTERBOUND (#8709, .T.);
#8707 = IFCFACE ((#8708));
#8717 = IFCCARTESIANPOINT ((0.426094, -0.245718, 1.06976));
#8718 = IFCCARTESIANPOINT ((0.426094, -0.247447, 1.06861));
#8719 = IFCCARTESIANPOINT ((0.365924, -0.247447, 1.06861));
#8720 = IFCCARTESIANPOINT ((0.365924, -0.245718, 1.06976));
#8716 = IFCPOLYLOOP ((#8717, #8718, #8719, #8720));
#8715 = IFCFACEOUTERBOUND (#8716, .T.);
#8714 = IFCFACE ((#8715));
#8724 = IFCCARTESIANPOINT ((0.426094, -0.247447, 1.06861));
#8725 = IFCCARTESIANPOINT ((0.426094, -0.249487, 1.0682));
#8726 = IFCCARTESIANPOINT ((0.365924, -0.249487, 1.0682));
#8727 = IFCCARTESIANPOINT ((0.365924, -0.247447, 1.06861));
#8723 = IFCPOLYLOOP ((#8724, #8725, #8726, #8727));
#8722 = IFCFACEOUTERBOUND (#8723, .T.);
#8721 = IFCFACE ((#8722));
#8731 = IFCCARTESIANPOINT ((0.426094, -0.249487, 1.0682));
#8732 = IFCCARTESIANPOINT ((0.426094, -0.251527, 1.06861));
#8733 = IFCCARTESIANPOINT ((0.365924, -0.251527, 1.06861));
#8734 = IFCCARTESIANPOINT ((0.365924, -0.249487, 1.0682));
#8730 = IFCPOLYLOOP ((#8731, #8732, #8733, #8734));
#8729 = IFCFACEOUTERBOUND (#8730, .T.);
#8728 = IFCFACE ((#8729));
#8738 = IFCCARTESIANPOINT ((0.365924, -0.251527, 1.06861));
#8739 = IFCCARTESIANPOINT ((0.365924, -0.253256, 1.06976));
#8740 = IFCCARTESIANPOINT ((0.365924, -0.254411, 1.07149));
#8741 = IFCCARTESIANPOINT ((0.365924, -0.254817, 1.07353));
#8742 = IFCCARTESIANPOINT ((0.365924, -0.254411, 1.07557));
#8743 = IFCCARTESIANPOINT ((0.365924, -0.253256, 1.0773));
#8744 = IFCCARTESIANPOINT ((0.365924, -0.251527, 1.07845));
#8745 = IFCCARTESIANPOINT ((0.365924, -0.249487, 1.07886));
#8746 = IFCCARTESIANPOINT ((0.365924, -0.247447, 1.07845));
#8747 = IFCCARTESIANPOINT ((0.365924, -0.245718, 1.0773));
#8748 = IFCCARTESIANPOINT ((0.365924, -0.244563, 1.07557));
#8749 = IFCCARTESIANPOINT ((0.365924, -0.244157, 1.07353));
#8750 = IFCCARTESIANPOINT ((0.365924, -0.244563, 1.07149));
#8751 = IFCCARTESIANPOINT ((0.365924, -0.245718, 1.06976));
#8752 = IFCCARTESIANPOINT ((0.365924, -0.247447, 1.06861));
#8753 = IFCCARTESIANPOINT ((0.365924, -0.249487, 1.0682));
#8737 = IFCPOLYLOOP ((#8738, #8739, #8740, #8741, #8742, #8743, #8744, #8745, #8746, #8747, #8748, #8749, #8750, #8751, #8752, #8753));
#8736 = IFCFACEOUTERBOUND (#8737, .T.);
#8735 = IFCFACE ((#8736));
#8757 = IFCCARTESIANPOINT ((0.426094, -0.249487, 1.0682));
#8758 = IFCCARTESIANPOINT ((0.426094, -0.247447, 1.06861));
#8759 = IFCCARTESIANPOINT ((0.426094, -0.245718, 1.06976));
#8760 = IFCCARTESIANPOINT ((0.426094, -0.244563, 1.07149));
#8761 = IFCCARTESIANPOINT ((0.426094, -0.244157, 1.07353));
#8762 = IFCCARTESIANPOINT ((0.426094, -0.244563, 1.07557));
#8763 = IFCCARTESIANPOINT ((0.426094, -0.245718, 1.0773));
#8764 = IFCCARTESIANPOINT ((0.426094, -0.247447, 1.07845));
#8765 = IFCCARTESIANPOINT ((0.426094, -0.249487, 1.07886));
#8766 = IFCCARTESIANPOINT ((0.426094, -0.251527, 1.07845));
#8767 = IFCCARTESIANPOINT ((0.426094, -0.253256, 1.0773));
#8768 = IFCCARTESIANPOINT ((0.426094, -0.254411, 1.07557));
#8769 = IFCCARTESIANPOINT ((0.426094, -0.254817, 1.07353));
#8770 = IFCCARTESIANPOINT ((0.426094, -0.254411, 1.07149));
#8771 = IFCCARTESIANPOINT ((0.426094, -0.253256, 1.06976));
#8772 = IFCCARTESIANPOINT ((0.426094, -0.251527, 1.06861));
#8756 = IFCPOLYLOOP ((#8757, #8758, #8759, #8760, #8761, #8762, #8763, #8764, #8765, #8766, #8767, #8768, #8769, #8770, #8771, #8772));
#8755 = IFCFACEOUTERBOUND (#8756, .T.);
#8754 = IFCFACE ((#8755));
#8622 = IFCCLOSEDSHELL ((#8623, #8630, #8637, #8644, #8651, #8658, #8665, #8672, #8679, #8686, #8693, #8700, #8707, #8714, #8721, #8728, #8735, #8754));
#8621 = IFCFACETEDBREP (#8622);
#8778 = IFCCARTESIANPOINT ((0.385882, -0.249487, 1.08768));
#8779 = IFCCARTESIANPOINT ((0.386652, -0.245618, 1.08768));
#8780 = IFCCARTESIANPOINT ((0.386632, -0.245718, 1.0773));
#8781 = IFCCARTESIANPOINT ((0.386288, -0.247447, 1.07845));
#8782 = IFCCARTESIANPOINT ((0.385882, -0.249487, 1.07886));
#8777 = IFCPOLYLOOP ((#8778, #8779, #8780, #8781, #8782));
#8776 = IFCFACEOUTERBOUND (#8777, .T.);
#8775 = IFCFACE ((#8776));
#8786 = IFCCARTESIANPOINT ((0.388843, -0.242338, 1.08768));
#8787 = IFCCARTESIANPOINT ((0.392123, -0.240147, 1.08768));
#8788 = IFCCARTESIANPOINT ((0.392123, -0.240147, 1.04327));
#8789 = IFCCARTESIANPOINT ((0.388843, -0.242338, 1.04327));
#8785 = IFCPOLYLOOP ((#8786, #8787, #8788, #8789));
#8784 = IFCFACEOUTERBOUND (#8785, .T.);
#8783 = IFCFACE ((#8784));
#8793 = IFCCARTESIANPOINT ((0.399861, -0.258827, 1.08768));
#8794 = IFCCARTESIANPOINT ((0.395992, -0.259597, 1.08768));
#8795 = IFCCARTESIANPOINT ((0.395992, -0.259597, 1.04327));
#8796 = IFCCARTESIANPOINT ((0.399861, -0.258827, 1.04327));
#8792 = IFCPOLYLOOP ((#8793, #8794, #8795, #8796));
#8791 = IFCFACEOUTERBOUND (#8792, .T.);
#8790 = IFCFACE ((#8791));
#8800 = IFCCARTESIANPOINT ((0.386652, -0.245618, 1.08768));
#8801 = IFCCARTESIANPOINT ((0.388843, -0.242338, 1.08768));
#8802 = IFCCARTESIANPOINT ((0.388843, -0.242338, 1.04327));
#8803 = IFCCARTESIANPOINT ((0.386652, -0.245618, 1.04327));
#8804 = IFCCARTESIANPOINT ((0.386652, -0.245618, 1.06991));
#8805 = IFCCARTESIANPOINT ((0.387357, -0.244563, 1.07149));
#8806 = IFCCARTESIANPOINT ((0.387628, -0.244157, 1.07353));
#8807 = IFCCARTESIANPOINT ((0.387357, -0.244563, 1.07557));
#8808 = IFCCARTESIANPOINT ((0.386652, -0.245618, 1.07715));
#8799 = IFCPOLYLOOP ((#8800, #8801, #8802, #8803, #8804, #8805, #8806, #8807, #8808));
#8798 = IFCFACEOUTERBOUND (#8799, .T.);
#8797 = IFCFACE ((#8798));
#8812 = IFCCARTESIANPOINT ((0.386632, -0.245718, 1.0773));
#8813 = IFCCARTESIANPOINT ((0.387357, -0.244563, 1.07557));
#8814 = IFCCARTESIANPOINT ((0.404823, -0.244563, 1.07557));
#8815 = IFCCARTESIANPOINT ((0.405352, -0.245718, 1.0773));
#8811 = IFCPOLYLOOP ((#8812, #8813, #8814, #8815));
#8810 = IFCFACEOUTERBOUND (#8811, .T.);
#8809 = IFCFACE ((#8810));
#8819 = IFCCARTESIANPOINT ((0.387357, -0.254411, 1.07557));
#8820 = IFCCARTESIANPOINT ((0.386909, -0.253256, 1.0773));
#8821 = IFCCARTESIANPOINT ((0.404744, -0.253256, 1.0773));
#8822 = IFCCARTESIANPOINT ((0.404627, -0.254411, 1.07557));
#8818 = IFCPOLYLOOP ((#8819, #8820, #8821, #8822));
#8817 = IFCFACEOUTERBOUND (#8818, .T.);
#8816 = IFCFACE ((#8817));
#8826 = IFCCARTESIANPOINT ((0.385882, -0.249487, 1.07886));
#8827 = IFCCARTESIANPOINT ((0.406102, -0.249487, 1.07886));
#8828 = IFCCARTESIANPOINT ((0.405696, -0.251527, 1.07845));
#8829 = IFCCARTESIANPOINT ((0.386288, -0.251527, 1.07845));
#8825 = IFCPOLYLOOP ((#8826, #8827, #8828, #8829));
#8824 = IFCFACEOUTERBOUND (#8825, .T.);
#8823 = IFCFACE ((#8824));
#8833 = IFCCARTESIANPOINT ((0.387357, -0.254411, 1.07557));
#8834 = IFCCARTESIANPOINT ((0.404627, -0.254411, 1.07557));
#8835 = IFCCARTESIANPOINT ((0.404356, -0.254817, 1.07353));
#8836 = IFCCARTESIANPOINT ((0.387628, -0.254817, 1.07353));
#8832 = IFCPOLYLOOP ((#8833, #8834, #8835, #8836));
#8831 = IFCFACEOUTERBOUND (#8832, .T.);
#8830 = IFCFACE ((#8831));
#8840 = IFCCARTESIANPOINT ((0.406102, -0.249487, 1.0682));
#8841 = IFCCARTESIANPOINT ((0.405696, -0.251527, 1.06861));
#8842 = IFCCARTESIANPOINT ((0.405332, -0.253356, 1.06991));
#8843 = IFCCARTESIANPOINT ((0.405332, -0.253356, 1.04327));
#8844 = IFCCARTESIANPOINT ((0.406102, -0.249487, 1.04327));
#8839 = IFCPOLYLOOP ((#8840, #8841, #8842, #8843, #8844));
#8838 = IFCFACEOUTERBOUND (#8839, .T.);
#8837 = IFCFACE ((#8838));
#8848 = IFCCARTESIANPOINT ((0.406102, -0.249487, 1.08768));
#8849 = IFCCARTESIANPOINT ((0.405332, -0.253356, 1.08768));
#8850 = IFCCARTESIANPOINT ((0.405352, -0.253256, 1.0773));
#8851 = IFCCARTESIANPOINT ((0.405696, -0.251527, 1.07845));
#8852 = IFCCARTESIANPOINT ((0.406102, -0.249487, 1.07886));
#8847 = IFCPOLYLOOP ((#8848, #8849, #8850, #8851, #8852));
#8846 = IFCFACEOUTERBOUND (#8847, .T.);
#8845 = IFCFACE ((#8846));
#8856 = IFCCARTESIANPOINT ((0.405332, -0.245618, 1.08768));
#8857 = IFCCARTESIANPOINT ((0.406102, -0.249487, 1.08768));
#8858 = IFCCARTESIANPOINT ((0.406102, -0.249487, 1.07886));
#8859 = IFCCARTESIANPOINT ((0.405696, -0.247447, 1.07845));
#8860 = IFCCARTESIANPOINT ((0.405332, -0.245618, 1.07715));
#8855 = IFCPOLYLOOP ((#8856, #8857, #8858, #8859, #8860));
#8854 = IFCFACEOUTERBOUND (#8855, .T.);
#8853 = IFCFACE ((#8854));
#8864 = IFCCARTESIANPOINT ((0.405332, -0.245618, 1.08768));
#8865 = IFCCARTESIANPOINT ((0.403141, -0.242338, 1.08768));
#8866 = IFCCARTESIANPOINT ((0.399861, -0.240147, 1.08768));
#8867 = IFCCARTESIANPOINT ((0.395992, -0.239377, 1.08768));
#8868 = IFCCARTESIANPOINT ((0.392123, -0.240147, 1.08768));
#8869 = IFCCARTESIANPOINT ((0.388843, -0.242338, 1.08768));
#8870 = IFCCARTESIANPOINT ((0.386652, -0.245618, 1.08768));
#8871 = IFCCARTESIANPOINT ((0.385882, -0.249487, 1.08768));
#8872 = IFCCARTESIANPOINT ((0.386652, -0.253356, 1.08768));
#8873 = IFCCARTESIANPOINT ((0.388843, -0.256636, 1.08768));
#8874 = IFCCARTESIANPOINT ((0.392123, -0.258827, 1.08768));
#8875 = IFCCARTESIANPOINT ((0.395992, -0.259597, 1.08768));
#8876 = IFCCARTESIANPOINT ((0.399861, -0.258827, 1.08768));
#8877 = IFCCARTESIANPOINT ((0.403141, -0.256636, 1.08768));
#8878 = IFCCARTESIANPOINT ((0.405332, -0.253356, 1.08768));
#8879 = IFCCARTESIANPOINT ((0.406102, -0.249487, 1.08768));
#8863 = IFCPOLYLOOP ((#8864, #8865, #8866, #8867, #8868, #8869, #8870, #8871, #8872, #8873, #8874, #8875, #8876, #8877, #8878, #8879));
#8862 = IFCFACEOUTERBOUND (#8863, .T.);
#8861 = IFCFACE ((#8862));
#8883 = IFCCARTESIANPOINT ((0.405332, -0.253356, 1.08768));
#8884 = IFCCARTESIANPOINT ((0.403141, -0.256636, 1.08768));
#8885 = IFCCARTESIANPOINT ((0.403141, -0.256636, 1.04327));
#8886 = IFCCARTESIANPOINT ((0.405332, -0.253356, 1.04327));
#8887 = IFCCARTESIANPOINT ((0.405332, -0.253356, 1.06991));
#8888 = IFCCARTESIANPOINT ((0.404627, -0.254411, 1.07149));
#8889 = IFCCARTESIANPOINT ((0.404356, -0.254817, 1.07353));
#8890 = IFCCARTESIANPOINT ((0.404627, -0.254411, 1.07557));
#8891 = IFCCARTESIANPOINT ((0.405332, -0.253356, 1.07715));
#8882 = IFCPOLYLOOP ((#8883, #8884, #8885, #8886, #8887, #8888, #8889, #8890, #8891));
#8881 = IFCFACEOUTERBOUND (#8882, .T.);
#8880 = IFCFACE ((#8881));
#8895 = IFCCARTESIANPOINT ((0.386652, -0.253356, 1.08768));
#8896 = IFCCARTESIANPOINT ((0.385882, -0.249487, 1.08768));
#8897 = IFCCARTESIANPOINT ((0.385882, -0.249487, 1.07886));
#8898 = IFCCARTESIANPOINT ((0.386288, -0.251527, 1.07845));
#8899 = IFCCARTESIANPOINT ((0.386652, -0.253356, 1.07715));
#8894 = IFCPOLYLOOP ((#8895, #8896, #8897, #8898, #8899));
#8893 = IFCFACEOUTERBOUND (#8894, .T.);
#8892 = IFCFACE ((#8893));
#8903 = IFCCARTESIANPOINT ((0.405332, -0.245618, 1.04327));
#8904 = IFCCARTESIANPOINT ((0.405352, -0.245718, 1.06976));
#8905 = IFCCARTESIANPOINT ((0.405696, -0.247447, 1.06861));
#8906 = IFCCARTESIANPOINT ((0.406102, -0.249487, 1.0682));
#8907 = IFCCARTESIANPOINT ((0.406102, -0.249487, 1.04327));
#8902 = IFCPOLYLOOP ((#8903, #8904, #8905, #8906, #8907));
#8901 = IFCFACEOUTERBOUND (#8902, .T.);
#8900 = IFCFACE ((#8901));
#8911 = IFCCARTESIANPOINT ((0.387357, -0.244563, 1.07149));
#8912 = IFCCARTESIANPOINT ((0.386909, -0.245718, 1.06976));
#8913 = IFCCARTESIANPOINT ((0.404744, -0.245718, 1.06976));
#8914 = IFCCARTESIANPOINT ((0.404627, -0.244563, 1.07149));
#8910 = IFCPOLYLOOP ((#8911, #8912, #8913, #8914));
#8909 = IFCFACEOUTERBOUND (#8910, .T.);
#8908 = IFCFACE ((#8909));
#8918 = IFCCARTESIANPOINT ((0.388843, -0.256636, 1.08768));
#8919 = IFCCARTESIANPOINT ((0.386652, -0.253356, 1.08768));
#8920 = IFCCARTESIANPOINT ((0.386652, -0.253356, 1.07715));
#8921 = IFCCARTESIANPOINT ((0.387357, -0.254411, 1.07557));
#8922 = IFCCARTESIANPOINT ((0.387628, -0.254817, 1.07353));
#8923 = IFCCARTESIANPOINT ((0.387357, -0.254411, 1.07149));
#8924 = IFCCARTESIANPOINT ((0.386652, -0.253356, 1.06991));
#8925 = IFCCARTESIANPOINT ((0.386652, -0.253356, 1.04327));
#8926 = IFCCARTESIANPOINT ((0.388843, -0.256636, 1.04327));
#8917 = IFCPOLYLOOP ((#8918, #8919, #8920, #8921, #8922, #8923, #8924, #8925, #8926));
#8916 = IFCFACEOUTERBOUND (#8917, .T.);
#8915 = IFCFACE ((#8916));
#8930 = IFCCARTESIANPOINT ((0.392123, -0.258827, 1.08768));
#8931 = IFCCARTESIANPOINT ((0.388843, -0.256636, 1.08768));
#8932 = IFCCARTESIANPOINT ((0.388843, -0.256636, 1.04327));
#8933 = IFCCARTESIANPOINT ((0.392123, -0.258827, 1.04327));
#8929 = IFCPOLYLOOP ((#8930, #8931, #8932, #8933));
#8928 = IFCFACEOUTERBOUND (#8929, .T.);
#8927 = IFCFACE ((#8928));
#8937 = IFCCARTESIANPOINT ((0.386288, -0.247447, 1.06861));
#8938 = IFCCARTESIANPOINT ((0.405696, -0.247447, 1.06861));
#8939 = IFCCARTESIANPOINT ((0.405352, -0.245718, 1.06976));
#8940 = IFCCARTESIANPOINT ((0.386632, -0.245718, 1.06976));
#8936 = IFCPOLYLOOP ((#8937, #8938, #8939, #8940));
#8935 = IFCFACEOUTERBOUND (#8936, .T.);
#8934 = IFCFACE ((#8935));
#8944 = IFCCARTESIANPOINT ((0.395992, -0.259597, 1.08768));
#8945 = IFCCARTESIANPOINT ((0.392123, -0.258827, 1.08768));
#8946 = IFCCARTESIANPOINT ((0.392123, -0.258827, 1.04327));
#8947 = IFCCARTESIANPOINT ((0.395992, -0.259597, 1.04327));
#8943 = IFCPOLYLOOP ((#8944, #8945, #8946, #8947));
#8942 = IFCFACEOUTERBOUND (#8943, .T.);
#8941 = IFCFACE ((#8942));
#8951 = IFCCARTESIANPOINT ((0.385882, -0.249487, 1.0682));
#8952 = IFCCARTESIANPOINT ((0.386288, -0.247447, 1.06861));
#8953 = IFCCARTESIANPOINT ((0.386652, -0.245618, 1.06991));
#8954 = IFCCARTESIANPOINT ((0.386652, -0.245618, 1.04327));
#8955 = IFCCARTESIANPOINT ((0.385882, -0.249487, 1.04327));
#8950 = IFCPOLYLOOP ((#8951, #8952, #8953, #8954, #8955));
#8949 = IFCFACEOUTERBOUND (#8950, .T.);
#8948 = IFCFACE ((#8949));
#8959 = IFCCARTESIANPOINT ((0.403141, -0.242338, 1.08768));
#8960 = IFCCARTESIANPOINT ((0.405332, -0.245618, 1.08768));
#8961 = IFCCARTESIANPOINT ((0.405332, -0.245618, 1.07715));
#8962 = IFCCARTESIANPOINT ((0.404627, -0.244563, 1.07557));
#8963 = IFCCARTESIANPOINT ((0.404356, -0.244157, 1.07353));
#8964 = IFCCARTESIANPOINT ((0.404627, -0.244563, 1.07149));
#8965 = IFCCARTESIANPOINT ((0.405332, -0.245618, 1.06991));
#8966 = IFCCARTESIANPOINT ((0.405332, -0.245618, 1.04327));
#8967 = IFCCARTESIANPOINT ((0.403141, -0.242338, 1.04327));
#8958 = IFCPOLYLOOP ((#8959, #8960, #8961, #8962, #8963, #8964, #8965, #8966, #8967));
#8957 = IFCFACEOUTERBOUND (#8958, .T.);
#8956 = IFCFACE ((#8957));
#8971 = IFCCARTESIANPOINT ((0.385882, -0.249487, 1.0682));
#8972 = IFCCARTESIANPOINT ((0.406102, -0.249487, 1.0682));
#8973 = IFCCARTESIANPOINT ((0.405696, -0.247447, 1.06861));
#8974 = IFCCARTESIANPOINT ((0.386288, -0.247447, 1.06861));
#8970 = IFCPOLYLOOP ((#8971, #8972, #8973, #8974));
#8969 = IFCFACEOUTERBOUND (#8970, .T.);
#8968 = IFCFACE ((#8969));
#8978 = IFCCARTESIANPOINT ((0.399861, -0.240147, 1.08768));
#8979 = IFCCARTESIANPOINT ((0.403141, -0.242338, 1.08768));
#8980 = IFCCARTESIANPOINT ((0.403141, -0.242338, 1.04327));
#8981 = IFCCARTESIANPOINT ((0.399861, -0.240147, 1.04327));
#8977 = IFCPOLYLOOP ((#8978, #8979, #8980, #8981));
#8976 = IFCFACEOUTERBOUND (#8977, .T.);
#8975 = IFCFACE ((#8976));
#8985 = IFCCARTESIANPOINT ((0.403141, -0.256636, 1.08768));
#8986 = IFCCARTESIANPOINT ((0.399861, -0.258827, 1.08768));
#8987 = IFCCARTESIANPOINT ((0.399861, -0.258827, 1.04327));
#8988 = IFCCARTESIANPOINT ((0.403141, -0.256636, 1.04327));
#8984 = IFCPOLYLOOP ((#8985, #8986, #8987, #8988));
#8983 = IFCFACEOUTERBOUND (#8984, .T.);
#8982 = IFCFACE ((#8983));
#8992 = IFCCARTESIANPOINT ((0.395992, -0.239377, 1.08768));
#8993 = IFCCARTESIANPOINT ((0.399861, -0.240147, 1.08768));
#8994 = IFCCARTESIANPOINT ((0.399861, -0.240147, 1.04327));
#8995 = IFCCARTESIANPOINT ((0.395992, -0.239377, 1.04327));
#8991 = IFCPOLYLOOP ((#8992, #8993, #8994, #8995));
#8990 = IFCFACEOUTERBOUND (#8991, .T.);
#8989 = IFCFACE ((#8990));
#8999 = IFCCARTESIANPOINT ((0.386652, -0.253356, 1.04327));
#9000 = IFCCARTESIANPOINT ((0.386632, -0.253256, 1.06976));
#9001 = IFCCARTESIANPOINT ((0.386288, -0.251527, 1.06861));
#9002 = IFCCARTESIANPOINT ((0.385882, -0.249487, 1.0682));
#9003 = IFCCARTESIANPOINT ((0.385882, -0.249487, 1.04327));
#8998 = IFCPOLYLOOP ((#8999, #9000, #9001, #9002, #9003));
#8997 = IFCFACEOUTERBOUND (#8998, .T.);
#8996 = IFCFACE ((#8997));
#9007 = IFCCARTESIANPOINT ((0.387357, -0.244563, 1.07149));
#9008 = IFCCARTESIANPOINT ((0.404627, -0.244563, 1.07149));
#9009 = IFCCARTESIANPOINT ((0.404356, -0.244157, 1.07353));
#9010 = IFCCARTESIANPOINT ((0.387628, -0.244157, 1.07353));
#9006 = IFCPOLYLOOP ((#9007, #9008, #9009, #9010));
#9005 = IFCFACEOUTERBOUND (#9006, .T.);
#9004 = IFCFACE ((#9005));
#9014 = IFCCARTESIANPOINT ((0.386288, -0.251527, 1.07845));
#9015 = IFCCARTESIANPOINT ((0.405696, -0.251527, 1.07845));
#9016 = IFCCARTESIANPOINT ((0.405352, -0.253256, 1.0773));
#9017 = IFCCARTESIANPOINT ((0.386632, -0.253256, 1.0773));
#9013 = IFCPOLYLOOP ((#9014, #9015, #9016, #9017));
#9012 = IFCFACEOUTERBOUND (#9013, .T.);
#9011 = IFCFACE ((#9012));
#9021 = IFCCARTESIANPOINT ((0.392123, -0.240147, 1.08768));
#9022 = IFCCARTESIANPOINT ((0.395992, -0.239377, 1.08768));
#9023 = IFCCARTESIANPOINT ((0.395992, -0.239377, 1.04327));
#9024 = IFCCARTESIANPOINT ((0.392123, -0.240147, 1.04327));
#9020 = IFCPOLYLOOP ((#9021, #9022, #9023, #9024));
#9019 = IFCFACEOUTERBOUND (#9020, .T.);
#9018 = IFCFACE ((#9019));
#9028 = IFCCARTESIANPOINT ((0.406102, -0.249487, 1.04327));
#9029 = IFCCARTESIANPOINT ((0.405332, -0.253356, 1.04327));
#9030 = IFCCARTESIANPOINT ((0.403141, -0.256636, 1.04327));
#9031 = IFCCARTESIANPOINT ((0.399861, -0.258827, 1.04327));
#9032 = IFCCARTESIANPOINT ((0.395992, -0.259597, 1.04327));
#9033 = IFCCARTESIANPOINT ((0.392123, -0.258827, 1.04327));
#9034 = IFCCARTESIANPOINT ((0.388843, -0.256636, 1.04327));
#9035 = IFCCARTESIANPOINT ((0.386652, -0.253356, 1.04327));
#9036 = IFCCARTESIANPOINT ((0.385882, -0.249487, 1.04327));
#9037 = IFCCARTESIANPOINT ((0.386652, -0.245618, 1.04327));
#9038 = IFCCARTESIANPOINT ((0.388843, -0.242338, 1.04327));
#9039 = IFCCARTESIANPOINT ((0.392123, -0.240147, 1.04327));
#9040 = IFCCARTESIANPOINT ((0.395992, -0.239377, 1.04327));
#9041 = IFCCARTESIANPOINT ((0.399861, -0.240147, 1.04327));
#9042 = IFCCARTESIANPOINT ((0.403141, -0.242338, 1.04327));
#9043 = IFCCARTESIANPOINT ((0.405332, -0.245618, 1.04327));
#9027 = IFCPOLYLOOP ((#9028, #9029, #9030, #9031, #9032, #9033, #9034, #9035, #9036, #9037, #9038, #9039, #9040, #9041, #9042, #9043));
#9026 = IFCFACEOUTERBOUND (#9027, .T.);
#9025 = IFCFACE ((#9026));
#9047 = IFCCARTESIANPOINT ((0.386288, -0.247447, 1.07845));
#9048 = IFCCARTESIANPOINT ((0.386632, -0.245718, 1.0773));
#9049 = IFCCARTESIANPOINT ((0.405352, -0.245718, 1.0773));
#9050 = IFCCARTESIANPOINT ((0.405696, -0.247447, 1.07845));
#9046 = IFCPOLYLOOP ((#9047, #9048, #9049, #9050));
#9045 = IFCFACEOUTERBOUND (#9046, .T.);
#9044 = IFCFACE ((#9045));
#9054 = IFCCARTESIANPOINT ((0.385882, -0.249487, 1.0682));
#9055 = IFCCARTESIANPOINT ((0.386288, -0.251527, 1.06861));
#9056 = IFCCARTESIANPOINT ((0.405696, -0.251527, 1.06861));
#9057 = IFCCARTESIANPOINT ((0.406102, -0.249487, 1.0682));
#9053 = IFCPOLYLOOP ((#9054, #9055, #9056, #9057));
#9052 = IFCFACEOUTERBOUND (#9053, .T.);
#9051 = IFCFACE ((#9052));
#9061 = IFCCARTESIANPOINT ((0.387357, -0.244563, 1.07557));
#9062 = IFCCARTESIANPOINT ((0.387628, -0.244157, 1.07353));
#9063 = IFCCARTESIANPOINT ((0.404356, -0.244157, 1.07353));
#9064 = IFCCARTESIANPOINT ((0.404627, -0.244563, 1.07557));
#9060 = IFCPOLYLOOP ((#9061, #9062, #9063, #9064));
#9059 = IFCFACEOUTERBOUND (#9060, .T.);
#9058 = IFCFACE ((#9059));
#9068 = IFCCARTESIANPOINT ((0.385882, -0.249487, 1.07886));
#9069 = IFCCARTESIANPOINT ((0.386288, -0.247447, 1.07845));
#9070 = IFCCARTESIANPOINT ((0.405696, -0.247447, 1.07845));
#9071 = IFCCARTESIANPOINT ((0.406102, -0.249487, 1.07886));
#9067 = IFCPOLYLOOP ((#9068, #9069, #9070, #9071));
#9066 = IFCFACEOUTERBOUND (#9067, .T.);
#9065 = IFCFACE ((#9066));
#9075 = IFCCARTESIANPOINT ((0.387357, -0.254411, 1.07149));
#9076 = IFCCARTESIANPOINT ((0.387628, -0.254817, 1.07353));
#9077 = IFCCARTESIANPOINT ((0.404356, -0.254817, 1.07353));
#9078 = IFCCARTESIANPOINT ((0.404627, -0.254411, 1.07149));
#9074 = IFCPOLYLOOP ((#9075, #9076, #9077, #9078));
#9073 = IFCFACEOUTERBOUND (#9074, .T.);
#9072 = IFCFACE ((#9073));
#9082 = IFCCARTESIANPOINT ((0.386288, -0.251527, 1.06861));
#9083 = IFCCARTESIANPOINT ((0.386632, -0.253256, 1.06976));
#9084 = IFCCARTESIANPOINT ((0.405352, -0.253256, 1.06976));
#9085 = IFCCARTESIANPOINT ((0.405696, -0.251527, 1.06861));
#9081 = IFCPOLYLOOP ((#9082, #9083, #9084, #9085));
#9080 = IFCFACEOUTERBOUND (#9081, .T.);
#9079 = IFCFACE ((#9080));
#9089 = IFCCARTESIANPOINT ((0.386632, -0.253256, 1.06976));
#9090 = IFCCARTESIANPOINT ((0.387357, -0.254411, 1.07149));
#9091 = IFCCARTESIANPOINT ((0.404823, -0.254411, 1.07149));
#9092 = IFCCARTESIANPOINT ((0.405352, -0.253256, 1.06976));
#9088 = IFCPOLYLOOP ((#9089, #9090, #9091, #9092));
#9087 = IFCFACEOUTERBOUND (#9088, .T.);
#9086 = IFCFACE ((#9087));
#8774 = IFCCLOSEDSHELL ((#8775, #8783, #8790, #8797, #8809, #8816, #8823, #8830, #8837, #8845, #8853, #8861, #8880, #8892, #8900, #8908, #8915, #8927, #8934, #8941, #8948, #8956, #8968, #8975, #8982, #8989, #8996, #9004, #9011, #9018, #9025, #9044, #9051, #9058, #9065, #9072, #9079, #9086));
#8773 = IFCFACETEDBREP (#8774);
#9098 = IFCCARTESIANPOINT ((0.0729865, -0.789103, 0.521866));
#9099 = IFCCARTESIANPOINT ((0.0558614, -0.789103, 0.496237));
#9100 = IFCCARTESIANPOINT ((0.0558614, -0.578723, 0.496237));
#9101 = IFCCARTESIANPOINT ((0.0729865, -0.578723, 0.521866));
#9097 = IFCPOLYLOOP ((#9098, #9099, #9100, #9101));
#9096 = IFCFACEOUTERBOUND (#9097, .T.);
#9095 = IFCFACE ((#9096));
#9105 = IFCCARTESIANPOINT ((0.0558614, -0.789103, 0.496237));
#9106 = IFCCARTESIANPOINT ((0.030232, -0.789103, 0.479112));
#9107 = IFCCARTESIANPOINT ((0.030232, -0.578723, 0.479112));
#9108 = IFCCARTESIANPOINT ((0.0558614, -0.578723, 0.496237));
#9104 = IFCPOLYLOOP ((#9105, #9106, #9107, #9108));
#9103 = IFCFACEOUTERBOUND (#9104, .T.);
#9102 = IFCFACE ((#9103));
#9112 = IFCCARTESIANPOINT ((0.030232, -0.789103, 0.479112));
#9113 = IFCCARTESIANPOINT ((0., -0.789103, 0.473098));
#9114 = IFCCARTESIANPOINT ((0., -0.578723, 0.473098));
#9115 = IFCCARTESIANPOINT ((0.030232, -0.578723, 0.479112));
#9111 = IFCPOLYLOOP ((#9112, #9113, #9114, #9115));
#9110 = IFCFACEOUTERBOUND (#9111, .T.);
#9109 = IFCFACE ((#9110));
#9119 = IFCCARTESIANPOINT ((0., -0.789103, 0.473098));
#9120 = IFCCARTESIANPOINT ((-0.030232, -0.789103, 0.479112));
#9121 = IFCCARTESIANPOINT ((-0.030232, -0.578723, 0.479112));
#9122 = IFCCARTESIANPOINT ((0., -0.578723, 0.473098));
#9118 = IFCPOLYLOOP ((#9119, #9120, #9121, #9122));
#9117 = IFCFACEOUTERBOUND (#9118, .T.);
#9116 = IFCFACE ((#9117));
#9126 = IFCCARTESIANPOINT ((-0.030232, -0.789103, 0.479112));
#9127 = IFCCARTESIANPOINT ((-0.0558614, -0.789103, 0.496237));
#9128 = IFCCARTESIANPOINT ((-0.0558614, -0.578723, 0.496237));
#9129 = IFCCARTESIANPOINT ((-0.030232, -0.578723, 0.479112));
#9125 = IFCPOLYLOOP ((#9126, #9127, #9128, #9129));
#9124 = IFCFACEOUTERBOUND (#9125, .T.);
#9123 = IFCFACE ((#9124));
#9133 = IFCCARTESIANPOINT ((-0.0558614, -0.789103, 0.496237));
#9134 = IFCCARTESIANPOINT ((-0.0729865, -0.789103, 0.521866));
#9135 = IFCCARTESIANPOINT ((-0.0729865, -0.578723, 0.521866));
#9136 = IFCCARTESIANPOINT ((-0.0558614, -0.578723, 0.496237));
#9132 = IFCPOLYLOOP ((#9133, #9134, #9135, #9136));
#9131 = IFCFACEOUTERBOUND (#9132, .T.);
#9130 = IFCFACE ((#9131));
#9140 = IFCCARTESIANPOINT ((-0.0729865, -0.789103, 0.521866));
#9141 = IFCCARTESIANPOINT ((-0.079, -0.789103, 0.552098));
#9142 = IFCCARTESIANPOINT ((-0.079, -0.578723, 0.552098));
#9143 = IFCCARTESIANPOINT ((-0.0729865, -0.578723, 0.521866));
#9139 = IFCPOLYLOOP ((#9140, #9141, #9142, #9143));
#9138 = IFCFACEOUTERBOUND (#9139, .T.);
#9137 = IFCFACE ((#9138));
#9147 = IFCCARTESIANPOINT ((-0.079, -0.789103, 0.552098));
#9148 = IFCCARTESIANPOINT ((-0.0729865, -0.789103, 0.58233));
#9149 = IFCCARTESIANPOINT ((-0.0729865, -0.578723, 0.58233));
#9150 = IFCCARTESIANPOINT ((-0.079, -0.578723, 0.552098));
#9146 = IFCPOLYLOOP ((#9147, #9148, #9149, #9150));
#9145 = IFCFACEOUTERBOUND (#9146, .T.);
#9144 = IFCFACE ((#9145));
#9154 = IFCCARTESIANPOINT ((-0.0729865, -0.789103, 0.58233));
#9155 = IFCCARTESIANPOINT ((-0.0558614, -0.789103, 0.607959));
#9156 = IFCCARTESIANPOINT ((-0.0558614, -0.578723, 0.607959));
#9157 = IFCCARTESIANPOINT ((-0.0729865, -0.578723, 0.58233));
#9153 = IFCPOLYLOOP ((#9154, #9155, #9156, #9157));
#9152 = IFCFACEOUTERBOUND (#9153, .T.);
#9151 = IFCFACE ((#9152));
#9161 = IFCCARTESIANPOINT ((-0.0558614, -0.789103, 0.607959));
#9162 = IFCCARTESIANPOINT ((-0.030232, -0.789103, 0.625084));
#9163 = IFCCARTESIANPOINT ((-0.030232, -0.578723, 0.625084));
#9164 = IFCCARTESIANPOINT ((-0.0558614, -0.578723, 0.607959));
#9160 = IFCPOLYLOOP ((#9161, #9162, #9163, #9164));
#9159 = IFCFACEOUTERBOUND (#9160, .T.);
#9158 = IFCFACE ((#9159));
#9168 = IFCCARTESIANPOINT ((-0.030232, -0.789103, 0.625084));
#9169 = IFCCARTESIANPOINT ((0., -0.789103, 0.631098));
#9170 = IFCCARTESIANPOINT ((0., -0.578723, 0.631098));
#9171 = IFCCARTESIANPOINT ((-0.030232, -0.578723, 0.625084));
#9167 = IFCPOLYLOOP ((#9168, #9169, #9170, #9171));
#9166 = IFCFACEOUTERBOUND (#9167, .T.);
#9165 = IFCFACE ((#9166));
#9175 = IFCCARTESIANPOINT ((0., -0.789103, 0.631098));
#9176 = IFCCARTESIANPOINT ((0.030232, -0.789103, 0.625084));
#9177 = IFCCARTESIANPOINT ((0.030232, -0.578723, 0.625084));
#9178 = IFCCARTESIANPOINT ((0., -0.578723, 0.631098));
#9174 = IFCPOLYLOOP ((#9175, #9176, #9177, #9178));
#9173 = IFCFACEOUTERBOUND (#9174, .T.);
#9172 = IFCFACE ((#9173));
#9182 = IFCCARTESIANPOINT ((0.030232, -0.789103, 0.625084));
#9183 = IFCCARTESIANPOINT ((0.0558614, -0.789103, 0.607959));
#9184 = IFCCARTESIANPOINT ((0.0558614, -0.578723, 0.607959));
#9185 = IFCCARTESIANPOINT ((0.030232, -0.578723, 0.625084));
#9181 = IFCPOLYLOOP ((#9182, #9183, #9184, #9185));
#9180 = IFCFACEOUTERBOUND (#9181, .T.);
#9179 = IFCFACE ((#9180));
#9189 = IFCCARTESIANPOINT ((0.0558614, -0.789103, 0.607959));
#9190 = IFCCARTESIANPOINT ((0.0729865, -0.789103, 0.58233));
#9191 = IFCCARTESIANPOINT ((0.0729865, -0.578723, 0.58233));
#9192 = IFCCARTESIANPOINT ((0.0558614, -0.578723, 0.607959));
#9188 = IFCPOLYLOOP ((#9189, #9190, #9191, #9192));
#9187 = IFCFACEOUTERBOUND (#9188, .T.);
#9186 = IFCFACE ((#9187));
#9196 = IFCCARTESIANPOINT ((0.0729865, -0.789103, 0.58233));
#9197 = IFCCARTESIANPOINT ((0.079, -0.789103, 0.552098));
#9198 = IFCCARTESIANPOINT ((0.079, -0.578723, 0.552098));
#9199 = IFCCARTESIANPOINT ((0.0729865, -0.578723, 0.58233));
#9195 = IFCPOLYLOOP ((#9196, #9197, #9198, #9199));
#9194 = IFCFACEOUTERBOUND (#9195, .T.);
#9193 = IFCFACE ((#9194));
#9203 = IFCCARTESIANPOINT ((0.079, -0.789103, 0.552098));
#9204 = IFCCARTESIANPOINT ((0.0729865, -0.789103, 0.521866));
#9205 = IFCCARTESIANPOINT ((0.0729865, -0.578723, 0.521866));
#9206 = IFCCARTESIANPOINT ((0.079, -0.578723, 0.552098));
#9202 = IFCPOLYLOOP ((#9203, #9204, #9205, #9206));
#9201 = IFCFACEOUTERBOUND (#9202, .T.);
#9200 = IFCFACE ((#9201));
#9210 = IFCCARTESIANPOINT ((0.0729865, -0.578723, 0.521866));
#9211 = IFCCARTESIANPOINT ((0.0558614, -0.578723, 0.496237));
#9212 = IFCCARTESIANPOINT ((0.030232, -0.578723, 0.479112));
#9213 = IFCCARTESIANPOINT ((0., -0.578723, 0.473098));
#9214 = IFCCARTESIANPOINT ((-0.030232, -0.578723, 0.479112));
#9215 = IFCCARTESIANPOINT ((-0.0558614, -0.578723, 0.496237));
#9216 = IFCCARTESIANPOINT ((-0.0729865, -0.578723, 0.521866));
#9217 = IFCCARTESIANPOINT ((-0.079, -0.578723, 0.552098));
#9218 = IFCCARTESIANPOINT ((-0.0729865, -0.578723, 0.58233));
#9219 = IFCCARTESIANPOINT ((-0.0558614, -0.578723, 0.607959));
#9220 = IFCCARTESIANPOINT ((-0.030232, -0.578723, 0.625084));
#9221 = IFCCARTESIANPOINT ((0., -0.578723, 0.631098));
#9222 = IFCCARTESIANPOINT ((0.030232, -0.578723, 0.625084));
#9223 = IFCCARTESIANPOINT ((0.0558614, -0.578723, 0.607959));
#9224 = IFCCARTESIANPOINT ((0.0729865, -0.578723, 0.58233));
#9225 = IFCCARTESIANPOINT ((0.079, -0.578723, 0.552098));
#9209 = IFCPOLYLOOP ((#9210, #9211, #9212, #9213, #9214, #9215, #9216, #9217, #9218, #9219, #9220, #9221, #9222, #9223, #9224, #9225));
#9208 = IFCFACEOUTERBOUND (#9209, .T.);
#9207 = IFCFACE ((#9208));
#9229 = IFCCARTESIANPOINT ((0.079, -0.789103, 0.552098));
#9230 = IFCCARTESIANPOINT ((0.0729865, -0.789103, 0.58233));
#9231 = IFCCARTESIANPOINT ((0.0558614, -0.789103, 0.607959));
#9232 = IFCCARTESIANPOINT ((0.030232, -0.789103, 0.625084));
#9233 = IFCCARTESIANPOINT ((0., -0.789103, 0.631098));
#9234 = IFCCARTESIANPOINT ((-0.030232, -0.789103, 0.625084));
#9235 = IFCCARTESIANPOINT ((-0.0558614, -0.789103, 0.607959));
#9236 = IFCCARTESIANPOINT ((-0.0729865, -0.789103, 0.58233));
#9237 = IFCCARTESIANPOINT ((-0.079, -0.789103, 0.552098));
#9238 = IFCCARTESIANPOINT ((-0.0729865, -0.789103, 0.521866));
#9239 = IFCCARTESIANPOINT ((-0.0558614, -0.789103, 0.496237));
#9240 = IFCCARTESIANPOINT ((-0.030232, -0.789103, 0.479112));
#9241 = IFCCARTESIANPOINT ((0., -0.789103, 0.473098));
#9242 = IFCCARTESIANPOINT ((0.030232, -0.789103, 0.479112));
#9243 = IFCCARTESIANPOINT ((0.0558614, -0.789103, 0.496237));
#9244 = IFCCARTESIANPOINT ((0.0729865, -0.789103, 0.521866));
#9228 = IFCPOLYLOOP ((#9229, #9230, #9231, #9232, #9233, #9234, #9235, #9236, #9237, #9238, #9239, #9240, #9241, #9242, #9243, #9244));
#9227 = IFCFACEOUTERBOUND (#9228, .T.);
#9226 = IFCFACE ((#9227));
#9094 = IFCCLOSEDSHELL ((#9095, #9102, #9109, #9116, #9123, #9130, #9137, #9144, #9151, #9158, #9165, #9172, #9179, #9186, #9193, #9200, #9207, #9226));
#9093 = IFCFACETEDBREP (#9094);
#9250 = IFCCARTESIANPOINT ((0.0730604, -0.878723, 0.521835));
#9251 = IFCCARTESIANPOINT ((0.055918, -0.878723, 0.49618));
#9252 = IFCCARTESIANPOINT ((0.055918, -0.804973, 0.49618));
#9253 = IFCCARTESIANPOINT ((0.0730604, -0.804973, 0.521835));
#9249 = IFCPOLYLOOP ((#9250, #9251, #9252, #9253));
#9248 = IFCFACEOUTERBOUND (#9249, .T.);
#9247 = IFCFACE ((#9248));
#9257 = IFCCARTESIANPOINT ((0.055918, -0.878723, 0.49618));
#9258 = IFCCARTESIANPOINT ((0.0302626, -0.878723, 0.479038));
#9259 = IFCCARTESIANPOINT ((0.0302626, -0.804973, 0.479038));
#9260 = IFCCARTESIANPOINT ((0.055918, -0.804973, 0.49618));
#9256 = IFCPOLYLOOP ((#9257, #9258, #9259, #9260));
#9255 = IFCFACEOUTERBOUND (#9256, .T.);
#9254 = IFCFACE ((#9255));
#9264 = IFCCARTESIANPOINT ((0.0302626, -0.878723, 0.479038));
#9265 = IFCCARTESIANPOINT ((0., -0.878723, 0.473018));
#9266 = IFCCARTESIANPOINT ((0., -0.804973, 0.473018));
#9267 = IFCCARTESIANPOINT ((0.0302626, -0.804973, 0.479038));
#9263 = IFCPOLYLOOP ((#9264, #9265, #9266, #9267));
#9262 = IFCFACEOUTERBOUND (#9263, .T.);
#9261 = IFCFACE ((#9262));
#9271 = IFCCARTESIANPOINT ((0., -0.878723, 0.473018));
#9272 = IFCCARTESIANPOINT ((-0.0302626, -0.878723, 0.479038));
#9273 = IFCCARTESIANPOINT ((-0.0302626, -0.804973, 0.479038));
#9274 = IFCCARTESIANPOINT ((0., -0.804973, 0.473018));
#9270 = IFCPOLYLOOP ((#9271, #9272, #9273, #9274));
#9269 = IFCFACEOUTERBOUND (#9270, .T.);
#9268 = IFCFACE ((#9269));
#9278 = IFCCARTESIANPOINT ((-0.0302626, -0.878723, 0.479038));
#9279 = IFCCARTESIANPOINT ((-0.055918, -0.878723, 0.49618));
#9280 = IFCCARTESIANPOINT ((-0.055918, -0.804973, 0.49618));
#9281 = IFCCARTESIANPOINT ((-0.0302626, -0.804973, 0.479038));
#9277 = IFCPOLYLOOP ((#9278, #9279, #9280, #9281));
#9276 = IFCFACEOUTERBOUND (#9277, .T.);
#9275 = IFCFACE ((#9276));
#9285 = IFCCARTESIANPOINT ((-0.055918, -0.878723, 0.49618));
#9286 = IFCCARTESIANPOINT ((-0.0730604, -0.878723, 0.521835));
#9287 = IFCCARTESIANPOINT ((-0.0730604, -0.804973, 0.521835));
#9288 = IFCCARTESIANPOINT ((-0.055918, -0.804973, 0.49618));
#9284 = IFCPOLYLOOP ((#9285, #9286, #9287, #9288));
#9283 = IFCFACEOUTERBOUND (#9284, .T.);
#9282 = IFCFACE ((#9283));
#9292 = IFCCARTESIANPOINT ((-0.0730604, -0.878723, 0.521835));
#9293 = IFCCARTESIANPOINT ((-0.07908, -0.878723, 0.552098));
#9294 = IFCCARTESIANPOINT ((-0.07908, -0.804973, 0.552098));
#9295 = IFCCARTESIANPOINT ((-0.0730604, -0.804973, 0.521835));
#9291 = IFCPOLYLOOP ((#9292, #9293, #9294, #9295));
#9290 = IFCFACEOUTERBOUND (#9291, .T.);
#9289 = IFCFACE ((#9290));
#9299 = IFCCARTESIANPOINT ((-0.07908, -0.878723, 0.552098));
#9300 = IFCCARTESIANPOINT ((-0.0730604, -0.878723, 0.582361));
#9301 = IFCCARTESIANPOINT ((-0.0730604, -0.804973, 0.582361));
#9302 = IFCCARTESIANPOINT ((-0.07908, -0.804973, 0.552098));
#9298 = IFCPOLYLOOP ((#9299, #9300, #9301, #9302));
#9297 = IFCFACEOUTERBOUND (#9298, .T.);
#9296 = IFCFACE ((#9297));
#9306 = IFCCARTESIANPOINT ((-0.0730604, -0.878723, 0.582361));
#9307 = IFCCARTESIANPOINT ((-0.055918, -0.878723, 0.608016));
#9308 = IFCCARTESIANPOINT ((-0.055918, -0.804973, 0.608016));
#9309 = IFCCARTESIANPOINT ((-0.0730604, -0.804973, 0.582361));
#9305 = IFCPOLYLOOP ((#9306, #9307, #9308, #9309));
#9304 = IFCFACEOUTERBOUND (#9305, .T.);
#9303 = IFCFACE ((#9304));
#9313 = IFCCARTESIANPOINT ((-0.055918, -0.878723, 0.608016));
#9314 = IFCCARTESIANPOINT ((-0.0302626, -0.878723, 0.625158));
#9315 = IFCCARTESIANPOINT ((-0.0302626, -0.804973, 0.625158));
#9316 = IFCCARTESIANPOINT ((-0.055918, -0.804973, 0.608016));
#9312 = IFCPOLYLOOP ((#9313, #9314, #9315, #9316));
#9311 = IFCFACEOUTERBOUND (#9312, .T.);
#9310 = IFCFACE ((#9311));
#9320 = IFCCARTESIANPOINT ((-0.0302626, -0.878723, 0.625158));
#9321 = IFCCARTESIANPOINT ((0., -0.878723, 0.631178));
#9322 = IFCCARTESIANPOINT ((0., -0.804973, 0.631178));
#9323 = IFCCARTESIANPOINT ((-0.0302626, -0.804973, 0.625158));
#9319 = IFCPOLYLOOP ((#9320, #9321, #9322, #9323));
#9318 = IFCFACEOUTERBOUND (#9319, .T.);
#9317 = IFCFACE ((#9318));
#9327 = IFCCARTESIANPOINT ((0., -0.878723, 0.631178));
#9328 = IFCCARTESIANPOINT ((0.0302626, -0.878723, 0.625158));
#9329 = IFCCARTESIANPOINT ((0.0302626, -0.804973, 0.625158));
#9330 = IFCCARTESIANPOINT ((0., -0.804973, 0.631178));
#9326 = IFCPOLYLOOP ((#9327, #9328, #9329, #9330));
#9325 = IFCFACEOUTERBOUND (#9326, .T.);
#9324 = IFCFACE ((#9325));
#9334 = IFCCARTESIANPOINT ((0.0302626, -0.878723, 0.625158));
#9335 = IFCCARTESIANPOINT ((0.055918, -0.878723, 0.608016));
#9336 = IFCCARTESIANPOINT ((0.055918, -0.804973, 0.608016));
#9337 = IFCCARTESIANPOINT ((0.0302626, -0.804973, 0.625158));
#9333 = IFCPOLYLOOP ((#9334, #9335, #9336, #9337));
#9332 = IFCFACEOUTERBOUND (#9333, .T.);
#9331 = IFCFACE ((#9332));
#9341 = IFCCARTESIANPOINT ((0.055918, -0.878723, 0.608016));
#9342 = IFCCARTESIANPOINT ((0.0730604, -0.878723, 0.582361));
#9343 = IFCCARTESIANPOINT ((0.0730604, -0.804973, 0.582361));
#9344 = IFCCARTESIANPOINT ((0.055918, -0.804973, 0.608016));
#9340 = IFCPOLYLOOP ((#9341, #9342, #9343, #9344));
#9339 = IFCFACEOUTERBOUND (#9340, .T.);
#9338 = IFCFACE ((#9339));
#9348 = IFCCARTESIANPOINT ((0.0730604, -0.878723, 0.582361));
#9349 = IFCCARTESIANPOINT ((0.07908, -0.878723, 0.552098));
#9350 = IFCCARTESIANPOINT ((0.07908, -0.804973, 0.552098));
#9351 = IFCCARTESIANPOINT ((0.0730604, -0.804973, 0.582361));
#9347 = IFCPOLYLOOP ((#9348, #9349, #9350, #9351));
#9346 = IFCFACEOUTERBOUND (#9347, .T.);
#9345 = IFCFACE ((#9346));
#9355 = IFCCARTESIANPOINT ((0.07908, -0.878723, 0.552098));
#9356 = IFCCARTESIANPOINT ((0.0730604, -0.878723, 0.521835));
#9357 = IFCCARTESIANPOINT ((0.0730604, -0.804973, 0.521835));
#9358 = IFCCARTESIANPOINT ((0.07908, -0.804973, 0.552098));
#9354 = IFCPOLYLOOP ((#9355, #9356, #9357, #9358));
#9353 = IFCFACEOUTERBOUND (#9354, .T.);
#9352 = IFCFACE ((#9353));
#9362 = IFCCARTESIANPOINT ((0.0730604, -0.804973, 0.521835));
#9363 = IFCCARTESIANPOINT ((0.055918, -0.804973, 0.49618));
#9364 = IFCCARTESIANPOINT ((0.0302626, -0.804973, 0.479038));
#9365 = IFCCARTESIANPOINT ((0., -0.804973, 0.473018));
#9366 = IFCCARTESIANPOINT ((-0.0302626, -0.804973, 0.479038));
#9367 = IFCCARTESIANPOINT ((-0.055918, -0.804973, 0.49618));
#9368 = IFCCARTESIANPOINT ((-0.0730604, -0.804973, 0.521835));
#9369 = IFCCARTESIANPOINT ((-0.07908, -0.804973, 0.552098));
#9370 = IFCCARTESIANPOINT ((-0.0730604, -0.804973, 0.582361));
#9371 = IFCCARTESIANPOINT ((-0.055918, -0.804973, 0.608016));
#9372 = IFCCARTESIANPOINT ((-0.0302626, -0.804973, 0.625158));
#9373 = IFCCARTESIANPOINT ((0., -0.804973, 0.631178));
#9374 = IFCCARTESIANPOINT ((0.0302626, -0.804973, 0.625158));
#9375 = IFCCARTESIANPOINT ((0.055918, -0.804973, 0.608016));
#9376 = IFCCARTESIANPOINT ((0.0730604, -0.804973, 0.582361));
#9377 = IFCCARTESIANPOINT ((0.07908, -0.804973, 0.552098));
#9361 = IFCPOLYLOOP ((#9362, #9363, #9364, #9365, #9366, #9367, #9368, #9369, #9370, #9371, #9372, #9373, #9374, #9375, #9376, #9377));
#9360 = IFCFACEOUTERBOUND (#9361, .T.);
#9359 = IFCFACE ((#9360));
#9381 = IFCCARTESIANPOINT ((0.07908, -0.878723, 0.552098));
#9382 = IFCCARTESIANPOINT ((0.0730604, -0.878723, 0.582361));
#9383 = IFCCARTESIANPOINT ((0.055918, -0.878723, 0.608016));
#9384 = IFCCARTESIANPOINT ((0.0302626, -0.878723, 0.625158));
#9385 = IFCCARTESIANPOINT ((0., -0.878723, 0.631178));
#9386 = IFCCARTESIANPOINT ((-0.0302626, -0.878723, 0.625158));
#9387 = IFCCARTESIANPOINT ((-0.055918, -0.878723, 0.608016));
#9388 = IFCCARTESIANPOINT ((-0.0730604, -0.878723, 0.582361));
#9389 = IFCCARTESIANPOINT ((-0.07908, -0.878723, 0.552098));
#9390 = IFCCARTESIANPOINT ((-0.0730604, -0.878723, 0.521835));
#9391 = IFCCARTESIANPOINT ((-0.055918, -0.878723, 0.49618));
#9392 = IFCCARTESIANPOINT ((-0.0302626, -0.878723, 0.479038));
#9393 = IFCCARTESIANPOINT ((0., -0.878723, 0.473018));
#9394 = IFCCARTESIANPOINT ((0.0302626, -0.878723, 0.479038));
#9395 = IFCCARTESIANPOINT ((0.055918, -0.878723, 0.49618));
#9396 = IFCCARTESIANPOINT ((0.0730604, -0.878723, 0.521835));
#9380 = IFCPOLYLOOP ((#9381, #9382, #9383, #9384, #9385, #9386, #9387, #9388, #9389, #9390, #9391, #9392, #9393, #9394, #9395, #9396));
#9379 = IFCFACEOUTERBOUND (#9380, .T.);
#9378 = IFCFACE ((#9379));
#9246 = IFCCLOSEDSHELL ((#9247, #9254, #9261, #9268, #9275, #9282, #9289, #9296, #9303, #9310, #9317, #9324, #9331, #9338, #9345, #9352, #9359, #9378));
#9245 = IFCFACETEDBREP (#9246);
#9402 = IFCCARTESIANPOINT ((0.0643574, -0.170116, 0.689218));
#9403 = IFCCARTESIANPOINT ((0.0492571, -0.170116, 0.666619));
#9404 = IFCCARTESIANPOINT ((0.0492571, -0.135126, 0.666619));
#9405 = IFCCARTESIANPOINT ((0.0643574, -0.135126, 0.689218));
#9401 = IFCPOLYLOOP ((#9402, #9403, #9404, #9405));
#9400 = IFCFACEOUTERBOUND (#9401, .T.);
#9399 = IFCFACE ((#9400));
#9409 = IFCCARTESIANPOINT ((0.0492571, -0.170116, 0.666619));
#9410 = IFCCARTESIANPOINT ((0.0266577, -0.170116, 0.651519));
#9411 = IFCCARTESIANPOINT ((0.0266577, -0.135126, 0.651519));
#9412 = IFCCARTESIANPOINT ((0.0492571, -0.135126, 0.666619));
#9408 = IFCPOLYLOOP ((#9409, #9410, #9411, #9412));
#9407 = IFCFACEOUTERBOUND (#9408, .T.);
#9406 = IFCFACE ((#9407));
#9416 = IFCCARTESIANPOINT ((0.0266577, -0.170116, 0.651519));
#9417 = IFCCARTESIANPOINT ((0., -0.170116, 0.646216));
#9418 = IFCCARTESIANPOINT ((0., -0.135126, 0.646216));
#9419 = IFCCARTESIANPOINT ((0.0266577, -0.135126, 0.651519));
#9415 = IFCPOLYLOOP ((#9416, #9417, #9418, #9419));
#9414 = IFCFACEOUTERBOUND (#9415, .T.);
#9413 = IFCFACE ((#9414));
#9423 = IFCCARTESIANPOINT ((0., -0.170116, 0.646216));
#9424 = IFCCARTESIANPOINT ((-0.0266577, -0.170116, 0.651519));
#9425 = IFCCARTESIANPOINT ((-0.0266577, -0.135126, 0.651519));
#9426 = IFCCARTESIANPOINT ((0., -0.135126, 0.646216));
#9422 = IFCPOLYLOOP ((#9423, #9424, #9425, #9426));
#9421 = IFCFACEOUTERBOUND (#9422, .T.);
#9420 = IFCFACE ((#9421));
#9430 = IFCCARTESIANPOINT ((-0.0266577, -0.170116, 0.651519));
#9431 = IFCCARTESIANPOINT ((-0.0492571, -0.170116, 0.666619));
#9432 = IFCCARTESIANPOINT ((-0.0492571, -0.135126, 0.666619));
#9433 = IFCCARTESIANPOINT ((-0.0266577, -0.135126, 0.651519));
#9429 = IFCPOLYLOOP ((#9430, #9431, #9432, #9433));
#9428 = IFCFACEOUTERBOUND (#9429, .T.);
#9427 = IFCFACE ((#9428));
#9437 = IFCCARTESIANPOINT ((-0.0492571, -0.170116, 0.666619));
#9438 = IFCCARTESIANPOINT ((-0.0643574, -0.170116, 0.689218));
#9439 = IFCCARTESIANPOINT ((-0.0643574, -0.135126, 0.689218));
#9440 = IFCCARTESIANPOINT ((-0.0492571, -0.135126, 0.666619));
#9436 = IFCPOLYLOOP ((#9437, #9438, #9439, #9440));
#9435 = IFCFACEOUTERBOUND (#9436, .T.);
#9434 = IFCFACE ((#9435));
#9444 = IFCCARTESIANPOINT ((-0.0643574, -0.170116, 0.689218));
#9445 = IFCCARTESIANPOINT ((-0.06966, -0.170116, 0.715876));
#9446 = IFCCARTESIANPOINT ((-0.06966, -0.135126, 0.715876));
#9447 = IFCCARTESIANPOINT ((-0.0643574, -0.135126, 0.689218));
#9443 = IFCPOLYLOOP ((#9444, #9445, #9446, #9447));
#9442 = IFCFACEOUTERBOUND (#9443, .T.);
#9441 = IFCFACE ((#9442));
#9451 = IFCCARTESIANPOINT ((-0.06966, -0.170116, 0.715876));
#9452 = IFCCARTESIANPOINT ((-0.0643574, -0.170116, 0.742534));
#9453 = IFCCARTESIANPOINT ((-0.0643574, -0.135126, 0.742534));
#9454 = IFCCARTESIANPOINT ((-0.06966, -0.135126, 0.715876));
#9450 = IFCPOLYLOOP ((#9451, #9452, #9453, #9454));
#9449 = IFCFACEOUTERBOUND (#9450, .T.);
#9448 = IFCFACE ((#9449));
#9458 = IFCCARTESIANPOINT ((-0.0643574, -0.170116, 0.742534));
#9459 = IFCCARTESIANPOINT ((-0.0492571, -0.170116, 0.765133));
#9460 = IFCCARTESIANPOINT ((-0.0492571, -0.135126, 0.765133));
#9461 = IFCCARTESIANPOINT ((-0.0643574, -0.135126, 0.742534));
#9457 = IFCPOLYLOOP ((#9458, #9459, #9460, #9461));
#9456 = IFCFACEOUTERBOUND (#9457, .T.);
#9455 = IFCFACE ((#9456));
#9465 = IFCCARTESIANPOINT ((-0.0492571, -0.170116, 0.765133));
#9466 = IFCCARTESIANPOINT ((-0.0266577, -0.170116, 0.780233));
#9467 = IFCCARTESIANPOINT ((-0.0266577, -0.135126, 0.780233));
#9468 = IFCCARTESIANPOINT ((-0.0492571, -0.135126, 0.765133));
#9464 = IFCPOLYLOOP ((#9465, #9466, #9467, #9468));
#9463 = IFCFACEOUTERBOUND (#9464, .T.);
#9462 = IFCFACE ((#9463));
#9472 = IFCCARTESIANPOINT ((-0.0266577, -0.170116, 0.780233));
#9473 = IFCCARTESIANPOINT ((0., -0.170116, 0.785536));
#9474 = IFCCARTESIANPOINT ((0., -0.135126, 0.785536));
#9475 = IFCCARTESIANPOINT ((-0.0266577, -0.135126, 0.780233));
#9471 = IFCPOLYLOOP ((#9472, #9473, #9474, #9475));
#9470 = IFCFACEOUTERBOUND (#9471, .T.);
#9469 = IFCFACE ((#9470));
#9479 = IFCCARTESIANPOINT ((0., -0.170116, 0.785536));
#9480 = IFCCARTESIANPOINT ((0.0266577, -0.170116, 0.780233));
#9481 = IFCCARTESIANPOINT ((0.0266577, -0.135126, 0.780233));
#9482 = IFCCARTESIANPOINT ((0., -0.135126, 0.785536));
#9478 = IFCPOLYLOOP ((#9479, #9480, #9481, #9482));
#9477 = IFCFACEOUTERBOUND (#9478, .T.);
#9476 = IFCFACE ((#9477));
#9486 = IFCCARTESIANPOINT ((0.0266577, -0.170116, 0.780233));
#9487 = IFCCARTESIANPOINT ((0.0492571, -0.170116, 0.765133));
#9488 = IFCCARTESIANPOINT ((0.0492571, -0.135126, 0.765133));
#9489 = IFCCARTESIANPOINT ((0.0266577, -0.135126, 0.780233));
#9485 = IFCPOLYLOOP ((#9486, #9487, #9488, #9489));
#9484 = IFCFACEOUTERBOUND (#9485, .T.);
#9483 = IFCFACE ((#9484));
#9493 = IFCCARTESIANPOINT ((0.0492571, -0.170116, 0.765133));
#9494 = IFCCARTESIANPOINT ((0.0643574, -0.170116, 0.742534));
#9495 = IFCCARTESIANPOINT ((0.0643574, -0.135126, 0.742534));
#9496 = IFCCARTESIANPOINT ((0.0492571, -0.135126, 0.765133));
#9492 = IFCPOLYLOOP ((#9493, #9494, #9495, #9496));
#9491 = IFCFACEOUTERBOUND (#9492, .T.);
#9490 = IFCFACE ((#9491));
#9500 = IFCCARTESIANPOINT ((0.0643574, -0.170116, 0.742534));
#9501 = IFCCARTESIANPOINT ((0.06966, -0.170116, 0.715876));
#9502 = IFCCARTESIANPOINT ((0.06966, -0.135126, 0.715876));
#9503 = IFCCARTESIANPOINT ((0.0643574, -0.135126, 0.742534));
#9499 = IFCPOLYLOOP ((#9500, #9501, #9502, #9503));
#9498 = IFCFACEOUTERBOUND (#9499, .T.);
#9497 = IFCFACE ((#9498));
#9507 = IFCCARTESIANPOINT ((0.06966, -0.170116, 0.715876));
#9508 = IFCCARTESIANPOINT ((0.0643574, -0.170116, 0.689218));
#9509 = IFCCARTESIANPOINT ((0.0643574, -0.135126, 0.689218));
#9510 = IFCCARTESIANPOINT ((0.06966, -0.135126, 0.715876));
#9506 = IFCPOLYLOOP ((#9507, #9508, #9509, #9510));
#9505 = IFCFACEOUTERBOUND (#9506, .T.);
#9504 = IFCFACE ((#9505));
#9514 = IFCCARTESIANPOINT ((0.0643574, -0.135126, 0.689218));
#9515 = IFCCARTESIANPOINT ((0.0492571, -0.135126, 0.666619));
#9516 = IFCCARTESIANPOINT ((0.0266577, -0.135126, 0.651519));
#9517 = IFCCARTESIANPOINT ((0., -0.135126, 0.646216));
#9518 = IFCCARTESIANPOINT ((-0.0266577, -0.135126, 0.651519));
#9519 = IFCCARTESIANPOINT ((-0.0492571, -0.135126, 0.666619));
#9520 = IFCCARTESIANPOINT ((-0.0643574, -0.135126, 0.689218));
#9521 = IFCCARTESIANPOINT ((-0.06966, -0.135126, 0.715876));
#9522 = IFCCARTESIANPOINT ((-0.0643574, -0.135126, 0.742534));
#9523 = IFCCARTESIANPOINT ((-0.0492571, -0.135126, 0.765133));
#9524 = IFCCARTESIANPOINT ((-0.0266577, -0.135126, 0.780233));
#9525 = IFCCARTESIANPOINT ((0., -0.135126, 0.785536));
#9526 = IFCCARTESIANPOINT ((0.0266577, -0.135126, 0.780233));
#9527 = IFCCARTESIANPOINT ((0.0492571, -0.135126, 0.765133));
#9528 = IFCCARTESIANPOINT ((0.0643574, -0.135126, 0.742534));
#9529 = IFCCARTESIANPOINT ((0.06966, -0.135126, 0.715876));
#9513 = IFCPOLYLOOP ((#9514, #9515, #9516, #9517, #9518, #9519, #9520, #9521, #9522, #9523, #9524, #9525, #9526, #9527, #9528, #9529));
#9512 = IFCFACEOUTERBOUND (#9513, .T.);
#9511 = IFCFACE ((#9512));
#9533 = IFCCARTESIANPOINT ((0.06966, -0.170116, 0.715876));
#9534 = IFCCARTESIANPOINT ((0.0643574, -0.170116, 0.742534));
#9535 = IFCCARTESIANPOINT ((0.0492571, -0.170116, 0.765133));
#9536 = IFCCARTESIANPOINT ((0.0266577, -0.170116, 0.780233));
#9537 = IFCCARTESIANPOINT ((0., -0.170116, 0.785536));
#9538 = IFCCARTESIANPOINT ((-0.0266577, -0.170116, 0.780233));
#9539 = IFCCARTESIANPOINT ((-0.0492571, -0.170116, 0.765133));
#9540 = IFCCARTESIANPOINT ((-0.0643574, -0.170116, 0.742534));
#9541 = IFCCARTESIANPOINT ((-0.06966, -0.170116, 0.715876));
#9542 = IFCCARTESIANPOINT ((-0.0643574, -0.170116, 0.689218));
#9543 = IFCCARTESIANPOINT ((-0.0492571, -0.170116, 0.666619));
#9544 = IFCCARTESIANPOINT ((-0.0266577, -0.170116, 0.651519));
#9545 = IFCCARTESIANPOINT ((0., -0.170116, 0.646216));
#9546 = IFCCARTESIANPOINT ((0.0266577, -0.170116, 0.651519));
#9547 = IFCCARTESIANPOINT ((0.0492571, -0.170116, 0.666619));
#9548 = IFCCARTESIANPOINT ((0.0643574, -0.170116, 0.689218));
#9532 = IFCPOLYLOOP ((#9533, #9534, #9535, #9536, #9537, #9538, #9539, #9540, #9541, #9542, #9543, #9544, #9545, #9546, #9547, #9548));
#9531 = IFCFACEOUTERBOUND (#9532, .T.);
#9530 = IFCFACE ((#9531));
#9398 = IFCCLOSEDSHELL ((#9399, #9406, #9413, #9420, #9427, #9434, #9441, #9448, #9455, #9462, #9469, #9476, #9483, #9490, #9497, #9504, #9511, #9530));
#9397 = IFCFACETEDBREP (#9398);
#9554 = IFCCARTESIANPOINT ((0.00938662, -0.156098, 0.658813));
#9555 = IFCCARTESIANPOINT ((0.0071842, -0.159394, 0.658813));
#9556 = IFCCARTESIANPOINT ((0.0071842, -0.159394, 0.548813));
#9557 = IFCCARTESIANPOINT ((0.00938662, -0.156098, 0.548813));
#9553 = IFCPOLYLOOP ((#9554, #9555, #9556, #9557));
#9552 = IFCFACEOUTERBOUND (#9553, .T.);
#9551 = IFCFACE ((#9552));
#9561 = IFCCARTESIANPOINT ((0.0071842, -0.159394, 0.658813));
#9562 = IFCCARTESIANPOINT ((0.00388806, -0.161597, 0.658813));
#9563 = IFCCARTESIANPOINT ((0.00388806, -0.161597, 0.548813));
#9564 = IFCCARTESIANPOINT ((0.0071842, -0.159394, 0.548813));
#9560 = IFCPOLYLOOP ((#9561, #9562, #9563, #9564));
#9559 = IFCFACEOUTERBOUND (#9560, .T.);
#9558 = IFCFACE ((#9559));
#9568 = IFCCARTESIANPOINT ((0.00388806, -0.161597, 0.658813));
#9569 = IFCCARTESIANPOINT ((0., -0.16237, 0.658813));
#9570 = IFCCARTESIANPOINT ((0., -0.16237, 0.548813));
#9571 = IFCCARTESIANPOINT ((0.00388806, -0.161597, 0.548813));
#9567 = IFCPOLYLOOP ((#9568, #9569, #9570, #9571));
#9566 = IFCFACEOUTERBOUND (#9567, .T.);
#9565 = IFCFACE ((#9566));
#9575 = IFCCARTESIANPOINT ((0., -0.16237, 0.658813));
#9576 = IFCCARTESIANPOINT ((-0.00388806, -0.161597, 0.658813));
#9577 = IFCCARTESIANPOINT ((-0.00388806, -0.161597, 0.548813));
#9578 = IFCCARTESIANPOINT ((0., -0.16237, 0.548813));
#9574 = IFCPOLYLOOP ((#9575, #9576, #9577, #9578));
#9573 = IFCFACEOUTERBOUND (#9574, .T.);
#9572 = IFCFACE ((#9573));
#9582 = IFCCARTESIANPOINT ((-0.00388806, -0.161597, 0.658813));
#9583 = IFCCARTESIANPOINT ((-0.0071842, -0.159394, 0.658813));
#9584 = IFCCARTESIANPOINT ((-0.0071842, -0.159394, 0.548813));
#9585 = IFCCARTESIANPOINT ((-0.00388806, -0.161597, 0.548813));
#9581 = IFCPOLYLOOP ((#9582, #9583, #9584, #9585));
#9580 = IFCFACEOUTERBOUND (#9581, .T.);
#9579 = IFCFACE ((#9580));
#9589 = IFCCARTESIANPOINT ((-0.0071842, -0.159394, 0.658813));
#9590 = IFCCARTESIANPOINT ((-0.00938662, -0.156098, 0.658813));
#9591 = IFCCARTESIANPOINT ((-0.00938662, -0.156098, 0.548813));
#9592 = IFCCARTESIANPOINT ((-0.0071842, -0.159394, 0.548813));
#9588 = IFCPOLYLOOP ((#9589, #9590, #9591, #9592));
#9587 = IFCFACEOUTERBOUND (#9588, .T.);
#9586 = IFCFACE ((#9587));
#9596 = IFCCARTESIANPOINT ((-0.00938662, -0.156098, 0.658813));
#9597 = IFCCARTESIANPOINT ((-0.01016, -0.15221, 0.658813));
#9598 = IFCCARTESIANPOINT ((-0.01016, -0.15221, 0.548813));
#9599 = IFCCARTESIANPOINT ((-0.00938662, -0.156098, 0.548813));
#9595 = IFCPOLYLOOP ((#9596, #9597, #9598, #9599));
#9594 = IFCFACEOUTERBOUND (#9595, .T.);
#9593 = IFCFACE ((#9594));
#9603 = IFCCARTESIANPOINT ((-0.01016, -0.15221, 0.658813));
#9604 = IFCCARTESIANPOINT ((-0.00938662, -0.148322, 0.658813));
#9605 = IFCCARTESIANPOINT ((-0.00938662, -0.148322, 0.548813));
#9606 = IFCCARTESIANPOINT ((-0.01016, -0.15221, 0.548813));
#9602 = IFCPOLYLOOP ((#9603, #9604, #9605, #9606));
#9601 = IFCFACEOUTERBOUND (#9602, .T.);
#9600 = IFCFACE ((#9601));
#9610 = IFCCARTESIANPOINT ((-0.00938662, -0.148322, 0.658813));
#9611 = IFCCARTESIANPOINT ((-0.0071842, -0.145026, 0.658813));
#9612 = IFCCARTESIANPOINT ((-0.0071842, -0.145026, 0.548813));
#9613 = IFCCARTESIANPOINT ((-0.00938662, -0.148322, 0.548813));
#9609 = IFCPOLYLOOP ((#9610, #9611, #9612, #9613));
#9608 = IFCFACEOUTERBOUND (#9609, .T.);
#9607 = IFCFACE ((#9608));
#9617 = IFCCARTESIANPOINT ((-0.0071842, -0.145026, 0.658813));
#9618 = IFCCARTESIANPOINT ((-0.00388806, -0.142823, 0.658813));
#9619 = IFCCARTESIANPOINT ((-0.00388806, -0.142823, 0.548813));
#9620 = IFCCARTESIANPOINT ((-0.0071842, -0.145026, 0.548813));
#9616 = IFCPOLYLOOP ((#9617, #9618, #9619, #9620));
#9615 = IFCFACEOUTERBOUND (#9616, .T.);
#9614 = IFCFACE ((#9615));
#9624 = IFCCARTESIANPOINT ((-0.00388806, -0.142823, 0.658813));
#9625 = IFCCARTESIANPOINT ((0., -0.14205, 0.658813));
#9626 = IFCCARTESIANPOINT ((0., -0.14205, 0.548813));
#9627 = IFCCARTESIANPOINT ((-0.00388806, -0.142823, 0.548813));
#9623 = IFCPOLYLOOP ((#9624, #9625, #9626, #9627));
#9622 = IFCFACEOUTERBOUND (#9623, .T.);
#9621 = IFCFACE ((#9622));
#9631 = IFCCARTESIANPOINT ((0., -0.14205, 0.658813));
#9632 = IFCCARTESIANPOINT ((0.00388806, -0.142823, 0.658813));
#9633 = IFCCARTESIANPOINT ((0.00388806, -0.142823, 0.548813));
#9634 = IFCCARTESIANPOINT ((0., -0.14205, 0.548813));
#9630 = IFCPOLYLOOP ((#9631, #9632, #9633, #9634));
#9629 = IFCFACEOUTERBOUND (#9630, .T.);
#9628 = IFCFACE ((#9629));
#9638 = IFCCARTESIANPOINT ((0.00388806, -0.142823, 0.658813));
#9639 = IFCCARTESIANPOINT ((0.0071842, -0.145026, 0.658813));
#9640 = IFCCARTESIANPOINT ((0.0071842, -0.145026, 0.548813));
#9641 = IFCCARTESIANPOINT ((0.00388806, -0.142823, 0.548813));
#9637 = IFCPOLYLOOP ((#9638, #9639, #9640, #9641));
#9636 = IFCFACEOUTERBOUND (#9637, .T.);
#9635 = IFCFACE ((#9636));
#9645 = IFCCARTESIANPOINT ((0.0071842, -0.145026, 0.658813));
#9646 = IFCCARTESIANPOINT ((0.00938662, -0.148322, 0.658813));
#9647 = IFCCARTESIANPOINT ((0.00938662, -0.148322, 0.548813));
#9648 = IFCCARTESIANPOINT ((0.0071842, -0.145026, 0.548813));
#9644 = IFCPOLYLOOP ((#9645, #9646, #9647, #9648));
#9643 = IFCFACEOUTERBOUND (#9644, .T.);
#9642 = IFCFACE ((#9643));
#9652 = IFCCARTESIANPOINT ((0.00938662, -0.148322, 0.658813));
#9653 = IFCCARTESIANPOINT ((0.01016, -0.15221, 0.658813));
#9654 = IFCCARTESIANPOINT ((0.01016, -0.15221, 0.548813));
#9655 = IFCCARTESIANPOINT ((0.00938662, -0.148322, 0.548813));
#9651 = IFCPOLYLOOP ((#9652, #9653, #9654, #9655));
#9650 = IFCFACEOUTERBOUND (#9651, .T.);
#9649 = IFCFACE ((#9650));
#9659 = IFCCARTESIANPOINT ((0.01016, -0.15221, 0.658813));
#9660 = IFCCARTESIANPOINT ((0.00938662, -0.156098, 0.658813));
#9661 = IFCCARTESIANPOINT ((0.00938662, -0.156098, 0.548813));
#9662 = IFCCARTESIANPOINT ((0.01016, -0.15221, 0.548813));
#9658 = IFCPOLYLOOP ((#9659, #9660, #9661, #9662));
#9657 = IFCFACEOUTERBOUND (#9658, .T.);
#9656 = IFCFACE ((#9657));
#9666 = IFCCARTESIANPOINT ((0.00938662, -0.156098, 0.548813));
#9667 = IFCCARTESIANPOINT ((0.0071842, -0.159394, 0.548813));
#9668 = IFCCARTESIANPOINT ((0.00388806, -0.161597, 0.548813));
#9669 = IFCCARTESIANPOINT ((0., -0.16237, 0.548813));
#9670 = IFCCARTESIANPOINT ((-0.00388806, -0.161597, 0.548813));
#9671 = IFCCARTESIANPOINT ((-0.0071842, -0.159394, 0.548813));
#9672 = IFCCARTESIANPOINT ((-0.00938662, -0.156098, 0.548813));
#9673 = IFCCARTESIANPOINT ((-0.01016, -0.15221, 0.548813));
#9674 = IFCCARTESIANPOINT ((-0.00938662, -0.148322, 0.548813));
#9675 = IFCCARTESIANPOINT ((-0.0071842, -0.145026, 0.548813));
#9676 = IFCCARTESIANPOINT ((-0.00388806, -0.142823, 0.548813));
#9677 = IFCCARTESIANPOINT ((0., -0.14205, 0.548813));
#9678 = IFCCARTESIANPOINT ((0.00388806, -0.142823, 0.548813));
#9679 = IFCCARTESIANPOINT ((0.0071842, -0.145026, 0.548813));
#9680 = IFCCARTESIANPOINT ((0.00938662, -0.148322, 0.548813));
#9681 = IFCCARTESIANPOINT ((0.01016, -0.15221, 0.548813));
#9665 = IFCPOLYLOOP ((#9666, #9667, #9668, #9669, #9670, #9671, #9672, #9673, #9674, #9675, #9676, #9677, #9678, #9679, #9680, #9681));
#9664 = IFCFACEOUTERBOUND (#9665, .T.);
#9663 = IFCFACE ((#9664));
#9685 = IFCCARTESIANPOINT ((0.01016, -0.15221, 0.658813));
#9686 = IFCCARTESIANPOINT ((0.00938662, -0.148322, 0.658813));
#9687 = IFCCARTESIANPOINT ((0.0071842, -0.145026, 0.658813));
#9688 = IFCCARTESIANPOINT ((0.00388806, -0.142823, 0.658813));
#9689 = IFCCARTESIANPOINT ((0., -0.14205, 0.658813));
#9690 = IFCCARTESIANPOINT ((-0.00388806, -0.142823, 0.658813));
#9691 = IFCCARTESIANPOINT ((-0.0071842, -0.145026, 0.658813));
#9692 = IFCCARTESIANPOINT ((-0.00938662, -0.148322, 0.658813));
#9693 = IFCCARTESIANPOINT ((-0.01016, -0.15221, 0.658813));
#9694 = IFCCARTESIANPOINT ((-0.00938662, -0.156098, 0.658813));
#9695 = IFCCARTESIANPOINT ((-0.0071842, -0.159394, 0.658813));
#9696 = IFCCARTESIANPOINT ((-0.00388806, -0.161597, 0.658813));
#9697 = IFCCARTESIANPOINT ((0., -0.16237, 0.658813));
#9698 = IFCCARTESIANPOINT ((0.00388806, -0.161597, 0.658813));
#9699 = IFCCARTESIANPOINT ((0.0071842, -0.159394, 0.658813));
#9700 = IFCCARTESIANPOINT ((0.00938662, -0.156098, 0.658813));
#9684 = IFCPOLYLOOP ((#9685, #9686, #9687, #9688, #9689, #9690, #9691, #9692, #9693, #9694, #9695, #9696, #9697, #9698, #9699, #9700));
#9683 = IFCFACEOUTERBOUND (#9684, .T.);
#9682 = IFCFACE ((#9683));
#9550 = IFCCLOSEDSHELL ((#9551, #9558, #9565, #9572, #9579, #9586, #9593, #9600, #9607, #9614, #9621, #9628, #9635, #9642, #9649, #9656, #9663, #9682));
#9549 = IFCFACETEDBREP (#9550);
#9706 = IFCCARTESIANPOINT ((0.00728017, -0.120735, 0.666765));
#9707 = IFCCARTESIANPOINT ((0.005572, -0.123291, 0.666765));
#9708 = IFCCARTESIANPOINT ((0.005572, -0.123291, 0.626765));
#9709 = IFCCARTESIANPOINT ((0.00728017, -0.120735, 0.626765));
#9705 = IFCPOLYLOOP ((#9706, #9707, #9708, #9709));
#9704 = IFCFACEOUTERBOUND (#9705, .T.);
#9703 = IFCFACE ((#9704));
#9713 = IFCCARTESIANPOINT ((0.005572, -0.123291, 0.666765));
#9714 = IFCCARTESIANPOINT ((0.00301555, -0.124999, 0.666765));
#9715 = IFCCARTESIANPOINT ((0.00301555, -0.124999, 0.626765));
#9716 = IFCCARTESIANPOINT ((0.005572, -0.123291, 0.626765));
#9712 = IFCPOLYLOOP ((#9713, #9714, #9715, #9716));
#9711 = IFCFACEOUTERBOUND (#9712, .T.);
#9710 = IFCFACE ((#9711));
#9720 = IFCCARTESIANPOINT ((0.00301555, -0.124999, 0.666765));
#9721 = IFCCARTESIANPOINT ((0., -0.125599, 0.666765));
#9722 = IFCCARTESIANPOINT ((0., -0.125599, 0.626765));
#9723 = IFCCARTESIANPOINT ((0.00301555, -0.124999, 0.626765));
#9719 = IFCPOLYLOOP ((#9720, #9721, #9722, #9723));
#9718 = IFCFACEOUTERBOUND (#9719, .T.);
#9717 = IFCFACE ((#9718));
#9727 = IFCCARTESIANPOINT ((0., -0.125599, 0.666765));
#9728 = IFCCARTESIANPOINT ((-0.00301555, -0.124999, 0.666765));
#9729 = IFCCARTESIANPOINT ((-0.00301555, -0.124999, 0.626765));
#9730 = IFCCARTESIANPOINT ((0., -0.125599, 0.626765));
#9726 = IFCPOLYLOOP ((#9727, #9728, #9729, #9730));
#9725 = IFCFACEOUTERBOUND (#9726, .T.);
#9724 = IFCFACE ((#9725));
#9734 = IFCCARTESIANPOINT ((-0.00301555, -0.124999, 0.666765));
#9735 = IFCCARTESIANPOINT ((-0.005572, -0.123291, 0.666765));
#9736 = IFCCARTESIANPOINT ((-0.005572, -0.123291, 0.626765));
#9737 = IFCCARTESIANPOINT ((-0.00301555, -0.124999, 0.626765));
#9733 = IFCPOLYLOOP ((#9734, #9735, #9736, #9737));
#9732 = IFCFACEOUTERBOUND (#9733, .T.);
#9731 = IFCFACE ((#9732));
#9741 = IFCCARTESIANPOINT ((-0.005572, -0.123291, 0.666765));
#9742 = IFCCARTESIANPOINT ((-0.00728017, -0.120735, 0.666765));
#9743 = IFCCARTESIANPOINT ((-0.00728017, -0.120735, 0.626765));
#9744 = IFCCARTESIANPOINT ((-0.005572, -0.123291, 0.626765));
#9740 = IFCPOLYLOOP ((#9741, #9742, #9743, #9744));
#9739 = IFCFACEOUTERBOUND (#9740, .T.);
#9738 = IFCFACE ((#9739));
#9748 = IFCCARTESIANPOINT ((-0.00728017, -0.120735, 0.666765));
#9749 = IFCCARTESIANPOINT ((-0.00788, -0.117719, 0.666765));
#9750 = IFCCARTESIANPOINT ((-0.00788, -0.117719, 0.626765));
#9751 = IFCCARTESIANPOINT ((-0.00728017, -0.120735, 0.626765));
#9747 = IFCPOLYLOOP ((#9748, #9749, #9750, #9751));
#9746 = IFCFACEOUTERBOUND (#9747, .T.);
#9745 = IFCFACE ((#9746));
#9755 = IFCCARTESIANPOINT ((-0.00788, -0.117719, 0.666765));
#9756 = IFCCARTESIANPOINT ((-0.00728017, -0.114703, 0.666765));
#9757 = IFCCARTESIANPOINT ((-0.00728017, -0.114703, 0.626765));
#9758 = IFCCARTESIANPOINT ((-0.00788, -0.117719, 0.626765));
#9754 = IFCPOLYLOOP ((#9755, #9756, #9757, #9758));
#9753 = IFCFACEOUTERBOUND (#9754, .T.);
#9752 = IFCFACE ((#9753));
#9762 = IFCCARTESIANPOINT ((-0.00728017, -0.114703, 0.666765));
#9763 = IFCCARTESIANPOINT ((-0.005572, -0.112147, 0.666765));
#9764 = IFCCARTESIANPOINT ((-0.005572, -0.112147, 0.626765));
#9765 = IFCCARTESIANPOINT ((-0.00728017, -0.114703, 0.626765));
#9761 = IFCPOLYLOOP ((#9762, #9763, #9764, #9765));
#9760 = IFCFACEOUTERBOUND (#9761, .T.);
#9759 = IFCFACE ((#9760));
#9769 = IFCCARTESIANPOINT ((-0.005572, -0.112147, 0.666765));
#9770 = IFCCARTESIANPOINT ((-0.00301555, -0.110439, 0.666765));
#9771 = IFCCARTESIANPOINT ((-0.00301555, -0.110439, 0.626765));
#9772 = IFCCARTESIANPOINT ((-0.005572, -0.112147, 0.626765));
#9768 = IFCPOLYLOOP ((#9769, #9770, #9771, #9772));
#9767 = IFCFACEOUTERBOUND (#9768, .T.);
#9766 = IFCFACE ((#9767));
#9776 = IFCCARTESIANPOINT ((-0.00301555, -0.110439, 0.666765));
#9777 = IFCCARTESIANPOINT ((0., -0.109839, 0.666765));
#9778 = IFCCARTESIANPOINT ((0., -0.109839, 0.626765));
#9779 = IFCCARTESIANPOINT ((-0.00301555, -0.110439, 0.626765));
#9775 = IFCPOLYLOOP ((#9776, #9777, #9778, #9779));
#9774 = IFCFACEOUTERBOUND (#9775, .T.);
#9773 = IFCFACE ((#9774));
#9783 = IFCCARTESIANPOINT ((0., -0.109839, 0.666765));
#9784 = IFCCARTESIANPOINT ((0.00301555, -0.110439, 0.666765));
#9785 = IFCCARTESIANPOINT ((0.00301555, -0.110439, 0.626765));
#9786 = IFCCARTESIANPOINT ((0., -0.109839, 0.626765));
#9782 = IFCPOLYLOOP ((#9783, #9784, #9785, #9786));
#9781 = IFCFACEOUTERBOUND (#9782, .T.);
#9780 = IFCFACE ((#9781));
#9790 = IFCCARTESIANPOINT ((0.00301555, -0.110439, 0.666765));
#9791 = IFCCARTESIANPOINT ((0.005572, -0.112147, 0.666765));
#9792 = IFCCARTESIANPOINT ((0.005572, -0.112147, 0.626765));
#9793 = IFCCARTESIANPOINT ((0.00301555, -0.110439, 0.626765));
#9789 = IFCPOLYLOOP ((#9790, #9791, #9792, #9793));
#9788 = IFCFACEOUTERBOUND (#9789, .T.);
#9787 = IFCFACE ((#9788));
#9797 = IFCCARTESIANPOINT ((0.005572, -0.112147, 0.666765));
#9798 = IFCCARTESIANPOINT ((0.00728017, -0.114703, 0.666765));
#9799 = IFCCARTESIANPOINT ((0.00728017, -0.114703, 0.626765));
#9800 = IFCCARTESIANPOINT ((0.005572, -0.112147, 0.626765));
#9796 = IFCPOLYLOOP ((#9797, #9798, #9799, #9800));
#9795 = IFCFACEOUTERBOUND (#9796, .T.);
#9794 = IFCFACE ((#9795));
#9804 = IFCCARTESIANPOINT ((0.00728017, -0.114703, 0.666765));
#9805 = IFCCARTESIANPOINT ((0.00788, -0.117719, 0.666765));
#9806 = IFCCARTESIANPOINT ((0.00788, -0.117719, 0.626765));
#9807 = IFCCARTESIANPOINT ((0.00728017, -0.114703, 0.626765));
#9803 = IFCPOLYLOOP ((#9804, #9805, #9806, #9807));
#9802 = IFCFACEOUTERBOUND (#9803, .T.);
#9801 = IFCFACE ((#9802));
#9811 = IFCCARTESIANPOINT ((0.00788, -0.117719, 0.666765));
#9812 = IFCCARTESIANPOINT ((0.00728017, -0.120735, 0.666765));
#9813 = IFCCARTESIANPOINT ((0.00728017, -0.120735, 0.626765));
#9814 = IFCCARTESIANPOINT ((0.00788, -0.117719, 0.626765));
#9810 = IFCPOLYLOOP ((#9811, #9812, #9813, #9814));
#9809 = IFCFACEOUTERBOUND (#9810, .T.);
#9808 = IFCFACE ((#9809));
#9818 = IFCCARTESIANPOINT ((0.00728017, -0.120735, 0.626765));
#9819 = IFCCARTESIANPOINT ((0.005572, -0.123291, 0.626765));
#9820 = IFCCARTESIANPOINT ((0.00301555, -0.124999, 0.626765));
#9821 = IFCCARTESIANPOINT ((0., -0.125599, 0.626765));
#9822 = IFCCARTESIANPOINT ((-0.00301555, -0.124999, 0.626765));
#9823 = IFCCARTESIANPOINT ((-0.005572, -0.123291, 0.626765));
#9824 = IFCCARTESIANPOINT ((-0.00728017, -0.120735, 0.626765));
#9825 = IFCCARTESIANPOINT ((-0.00788, -0.117719, 0.626765));
#9826 = IFCCARTESIANPOINT ((-0.00728017, -0.114703, 0.626765));
#9827 = IFCCARTESIANPOINT ((-0.005572, -0.112147, 0.626765));
#9828 = IFCCARTESIANPOINT ((-0.00301555, -0.110439, 0.626765));
#9829 = IFCCARTESIANPOINT ((0., -0.109839, 0.626765));
#9830 = IFCCARTESIANPOINT ((0.00301555, -0.110439, 0.626765));
#9831 = IFCCARTESIANPOINT ((0.005572, -0.112147, 0.626765));
#9832 = IFCCARTESIANPOINT ((0.00728017, -0.114703, 0.626765));
#9833 = IFCCARTESIANPOINT ((0.00788, -0.117719, 0.626765));
#9817 = IFCPOLYLOOP ((#9818, #9819, #9820, #9821, #9822, #9823, #9824, #9825, #9826, #9827, #9828, #9829, #9830, #9831, #9832, #9833));
#9816 = IFCFACEOUTERBOUND (#9817, .T.);
#9815 = IFCFACE ((#9816));
#9837 = IFCCARTESIANPOINT ((0.00788, -0.117719, 0.666765));
#9838 = IFCCARTESIANPOINT ((0.00728017, -0.114703, 0.666765));
#9839 = IFCCARTESIANPOINT ((0.005572, -0.112147, 0.666765));
#9840 = IFCCARTESIANPOINT ((0.00301555, -0.110439, 0.666765));
#9841 = IFCCARTESIANPOINT ((0., -0.109839, 0.666765));
#9842 = IFCCARTESIANPOINT ((-0.00301555, -0.110439, 0.666765));
#9843 = IFCCARTESIANPOINT ((-0.005572, -0.112147, 0.666765));
#9844 = IFCCARTESIANPOINT ((-0.00728017, -0.114703, 0.666765));
#9845 = IFCCARTESIANPOINT ((-0.00788, -0.117719, 0.666765));
#9846 = IFCCARTESIANPOINT ((-0.00728017, -0.120735, 0.666765));
#9847 = IFCCARTESIANPOINT ((-0.005572, -0.123291, 0.666765));
#9848 = IFCCARTESIANPOINT ((-0.00301555, -0.124999, 0.666765));
#9849 = IFCCARTESIANPOINT ((0., -0.125599, 0.666765));
#9850 = IFCCARTESIANPOINT ((0.00301555, -0.124999, 0.666765));
#9851 = IFCCARTESIANPOINT ((0.005572, -0.123291, 0.666765));
#9852 = IFCCARTESIANPOINT ((0.00728017, -0.120735, 0.666765));
#9836 = IFCPOLYLOOP ((#9837, #9838, #9839, #9840, #9841, #9842, #9843, #9844, #9845, #9846, #9847, #9848, #9849, #9850, #9851, #9852));
#9835 = IFCFACEOUTERBOUND (#9836, .T.);
#9834 = IFCFACE ((#9835));
#9702 = IFCCLOSEDSHELL ((#9703, #9710, #9717, #9724, #9731, #9738, #9745, #9752, #9759, #9766, #9773, #9780, #9787, #9794, #9801, #9808, #9815, #9834));
#9701 = IFCFACETEDBREP (#9702);
#9858 = IFCCARTESIANPOINT ((0.0706768, -0.804972, 0.522823));
#9859 = IFCCARTESIANPOINT ((0.0540937, -0.804972, 0.498004));
#9860 = IFCCARTESIANPOINT ((0.0540937, -0.789102, 0.498004));
#9861 = IFCCARTESIANPOINT ((0.0706768, -0.789102, 0.522823));
#9857 = IFCPOLYLOOP ((#9858, #9859, #9860, #9861));
#9856 = IFCFACEOUTERBOUND (#9857, .T.);
#9855 = IFCFACE ((#9856));
#9865 = IFCCARTESIANPOINT ((0.0540937, -0.804972, 0.498004));
#9866 = IFCCARTESIANPOINT ((0.0292753, -0.804972, 0.481421));
#9867 = IFCCARTESIANPOINT ((0.0292753, -0.789102, 0.481421));
#9868 = IFCCARTESIANPOINT ((0.0540937, -0.789102, 0.498004));
#9864 = IFCPOLYLOOP ((#9865, #9866, #9867, #9868));
#9863 = IFCFACEOUTERBOUND (#9864, .T.);
#9862 = IFCFACE ((#9863));
#9872 = IFCCARTESIANPOINT ((0.0292753, -0.804972, 0.481421));
#9873 = IFCCARTESIANPOINT ((0., -0.804972, 0.475598));
#9874 = IFCCARTESIANPOINT ((0., -0.789102, 0.475598));
#9875 = IFCCARTESIANPOINT ((0.0292753, -0.789102, 0.481421));
#9871 = IFCPOLYLOOP ((#9872, #9873, #9874, #9875));
#9870 = IFCFACEOUTERBOUND (#9871, .T.);
#9869 = IFCFACE ((#9870));
#9879 = IFCCARTESIANPOINT ((0., -0.804972, 0.475598));
#9880 = IFCCARTESIANPOINT ((-0.0292753, -0.804972, 0.481421));
#9881 = IFCCARTESIANPOINT ((-0.0292753, -0.789102, 0.481421));
#9882 = IFCCARTESIANPOINT ((0., -0.789102, 0.475598));
#9878 = IFCPOLYLOOP ((#9879, #9880, #9881, #9882));
#9877 = IFCFACEOUTERBOUND (#9878, .T.);
#9876 = IFCFACE ((#9877));
#9886 = IFCCARTESIANPOINT ((-0.0292753, -0.804972, 0.481421));
#9887 = IFCCARTESIANPOINT ((-0.0540937, -0.804972, 0.498004));
#9888 = IFCCARTESIANPOINT ((-0.0540937, -0.789102, 0.498004));
#9889 = IFCCARTESIANPOINT ((-0.0292753, -0.789102, 0.481421));
#9885 = IFCPOLYLOOP ((#9886, #9887, #9888, #9889));
#9884 = IFCFACEOUTERBOUND (#9885, .T.);
#9883 = IFCFACE ((#9884));
#9893 = IFCCARTESIANPOINT ((-0.0540937, -0.804972, 0.498004));
#9894 = IFCCARTESIANPOINT ((-0.0706768, -0.804972, 0.522823));
#9895 = IFCCARTESIANPOINT ((-0.0706768, -0.789102, 0.522823));
#9896 = IFCCARTESIANPOINT ((-0.0540937, -0.789102, 0.498004));
#9892 = IFCPOLYLOOP ((#9893, #9894, #9895, #9896));
#9891 = IFCFACEOUTERBOUND (#9892, .T.);
#9890 = IFCFACE ((#9891));
#9900 = IFCCARTESIANPOINT ((-0.0706768, -0.804972, 0.522823));
#9901 = IFCCARTESIANPOINT ((-0.0765, -0.804972, 0.552098));
#9902 = IFCCARTESIANPOINT ((-0.0765, -0.789102, 0.552098));
#9903 = IFCCARTESIANPOINT ((-0.0706768, -0.789102, 0.522823));
#9899 = IFCPOLYLOOP ((#9900, #9901, #9902, #9903));
#9898 = IFCFACEOUTERBOUND (#9899, .T.);
#9897 = IFCFACE ((#9898));
#9907 = IFCCARTESIANPOINT ((-0.0765, -0.804972, 0.552098));
#9908 = IFCCARTESIANPOINT ((-0.0706768, -0.804972, 0.581373));
#9909 = IFCCARTESIANPOINT ((-0.0706768, -0.789102, 0.581373));
#9910 = IFCCARTESIANPOINT ((-0.0765, -0.789102, 0.552098));
#9906 = IFCPOLYLOOP ((#9907, #9908, #9909, #9910));
#9905 = IFCFACEOUTERBOUND (#9906, .T.);
#9904 = IFCFACE ((#9905));
#9914 = IFCCARTESIANPOINT ((-0.0706768, -0.804972, 0.581373));
#9915 = IFCCARTESIANPOINT ((-0.0540937, -0.804972, 0.606192));
#9916 = IFCCARTESIANPOINT ((-0.0540937, -0.789102, 0.606192));
#9917 = IFCCARTESIANPOINT ((-0.0706768, -0.789102, 0.581373));
#9913 = IFCPOLYLOOP ((#9914, #9915, #9916, #9917));
#9912 = IFCFACEOUTERBOUND (#9913, .T.);
#9911 = IFCFACE ((#9912));
#9921 = IFCCARTESIANPOINT ((-0.0540937, -0.804972, 0.606192));
#9922 = IFCCARTESIANPOINT ((-0.0292753, -0.804972, 0.622775));
#9923 = IFCCARTESIANPOINT ((-0.0292753, -0.789102, 0.622775));
#9924 = IFCCARTESIANPOINT ((-0.0540937, -0.789102, 0.606192));
#9920 = IFCPOLYLOOP ((#9921, #9922, #9923, #9924));
#9919 = IFCFACEOUTERBOUND (#9920, .T.);
#9918 = IFCFACE ((#9919));
#9928 = IFCCARTESIANPOINT ((-0.0292753, -0.804972, 0.622775));
#9929 = IFCCARTESIANPOINT ((0., -0.804972, 0.628598));
#9930 = IFCCARTESIANPOINT ((0., -0.789102, 0.628598));
#9931 = IFCCARTESIANPOINT ((-0.0292753, -0.789102, 0.622775));
#9927 = IFCPOLYLOOP ((#9928, #9929, #9930, #9931));
#9926 = IFCFACEOUTERBOUND (#9927, .T.);
#9925 = IFCFACE ((#9926));
#9935 = IFCCARTESIANPOINT ((0., -0.804972, 0.628598));
#9936 = IFCCARTESIANPOINT ((0.0292753, -0.804972, 0.622775));
#9937 = IFCCARTESIANPOINT ((0.0292753, -0.789102, 0.622775));
#9938 = IFCCARTESIANPOINT ((0., -0.789102, 0.628598));
#9934 = IFCPOLYLOOP ((#9935, #9936, #9937, #9938));
#9933 = IFCFACEOUTERBOUND (#9934, .T.);
#9932 = IFCFACE ((#9933));
#9942 = IFCCARTESIANPOINT ((0.0292753, -0.804972, 0.622775));
#9943 = IFCCARTESIANPOINT ((0.0540937, -0.804972, 0.606192));
#9944 = IFCCARTESIANPOINT ((0.0540937, -0.789102, 0.606192));
#9945 = IFCCARTESIANPOINT ((0.0292753, -0.789102, 0.622775));
#9941 = IFCPOLYLOOP ((#9942, #9943, #9944, #9945));
#9940 = IFCFACEOUTERBOUND (#9941, .T.);
#9939 = IFCFACE ((#9940));
#9949 = IFCCARTESIANPOINT ((0.0540937, -0.804972, 0.606192));
#9950 = IFCCARTESIANPOINT ((0.0706768, -0.804972, 0.581373));
#9951 = IFCCARTESIANPOINT ((0.0706768, -0.789102, 0.581373));
#9952 = IFCCARTESIANPOINT ((0.0540937, -0.789102, 0.606192));
#9948 = IFCPOLYLOOP ((#9949, #9950, #9951, #9952));
#9947 = IFCFACEOUTERBOUND (#9948, .T.);
#9946 = IFCFACE ((#9947));
#9956 = IFCCARTESIANPOINT ((0.0706768, -0.804972, 0.581373));
#9957 = IFCCARTESIANPOINT ((0.0765, -0.804972, 0.552098));
#9958 = IFCCARTESIANPOINT ((0.0765, -0.789102, 0.552098));
#9959 = IFCCARTESIANPOINT ((0.0706768, -0.789102, 0.581373));
#9955 = IFCPOLYLOOP ((#9956, #9957, #9958, #9959));
#9954 = IFCFACEOUTERBOUND (#9955, .T.);
#9953 = IFCFACE ((#9954));
#9963 = IFCCARTESIANPOINT ((0.0765, -0.804972, 0.552098));
#9964 = IFCCARTESIANPOINT ((0.0706768, -0.804972, 0.522823));
#9965 = IFCCARTESIANPOINT ((0.0706768, -0.789102, 0.522823));
#9966 = IFCCARTESIANPOINT ((0.0765, -0.789102, 0.552098));
#9962 = IFCPOLYLOOP ((#9963, #9964, #9965, #9966));
#9961 = IFCFACEOUTERBOUND (#9962, .T.);
#9960 = IFCFACE ((#9961));
#9970 = IFCCARTESIANPOINT ((0.0706768, -0.789102, 0.522823));
#9971 = IFCCARTESIANPOINT ((0.0540937, -0.789102, 0.498004));
#9972 = IFCCARTESIANPOINT ((0.0292753, -0.789102, 0.481421));
#9973 = IFCCARTESIANPOINT ((0., -0.789102, 0.475598));
#9974 = IFCCARTESIANPOINT ((-0.0292753, -0.789102, 0.481421));
#9975 = IFCCARTESIANPOINT ((-0.0540937, -0.789102, 0.498004));
#9976 = IFCCARTESIANPOINT ((-0.0706768, -0.789102, 0.522823));
#9977 = IFCCARTESIANPOINT ((-0.0765, -0.789102, 0.552098));
#9978 = IFCCARTESIANPOINT ((-0.0706768, -0.789102, 0.581373));
#9979 = IFCCARTESIANPOINT ((-0.0540937, -0.789102, 0.606192));
#9980 = IFCCARTESIANPOINT ((-0.0292753, -0.789102, 0.622775));
#9981 = IFCCARTESIANPOINT ((0., -0.789102, 0.628598));
#9982 = IFCCARTESIANPOINT ((0.0292753, -0.789102, 0.622775));
#9983 = IFCCARTESIANPOINT ((0.0540937, -0.789102, 0.606192));
#9984 = IFCCARTESIANPOINT ((0.0706768, -0.789102, 0.581373));
#9985 = IFCCARTESIANPOINT ((0.0765, -0.789102, 0.552098));
#9969 = IFCPOLYLOOP ((#9970, #9971, #9972, #9973, #9974, #9975, #9976, #9977, #9978, #9979, #9980, #9981, #9982, #9983, #9984, #9985));
#9968 = IFCFACEOUTERBOUND (#9969, .T.);
#9967 = IFCFACE ((#9968));
#9989 = IFCCARTESIANPOINT ((0.0765, -0.804972, 0.552098));
#9990 = IFCCARTESIANPOINT ((0.0706768, -0.804972, 0.581373));
#9991 = IFCCARTESIANPOINT ((0.0540937, -0.804972, 0.606192));
#9992 = IFCCARTESIANPOINT ((0.0292753, -0.804972, 0.622775));
#9993 = IFCCARTESIANPOINT ((0., -0.804972, 0.628598));
#9994 = IFCCARTESIANPOINT ((-0.0292753, -0.804972, 0.622775));
#9995 = IFCCARTESIANPOINT ((-0.0540937, -0.804972, 0.606192));
#9996 = IFCCARTESIANPOINT ((-0.0706768, -0.804972, 0.581373));
#9997 = IFCCARTESIANPOINT ((-0.0765, -0.804972, 0.552098));
#9998 = IFCCARTESIANPOINT ((-0.0706768, -0.804972, 0.522823));
#9999 = IFCCARTESIANPOINT ((-0.0540937, -0.804972, 0.498004));
#10000 = IFCCARTESIANPOINT ((-0.0292753, -0.804972, 0.481421));
#10001 = IFCCARTESIANPOINT ((0., -0.804972, 0.475598));
#10002 = IFCCARTESIANPOINT ((0.0292753, -0.804972, 0.481421));
#10003 = IFCCARTESIANPOINT ((0.0540937, -0.804972, 0.498004));
#10004 = IFCCARTESIANPOINT ((0.0706768, -0.804972, 0.522823));
#9988 = IFCPOLYLOOP ((#9989, #9990, #9991, #9992, #9993, #9994, #9995, #9996, #9997, #9998, #9999, #10000, #10001, #10002, #10003, #10004));
#9987 = IFCFACEOUTERBOUND (#9988, .T.);
#9986 = IFCFACE ((#9987));
#9854 = IFCCLOSEDSHELL ((#9855, #9862, #9869, #9876, #9883, #9890, #9897, #9904, #9911, #9918, #9925, #9932, #9939, #9946, #9953, #9960, #9967, #9986));
#9853 = IFCFACETEDBREP (#9854);
#10010 = IFCCARTESIANPOINT ((0., -0.125599, 0.650832));
#10011 = IFCCARTESIANPOINT ((-0.00301555, -0.124999, 0.651464));
#10012 = IFCCARTESIANPOINT ((-0.00301555, -0.124999, 0.666765));
#10013 = IFCCARTESIANPOINT ((0., -0.125599, 0.666765));
#10009 = IFCPOLYLOOP ((#10010, #10011, #10012, #10013));
#10008 = IFCFACEOUTERBOUND (#10009, .T.);
#10007 = IFCFACE ((#10008));
#10017 = IFCCARTESIANPOINT ((-0.0441942, -0.135126, 0.757173));
#10018 = IFCCARTESIANPOINT ((-0.0441942, -0.0672238, 0.760732));
#10019 = IFCCARTESIANPOINT ((-0.0577425, -0.0661627, 0.740483));
#10020 = IFCCARTESIANPOINT ((-0.0577425, -0.135126, 0.736869));
#10016 = IFCPOLYLOOP ((#10017, #10018, #10019, #10020));
#10015 = IFCFACEOUTERBOUND (#10016, .T.);
#10014 = IFCFACE ((#10015));
#10024 = IFCCARTESIANPOINT ((-0.0239177, -0.135126, 0.77074));
#10025 = IFCCARTESIANPOINT ((-0.0239177, -0.0679329, 0.774261));
#10026 = IFCCARTESIANPOINT ((-0.0441942, -0.0672238, 0.760732));
#10027 = IFCCARTESIANPOINT ((-0.0441942, -0.135126, 0.757173));
#10023 = IFCPOLYLOOP ((#10024, #10025, #10026, #10027));
#10022 = IFCFACEOUTERBOUND (#10023, .T.);
#10021 = IFCFACE ((#10022));
#10031 = IFCCARTESIANPOINT ((0.0239177, -0.0679329, 0.774261));
#10032 = IFCCARTESIANPOINT ((0., -0.0681819, 0.779012));
#10033 = IFCCARTESIANPOINT ((0., -0.135126, 0.775504));
#10034 = IFCCARTESIANPOINT ((0.0239177, -0.135126, 0.77074));
#10030 = IFCPOLYLOOP ((#10031, #10032, #10033, #10034));
#10029 = IFCFACEOUTERBOUND (#10030, .T.);
#10028 = IFCFACE ((#10029));
#10038 = IFCCARTESIANPOINT ((0., -0.135126, 0.775504));
#10039 = IFCCARTESIANPOINT ((0., -0.0681819, 0.779012));
#10040 = IFCCARTESIANPOINT ((-0.0239177, -0.0679329, 0.774261));
#10041 = IFCCARTESIANPOINT ((-0.0239177, -0.135126, 0.77074));
#10037 = IFCPOLYLOOP ((#10038, #10039, #10040, #10041));
#10036 = IFCFACEOUTERBOUND (#10037, .T.);
#10035 = IFCFACE ((#10036));
#10045 = IFCCARTESIANPOINT ((-0.005572, -0.112147, 0.652647));
#10046 = IFCCARTESIANPOINT ((-0.00301555, -0.110439, 0.652227));
#10047 = IFCCARTESIANPOINT ((-0.00301555, -0.110439, 0.666765));
#10048 = IFCCARTESIANPOINT ((-0.005572, -0.112147, 0.666765));
#10044 = IFCPOLYLOOP ((#10045, #10046, #10047, #10048));
#10043 = IFCFACEOUTERBOUND (#10044, .T.);
#10042 = IFCFACE ((#10043));
#10052 = IFCCARTESIANPOINT ((-0.00788, -0.117719, 0.652814));
#10053 = IFCCARTESIANPOINT ((-0.00728017, -0.114703, 0.652853));
#10054 = IFCCARTESIANPOINT ((-0.00728017, -0.114703, 0.666765));
#10055 = IFCCARTESIANPOINT ((-0.00788, -0.117719, 0.666765));
#10051 = IFCPOLYLOOP ((#10052, #10053, #10054, #10055));
#10050 = IFCFACEOUTERBOUND (#10051, .T.);
#10049 = IFCFACE ((#10050));
#10059 = IFCCARTESIANPOINT ((-0.00301555, -0.110439, 0.652227));
#10060 = IFCCARTESIANPOINT ((0., -0.109839, 0.651658));
#10061 = IFCCARTESIANPOINT ((0., -0.109839, 0.666765));
#10062 = IFCCARTESIANPOINT ((-0.00301555, -0.110439, 0.666765));
#10058 = IFCPOLYLOOP ((#10059, #10060, #10061, #10062));
#10057 = IFCFACEOUTERBOUND (#10058, .T.);
#10056 = IFCFACE ((#10057));
#10066 = IFCCARTESIANPOINT ((0.0441942, -0.0672238, 0.760732));
#10067 = IFCCARTESIANPOINT ((0.0239177, -0.0679329, 0.774261));
#10068 = IFCCARTESIANPOINT ((0.0239177, -0.135126, 0.77074));
#10069 = IFCCARTESIANPOINT ((0.0441942, -0.135126, 0.757173));
#10065 = IFCPOLYLOOP ((#10066, #10067, #10068, #10069));
#10064 = IFCFACEOUTERBOUND (#10065, .T.);
#10063 = IFCFACE ((#10064));
#10073 = IFCCARTESIANPOINT ((0., -0.0616399, 0.654184));
#10074 = IFCCARTESIANPOINT ((0.0239177, -0.0618889, 0.658935));
#10075 = IFCCARTESIANPOINT ((0.0239177, -0.135126, 0.655096));
#10076 = IFCCARTESIANPOINT ((0., -0.135126, 0.650332));
#10077 = IFCCARTESIANPOINT ((0., -0.125599, 0.650832));
#10078 = IFCCARTESIANPOINT ((0.00301555, -0.124999, 0.651464));
#10079 = IFCCARTESIANPOINT ((0.005572, -0.123291, 0.652063));
#10080 = IFCCARTESIANPOINT ((0.00728017, -0.120735, 0.652537));
#10081 = IFCCARTESIANPOINT ((0.00788, -0.117719, 0.652814));
#10082 = IFCCARTESIANPOINT ((0.00728017, -0.114703, 0.652853));
#10083 = IFCCARTESIANPOINT ((0.005572, -0.112147, 0.652647));
#10084 = IFCCARTESIANPOINT ((0.00301555, -0.110439, 0.652227));
#10085 = IFCCARTESIANPOINT ((0., -0.109839, 0.651658));
#10072 = IFCPOLYLOOP ((#10073, #10074, #10075, #10076, #10077, #10078, #10079, #10080, #10081, #10082, #10083, #10084, #10085));
#10071 = IFCFACEOUTERBOUND (#10072, .T.);
#10070 = IFCFACE ((#10071));
#10089 = IFCCARTESIANPOINT ((0.005572, -0.123291, 0.652063));
#10090 = IFCCARTESIANPOINT ((0.00301555, -0.124999, 0.651464));
#10091 = IFCCARTESIANPOINT ((0.00301555, -0.124999, 0.666765));
#10092 = IFCCARTESIANPOINT ((0.005572, -0.123291, 0.666765));
#10088 = IFCPOLYLOOP ((#10089, #10090, #10091, #10092));
#10087 = IFCFACEOUTERBOUND (#10088, .T.);
#10086 = IFCFACE ((#10087));
#10096 = IFCCARTESIANPOINT ((0.00301555, -0.124999, 0.651464));
#10097 = IFCCARTESIANPOINT ((0., -0.125599, 0.650832));
#10098 = IFCCARTESIANPOINT ((0., -0.125599, 0.666765));
#10099 = IFCCARTESIANPOINT ((0.00301555, -0.124999, 0.666765));
#10095 = IFCPOLYLOOP ((#10096, #10097, #10098, #10099));
#10094 = IFCFACEOUTERBOUND (#10095, .T.);
#10093 = IFCFACE ((#10094));
#10103 = IFCCARTESIANPOINT ((-0.00728017, -0.120735, 0.652537));
#10104 = IFCCARTESIANPOINT ((-0.00788, -0.117719, 0.652814));
#10105 = IFCCARTESIANPOINT ((-0.00788, -0.117719, 0.666765));
#10106 = IFCCARTESIANPOINT ((-0.00728017, -0.120735, 0.666765));
#10102 = IFCPOLYLOOP ((#10103, #10104, #10105, #10106));
#10101 = IFCFACEOUTERBOUND (#10102, .T.);
#10100 = IFCFACE ((#10101));
#10110 = IFCCARTESIANPOINT ((-0.00728017, -0.114703, 0.652853));
#10111 = IFCCARTESIANPOINT ((-0.005572, -0.112147, 0.652647));
#10112 = IFCCARTESIANPOINT ((-0.005572, -0.112147, 0.666765));
#10113 = IFCCARTESIANPOINT ((-0.00728017, -0.114703, 0.666765));
#10109 = IFCPOLYLOOP ((#10110, #10111, #10112, #10113));
#10108 = IFCFACEOUTERBOUND (#10109, .T.);
#10107 = IFCFACE ((#10108));
#10117 = IFCCARTESIANPOINT ((0.0625, -0.0649109, 0.716598));
#10118 = IFCCARTESIANPOINT ((0.0577425, -0.0661627, 0.740483));
#10119 = IFCCARTESIANPOINT ((0.0577425, -0.135126, 0.736869));
#10120 = IFCCARTESIANPOINT ((0.0625, -0.135126, 0.712918));
#10116 = IFCPOLYLOOP ((#10117, #10118, #10119, #10120));
#10115 = IFCFACEOUTERBOUND (#10116, .T.);
#10114 = IFCFACE ((#10115));
#10124 = IFCCARTESIANPOINT ((0.0577425, -0.0636591, 0.692713));
#10125 = IFCCARTESIANPOINT ((0.0625, -0.0649109, 0.716598));
#10126 = IFCCARTESIANPOINT ((0.0625, -0.135126, 0.712918));
#10127 = IFCCARTESIANPOINT ((0.0577425, -0.135126, 0.688968));
#10123 = IFCPOLYLOOP ((#10124, #10125, #10126, #10127));
#10122 = IFCFACEOUTERBOUND (#10123, .T.);
#10121 = IFCFACE ((#10122));
#10131 = IFCCARTESIANPOINT ((-0.0239177, -0.135126, 0.655096));
#10132 = IFCCARTESIANPOINT ((-0.0239177, -0.0618889, 0.658935));
#10133 = IFCCARTESIANPOINT ((0., -0.0616399, 0.654184));
#10134 = IFCCARTESIANPOINT ((0., -0.109839, 0.651658));
#10135 = IFCCARTESIANPOINT ((-0.00301555, -0.110439, 0.652227));
#10136 = IFCCARTESIANPOINT ((-0.005572, -0.112147, 0.652647));
#10137 = IFCCARTESIANPOINT ((-0.00728017, -0.114703, 0.652853));
#10138 = IFCCARTESIANPOINT ((-0.00788, -0.117719, 0.652814));
#10139 = IFCCARTESIANPOINT ((-0.00728017, -0.120735, 0.652537));
#10140 = IFCCARTESIANPOINT ((-0.005572, -0.123291, 0.652063));
#10141 = IFCCARTESIANPOINT ((-0.00301555, -0.124999, 0.651464));
#10142 = IFCCARTESIANPOINT ((0., -0.125599, 0.650832));
#10143 = IFCCARTESIANPOINT ((0., -0.135126, 0.650332));
#10130 = IFCPOLYLOOP ((#10131, #10132, #10133, #10134, #10135, #10136, #10137, #10138, #10139, #10140, #10141, #10142, #10143));
#10129 = IFCFACEOUTERBOUND (#10130, .T.);
#10128 = IFCFACE ((#10129));
#10147 = IFCCARTESIANPOINT ((-0.0239177, -0.0618889, 0.658935));
#10148 = IFCCARTESIANPOINT ((-0.0441942, -0.062598, 0.672464));
#10149 = IFCCARTESIANPOINT ((-0.0577425, -0.0636591, 0.692713));
#10150 = IFCCARTESIANPOINT ((-0.0625, -0.0649109, 0.716598));
#10151 = IFCCARTESIANPOINT ((-0.0577425, -0.0661627, 0.740483));
#10152 = IFCCARTESIANPOINT ((-0.0441942, -0.0672238, 0.760732));
#10153 = IFCCARTESIANPOINT ((-0.0239177, -0.0679329, 0.774261));
#10154 = IFCCARTESIANPOINT ((0., -0.0681819, 0.779012));
#10155 = IFCCARTESIANPOINT ((0.0239177, -0.0679329, 0.774261));
#10156 = IFCCARTESIANPOINT ((0.0441942, -0.0672238, 0.760732));
#10157 = IFCCARTESIANPOINT ((0.0577425, -0.0661627, 0.740483));
#10158 = IFCCARTESIANPOINT ((0.0625, -0.0649109, 0.716598));
#10159 = IFCCARTESIANPOINT ((0.0577425, -0.0636591, 0.692713));
#10160 = IFCCARTESIANPOINT ((0.0441942, -0.062598, 0.672464));
#10161 = IFCCARTESIANPOINT ((0.0239177, -0.0618889, 0.658935));
#10162 = IFCCARTESIANPOINT ((0., -0.0616399, 0.654184));
#10146 = IFCPOLYLOOP ((#10147, #10148, #10149, #10150, #10151, #10152, #10153, #10154, #10155, #10156, #10157, #10158, #10159, #10160, #10161, #10162));
#10145 = IFCFACEOUTERBOUND (#10146, .T.);
#10144 = IFCFACE ((#10145));
#10166 = IFCCARTESIANPOINT ((-0.00301555, -0.124999, 0.651464));
#10167 = IFCCARTESIANPOINT ((-0.005572, -0.123291, 0.652063));
#10168 = IFCCARTESIANPOINT ((-0.005572, -0.123291, 0.666765));
#10169 = IFCCARTESIANPOINT ((-0.00301555, -0.124999, 0.666765));
#10165 = IFCPOLYLOOP ((#10166, #10167, #10168, #10169));
#10164 = IFCFACEOUTERBOUND (#10165, .T.);
#10163 = IFCFACE ((#10164));
#10173 = IFCCARTESIANPOINT ((-0.0441942, -0.135126, 0.668663));
#10174 = IFCCARTESIANPOINT ((-0.0441942, -0.062598, 0.672464));
#10175 = IFCCARTESIANPOINT ((-0.0239177, -0.0618889, 0.658935));
#10176 = IFCCARTESIANPOINT ((-0.0239177, -0.135126, 0.655096));
#10172 = IFCPOLYLOOP ((#10173, #10174, #10175, #10176));
#10171 = IFCFACEOUTERBOUND (#10172, .T.);
#10170 = IFCFACE ((#10171));
#10180 = IFCCARTESIANPOINT ((0.0577425, -0.0661627, 0.740483));
#10181 = IFCCARTESIANPOINT ((0.0441942, -0.0672238, 0.760732));
#10182 = IFCCARTESIANPOINT ((0.0441942, -0.135126, 0.757173));
#10183 = IFCCARTESIANPOINT ((0.0577425, -0.135126, 0.736869));
#10179 = IFCPOLYLOOP ((#10180, #10181, #10182, #10183));
#10178 = IFCFACEOUTERBOUND (#10179, .T.);
#10177 = IFCFACE ((#10178));
#10187 = IFCCARTESIANPOINT ((-0.0577425, -0.135126, 0.688968));
#10188 = IFCCARTESIANPOINT ((-0.0577425, -0.0636591, 0.692713));
#10189 = IFCCARTESIANPOINT ((-0.0441942, -0.062598, 0.672464));
#10190 = IFCCARTESIANPOINT ((-0.0441942, -0.135126, 0.668663));
#10186 = IFCPOLYLOOP ((#10187, #10188, #10189, #10190));
#10185 = IFCFACEOUTERBOUND (#10186, .T.);
#10184 = IFCFACE ((#10185));
#10194 = IFCCARTESIANPOINT ((0.0441942, -0.062598, 0.672464));
#10195 = IFCCARTESIANPOINT ((0.0577425, -0.0636591, 0.692713));
#10196 = IFCCARTESIANPOINT ((0.0577425, -0.135126, 0.688968));
#10197 = IFCCARTESIANPOINT ((0.0441942, -0.135126, 0.668663));
#10193 = IFCPOLYLOOP ((#10194, #10195, #10196, #10197));
#10192 = IFCFACEOUTERBOUND (#10193, .T.);
#10191 = IFCFACE ((#10192));
#10201 = IFCCARTESIANPOINT ((0.00301555, -0.110439, 0.652227));
#10202 = IFCCARTESIANPOINT ((0.005572, -0.112147, 0.652647));
#10203 = IFCCARTESIANPOINT ((0.005572, -0.112147, 0.666765));
#10204 = IFCCARTESIANPOINT ((0.00301555, -0.110439, 0.666765));
#10200 = IFCPOLYLOOP ((#10201, #10202, #10203, #10204));
#10199 = IFCFACEOUTERBOUND (#10200, .T.);
#10198 = IFCFACE ((#10199));
#10208 = IFCCARTESIANPOINT ((0.005572, -0.112147, 0.652647));
#10209 = IFCCARTESIANPOINT ((0.00728017, -0.114703, 0.652853));
#10210 = IFCCARTESIANPOINT ((0.00728017, -0.114703, 0.666765));
#10211 = IFCCARTESIANPOINT ((0.005572, -0.112147, 0.666765));
#10207 = IFCPOLYLOOP ((#10208, #10209, #10210, #10211));
#10206 = IFCFACEOUTERBOUND (#10207, .T.);
#10205 = IFCFACE ((#10206));
#10215 = IFCCARTESIANPOINT ((-0.0625, -0.135126, 0.712918));
#10216 = IFCCARTESIANPOINT ((-0.0625, -0.0649109, 0.716598));
#10217 = IFCCARTESIANPOINT ((-0.0577425, -0.0636591, 0.692713));
#10218 = IFCCARTESIANPOINT ((-0.0577425, -0.135126, 0.688968));
#10214 = IFCPOLYLOOP ((#10215, #10216, #10217, #10218));
#10213 = IFCFACEOUTERBOUND (#10214, .T.);
#10212 = IFCFACE ((#10213));
#10222 = IFCCARTESIANPOINT ((-0.0577425, -0.135126, 0.736869));
#10223 = IFCCARTESIANPOINT ((-0.0577425, -0.0661627, 0.740483));
#10224 = IFCCARTESIANPOINT ((-0.0625, -0.0649109, 0.716598));
#10225 = IFCCARTESIANPOINT ((-0.0625, -0.135126, 0.712918));
#10221 = IFCPOLYLOOP ((#10222, #10223, #10224, #10225));
#10220 = IFCFACEOUTERBOUND (#10221, .T.);
#10219 = IFCFACE ((#10220));
#10229 = IFCCARTESIANPOINT ((0.0239177, -0.0618889, 0.658935));
#10230 = IFCCARTESIANPOINT ((0.0441942, -0.062598, 0.672464));
#10231 = IFCCARTESIANPOINT ((0.0441942, -0.135126, 0.668663));
#10232 = IFCCARTESIANPOINT ((0.0239177, -0.135126, 0.655096));
#10228 = IFCPOLYLOOP ((#10229, #10230, #10231, #10232));
#10227 = IFCFACEOUTERBOUND (#10228, .T.);
#10226 = IFCFACE ((#10227));
#10236 = IFCCARTESIANPOINT ((-0.0625, -0.135126, 0.712918));
#10237 = IFCCARTESIANPOINT ((-0.0577425, -0.135126, 0.688968));
#10238 = IFCCARTESIANPOINT ((-0.0441942, -0.135126, 0.668663));
#10239 = IFCCARTESIANPOINT ((-0.0239177, -0.135126, 0.655096));
#10240 = IFCCARTESIANPOINT ((0., -0.135126, 0.650332));
#10241 = IFCCARTESIANPOINT ((0.0239177, -0.135126, 0.655096));
#10242 = IFCCARTESIANPOINT ((0.0441942, -0.135126, 0.668663));
#10243 = IFCCARTESIANPOINT ((0.0577425, -0.135126, 0.688968));
#10244 = IFCCARTESIANPOINT ((0.0625, -0.135126, 0.712918));
#10245 = IFCCARTESIANPOINT ((0.0577425, -0.135126, 0.736869));
#10246 = IFCCARTESIANPOINT ((0.0441942, -0.135126, 0.757173));
#10247 = IFCCARTESIANPOINT ((0.0239177, -0.135126, 0.77074));
#10248 = IFCCARTESIANPOINT ((0., -0.135126, 0.775504));
#10249 = IFCCARTESIANPOINT ((-0.0239177, -0.135126, 0.77074));
#10250 = IFCCARTESIANPOINT ((-0.0441942, -0.135126, 0.757173));
#10251 = IFCCARTESIANPOINT ((-0.0577425, -0.135126, 0.736869));
#10235 = IFCPOLYLOOP ((#10236, #10237, #10238, #10239, #10240, #10241, #10242, #10243, #10244, #10245, #10246, #10247, #10248, #10249, #10250, #10251));
#10234 = IFCFACEOUTERBOUND (#10235, .T.);
#10233 = IFCFACE ((#10234));
#10255 = IFCCARTESIANPOINT ((-0.005572, -0.123291, 0.652063));
#10256 = IFCCARTESIANPOINT ((-0.00728017, -0.120735, 0.652537));
#10257 = IFCCARTESIANPOINT ((-0.00728017, -0.120735, 0.666765));
#10258 = IFCCARTESIANPOINT ((-0.005572, -0.123291, 0.666765));
#10254 = IFCPOLYLOOP ((#10255, #10256, #10257, #10258));
#10253 = IFCFACEOUTERBOUND (#10254, .T.);
#10252 = IFCFACE ((#10253));
#10262 = IFCCARTESIANPOINT ((0.00788, -0.117719, 0.652814));
#10263 = IFCCARTESIANPOINT ((0.00728017, -0.120735, 0.652537));
#10264 = IFCCARTESIANPOINT ((0.00728017, -0.120735, 0.666765));
#10265 = IFCCARTESIANPOINT ((0.00788, -0.117719, 0.666765));
#10261 = IFCPOLYLOOP ((#10262, #10263, #10264, #10265));
#10260 = IFCFACEOUTERBOUND (#10261, .T.);
#10259 = IFCFACE ((#10260));
#10269 = IFCCARTESIANPOINT ((0.00788, -0.117719, 0.666765));
#10270 = IFCCARTESIANPOINT ((0.00728017, -0.120735, 0.666765));
#10271 = IFCCARTESIANPOINT ((0.005572, -0.123291, 0.666765));
#10272 = IFCCARTESIANPOINT ((0.00301555, -0.124999, 0.666765));
#10273 = IFCCARTESIANPOINT ((0., -0.125599, 0.666765));
#10274 = IFCCARTESIANPOINT ((-0.00301555, -0.124999, 0.666765));
#10275 = IFCCARTESIANPOINT ((-0.005572, -0.123291, 0.666765));
#10276 = IFCCARTESIANPOINT ((-0.00728017, -0.120735, 0.666765));
#10277 = IFCCARTESIANPOINT ((-0.00788, -0.117719, 0.666765));
#10278 = IFCCARTESIANPOINT ((-0.00728017, -0.114703, 0.666765));
#10279 = IFCCARTESIANPOINT ((-0.005572, -0.112147, 0.666765));
#10280 = IFCCARTESIANPOINT ((-0.00301555, -0.110439, 0.666765));
#10281 = IFCCARTESIANPOINT ((0., -0.109839, 0.666765));
#10282 = IFCCARTESIANPOINT ((0.00301555, -0.110439, 0.666765));
#10283 = IFCCARTESIANPOINT ((0.005572, -0.112147, 0.666765));
#10284 = IFCCARTESIANPOINT ((0.00728017, -0.114703, 0.666765));
#10268 = IFCPOLYLOOP ((#10269, #10270, #10271, #10272, #10273, #10274, #10275, #10276, #10277, #10278, #10279, #10280, #10281, #10282, #10283, #10284));
#10267 = IFCFACEOUTERBOUND (#10268, .T.);
#10266 = IFCFACE ((#10267));
#10288 = IFCCARTESIANPOINT ((0., -0.109839, 0.651658));
#10289 = IFCCARTESIANPOINT ((0.00301555, -0.110439, 0.652227));
#10290 = IFCCARTESIANPOINT ((0.00301555, -0.110439, 0.666765));
#10291 = IFCCARTESIANPOINT ((0., -0.109839, 0.666765));
#10287 = IFCPOLYLOOP ((#10288, #10289, #10290, #10291));
#10286 = IFCFACEOUTERBOUND (#10287, .T.);
#10285 = IFCFACE ((#10286));
#10295 = IFCCARTESIANPOINT ((0.00728017, -0.114703, 0.652853));
#10296 = IFCCARTESIANPOINT ((0.00788, -0.117719, 0.652814));
#10297 = IFCCARTESIANPOINT ((0.00788, -0.117719, 0.666765));
#10298 = IFCCARTESIANPOINT ((0.00728017, -0.114703, 0.666765));
#10294 = IFCPOLYLOOP ((#10295, #10296, #10297, #10298));
#10293 = IFCFACEOUTERBOUND (#10294, .T.);
#10292 = IFCFACE ((#10293));
#10302 = IFCCARTESIANPOINT ((0.00728017, -0.120735, 0.652537));
#10303 = IFCCARTESIANPOINT ((0.005572, -0.123291, 0.652063));
#10304 = IFCCARTESIANPOINT ((0.005572, -0.123291, 0.666765));
#10305 = IFCCARTESIANPOINT ((0.00728017, -0.120735, 0.666765));
#10301 = IFCPOLYLOOP ((#10302, #10303, #10304, #10305));
#10300 = IFCFACEOUTERBOUND (#10301, .T.);
#10299 = IFCFACE ((#10300));
#10006 = IFCCLOSEDSHELL ((#10007, #10014, #10021, #10028, #10035, #10042, #10049, #10056, #10063, #10070, #10086, #10093, #10100, #10107, #10114, #10121, #10128, #10144, #10163, #10170, #10177, #10184, #10191, #10198, #10205, #10212, #10219, #10226, #10233, #10252, #10259, #10266, #10285, #10292, #10299));
#10005 = IFCFACETEDBREP (#10006);
#10311 = IFCCARTESIANPOINT ((-0.0548393, -0.868723, 0.826098));
#10312 = IFCCARTESIANPOINT ((-0.0736784, -0.868723, 0.807061));
#10313 = IFCCARTESIANPOINT ((-0.0736784, -0.878723, 0.807061));
#10314 = IFCCARTESIANPOINT ((-0.0548393, -0.878723, 0.826098));
#10310 = IFCPOLYLOOP ((#10311, #10312, #10313, #10314));
#10309 = IFCFACEOUTERBOUND (#10310, .T.);
#10308 = IFCFACE ((#10309));
#10318 = IFCCARTESIANPOINT ((-0.0736784, -0.868723, 0.807061));
#10319 = IFCCARTESIANPOINT ((-0.0736784, -0.868723, 0.665135));
#10320 = IFCCARTESIANPOINT ((-0.0736784, -0.878723, 0.665135));
#10321 = IFCCARTESIANPOINT ((-0.0736784, -0.878723, 0.807061));
#10317 = IFCPOLYLOOP ((#10318, #10319, #10320, #10321));
#10316 = IFCFACEOUTERBOUND (#10317, .T.);
#10315 = IFCFACE ((#10316));
#10325 = IFCCARTESIANPOINT ((-0.0736784, -0.868723, 0.665135));
#10326 = IFCCARTESIANPOINT ((-0.0541972, -0.868723, 0.646098));
#10327 = IFCCARTESIANPOINT ((-0.0541972, -0.878723, 0.646098));
#10328 = IFCCARTESIANPOINT ((-0.0736784, -0.878723, 0.665135));
#10324 = IFCPOLYLOOP ((#10325, #10326, #10327, #10328));
#10323 = IFCFACEOUTERBOUND (#10324, .T.);
#10322 = IFCFACE ((#10323));
#10332 = IFCCARTESIANPOINT ((-0.0541972, -0.868723, 0.646098));
#10333 = IFCCARTESIANPOINT ((0.0541972, -0.868723, 0.646098));
#10334 = IFCCARTESIANPOINT ((0.0541972, -0.878723, 0.646098));
#10335 = IFCCARTESIANPOINT ((-0.0541972, -0.878723, 0.646098));
#10331 = IFCPOLYLOOP ((#10332, #10333, #10334, #10335));
#10330 = IFCFACEOUTERBOUND (#10331, .T.);
#10329 = IFCFACE ((#10330));
#10339 = IFCCARTESIANPOINT ((0.0541972, -0.868723, 0.646098));
#10340 = IFCCARTESIANPOINT ((0.0736782, -0.868723, 0.665135));
#10341 = IFCCARTESIANPOINT ((0.0736782, -0.878723, 0.665135));
#10342 = IFCCARTESIANPOINT ((0.0541972, -0.878723, 0.646098));
#10338 = IFCPOLYLOOP ((#10339, #10340, #10341, #10342));
#10337 = IFCFACEOUTERBOUND (#10338, .T.);
#10336 = IFCFACE ((#10337));
#10346 = IFCCARTESIANPOINT ((0.0736782, -0.868723, 0.665135));
#10347 = IFCCARTESIANPOINT ((0.0736782, -0.868723, 0.807061));
#10348 = IFCCARTESIANPOINT ((0.0736782, -0.878723, 0.807061));
#10349 = IFCCARTESIANPOINT ((0.0736782, -0.878723, 0.665135));
#10345 = IFCPOLYLOOP ((#10346, #10347, #10348, #10349));
#10344 = IFCFACEOUTERBOUND (#10345, .T.);
#10343 = IFCFACE ((#10344));
#10353 = IFCCARTESIANPOINT ((0.0736782, -0.868723, 0.807061));
#10354 = IFCCARTESIANPOINT ((0.0548392, -0.868723, 0.826098));
#10355 = IFCCARTESIANPOINT ((0.0548392, -0.878723, 0.826098));
#10356 = IFCCARTESIANPOINT ((0.0736782, -0.878723, 0.807061));
#10352 = IFCPOLYLOOP ((#10353, #10354, #10355, #10356));
#10351 = IFCFACEOUTERBOUND (#10352, .T.);
#10350 = IFCFACE ((#10351));
#10360 = IFCCARTESIANPOINT ((0.0548392, -0.868723, 0.826098));
#10361 = IFCCARTESIANPOINT ((-0.0548393, -0.868723, 0.826098));
#10362 = IFCCARTESIANPOINT ((-0.0548393, -0.878723, 0.826098));
#10363 = IFCCARTESIANPOINT ((0.0548392, -0.878723, 0.826098));
#10359 = IFCPOLYLOOP ((#10360, #10361, #10362, #10363));
#10358 = IFCFACEOUTERBOUND (#10359, .T.);
#10357 = IFCFACE ((#10358));
#10367 = IFCCARTESIANPOINT ((-0.0548393, -0.878723, 0.826098));
#10368 = IFCCARTESIANPOINT ((-0.0736784, -0.878723, 0.807061));
#10369 = IFCCARTESIANPOINT ((-0.0736784, -0.878723, 0.665135));
#10370 = IFCCARTESIANPOINT ((-0.0541972, -0.878723, 0.646098));
#10371 = IFCCARTESIANPOINT ((0.0541972, -0.878723, 0.646098));
#10372 = IFCCARTESIANPOINT ((0.0736782, -0.878723, 0.665135));
#10373 = IFCCARTESIANPOINT ((0.0736782, -0.878723, 0.807061));
#10374 = IFCCARTESIANPOINT ((0.0548392, -0.878723, 0.826098));
#10366 = IFCPOLYLOOP ((#10367, #10368, #10369, #10370, #10371, #10372, #10373, #10374));
#10365 = IFCFACEOUTERBOUND (#10366, .T.);
#10364 = IFCFACE ((#10365));
#10378 = IFCCARTESIANPOINT ((0.0548392, -0.868723, 0.826098));
#10379 = IFCCARTESIANPOINT ((0.0736782, -0.868723, 0.807061));
#10380 = IFCCARTESIANPOINT ((0.0736782, -0.868723, 0.665135));
#10381 = IFCCARTESIANPOINT ((0.0541972, -0.868723, 0.646098));
#10382 = IFCCARTESIANPOINT ((-0.0541972, -0.868723, 0.646098));
#10383 = IFCCARTESIANPOINT ((-0.0736784, -0.868723, 0.665135));
#10384 = IFCCARTESIANPOINT ((-0.0736784, -0.868723, 0.807061));
#10385 = IFCCARTESIANPOINT ((-0.0548393, -0.868723, 0.826098));
#10377 = IFCPOLYLOOP ((#10378, #10379, #10380, #10381, #10382, #10383, #10384, #10385));
#10376 = IFCFACEOUTERBOUND (#10377, .T.);
#10375 = IFCFACE ((#10376));
#10307 = IFCCLOSEDSHELL ((#10308, #10315, #10322, #10329, #10336, #10343, #10350, #10357, #10364, #10375));
#10306 = IFCFACETEDBREP (#10307);
#10391 = IFCCARTESIANPOINT ((0.10862, -0.814146, 0.687455));
#10392 = IFCCARTESIANPOINT ((0.10862, -0.821712, 0.69251));
#10393 = IFCCARTESIANPOINT ((0.0991401, -0.821712, 0.69251));
#10394 = IFCCARTESIANPOINT ((0.0991401, -0.814146, 0.687455));
#10390 = IFCPOLYLOOP ((#10391, #10392, #10393, #10394));
#10389 = IFCFACEOUTERBOUND (#10390, .T.);
#10388 = IFCFACE ((#10389));
#10398 = IFCCARTESIANPOINT ((0.10862, -0.821712, 0.69251));
#10399 = IFCCARTESIANPOINT ((0.10862, -0.826767, 0.700076));
#10400 = IFCCARTESIANPOINT ((0.0991401, -0.826767, 0.700076));
#10401 = IFCCARTESIANPOINT ((0.0991401, -0.821712, 0.69251));
#10397 = IFCPOLYLOOP ((#10398, #10399, #10400, #10401));
#10396 = IFCFACEOUTERBOUND (#10397, .T.);
#10395 = IFCFACE ((#10396));
#10405 = IFCCARTESIANPOINT ((0.10862, -0.826767, 0.700076));
#10406 = IFCCARTESIANPOINT ((0.10862, -0.828542, 0.709));
#10407 = IFCCARTESIANPOINT ((0.0991401, -0.828542, 0.709));
#10408 = IFCCARTESIANPOINT ((0.0991401, -0.826767, 0.700076));
#10404 = IFCPOLYLOOP ((#10405, #10406, #10407, #10408));
#10403 = IFCFACEOUTERBOUND (#10404, .T.);
#10402 = IFCFACE ((#10403));
#10412 = IFCCARTESIANPOINT ((0.10862, -0.828542, 0.709));
#10413 = IFCCARTESIANPOINT ((0.10862, -0.826767, 0.717924));
#10414 = IFCCARTESIANPOINT ((0.0991401, -0.826767, 0.717924));
#10415 = IFCCARTESIANPOINT ((0.0991401, -0.828542, 0.709));
#10411 = IFCPOLYLOOP ((#10412, #10413, #10414, #10415));
#10410 = IFCFACEOUTERBOUND (#10411, .T.);
#10409 = IFCFACE ((#10410));
#10419 = IFCCARTESIANPOINT ((0.10862, -0.826767, 0.717924));
#10420 = IFCCARTESIANPOINT ((0.10862, -0.821712, 0.72549));
#10421 = IFCCARTESIANPOINT ((0.0991401, -0.821712, 0.72549));
#10422 = IFCCARTESIANPOINT ((0.0991401, -0.826767, 0.717924));
#10418 = IFCPOLYLOOP ((#10419, #10420, #10421, #10422));
#10417 = IFCFACEOUTERBOUND (#10418, .T.);
#10416 = IFCFACE ((#10417));
#10426 = IFCCARTESIANPOINT ((0.10862, -0.821712, 0.72549));
#10427 = IFCCARTESIANPOINT ((0.10862, -0.814146, 0.730545));
#10428 = IFCCARTESIANPOINT ((0.0991401, -0.814146, 0.730545));
#10429 = IFCCARTESIANPOINT ((0.0991401, -0.821712, 0.72549));
#10425 = IFCPOLYLOOP ((#10426, #10427, #10428, #10429));
#10424 = IFCFACEOUTERBOUND (#10425, .T.);
#10423 = IFCFACE ((#10424));
#10433 = IFCCARTESIANPOINT ((0.10862, -0.814146, 0.730545));
#10434 = IFCCARTESIANPOINT ((0.10862, -0.805222, 0.73232));
#10435 = IFCCARTESIANPOINT ((0.0991401, -0.805222, 0.73232));
#10436 = IFCCARTESIANPOINT ((0.0991401, -0.814146, 0.730545));
#10432 = IFCPOLYLOOP ((#10433, #10434, #10435, #10436));
#10431 = IFCFACEOUTERBOUND (#10432, .T.);
#10430 = IFCFACE ((#10431));
#10440 = IFCCARTESIANPOINT ((0.10862, -0.805222, 0.73232));
#10441 = IFCCARTESIANPOINT ((0.10862, -0.796298, 0.730545));
#10442 = IFCCARTESIANPOINT ((0.0991401, -0.796298, 0.730545));
#10443 = IFCCARTESIANPOINT ((0.0991401, -0.805222, 0.73232));
#10439 = IFCPOLYLOOP ((#10440, #10441, #10442, #10443));
#10438 = IFCFACEOUTERBOUND (#10439, .T.);
#10437 = IFCFACE ((#10438));
#10447 = IFCCARTESIANPOINT ((0.10862, -0.796298, 0.730545));
#10448 = IFCCARTESIANPOINT ((0.10862, -0.788732, 0.72549));
#10449 = IFCCARTESIANPOINT ((0.0991401, -0.788732, 0.72549));
#10450 = IFCCARTESIANPOINT ((0.0991401, -0.796298, 0.730545));
#10446 = IFCPOLYLOOP ((#10447, #10448, #10449, #10450));
#10445 = IFCFACEOUTERBOUND (#10446, .T.);
#10444 = IFCFACE ((#10445));
#10454 = IFCCARTESIANPOINT ((0.10862, -0.788732, 0.72549));
#10455 = IFCCARTESIANPOINT ((0.10862, -0.783677, 0.717924));
#10456 = IFCCARTESIANPOINT ((0.0991401, -0.783677, 0.717924));
#10457 = IFCCARTESIANPOINT ((0.0991401, -0.788732, 0.72549));
#10453 = IFCPOLYLOOP ((#10454, #10455, #10456, #10457));
#10452 = IFCFACEOUTERBOUND (#10453, .T.);
#10451 = IFCFACE ((#10452));
#10461 = IFCCARTESIANPOINT ((0.10862, -0.783677, 0.717924));
#10462 = IFCCARTESIANPOINT ((0.10862, -0.781902, 0.709));
#10463 = IFCCARTESIANPOINT ((0.0991401, -0.781902, 0.709));
#10464 = IFCCARTESIANPOINT ((0.0991401, -0.783677, 0.717924));
#10460 = IFCPOLYLOOP ((#10461, #10462, #10463, #10464));
#10459 = IFCFACEOUTERBOUND (#10460, .T.);
#10458 = IFCFACE ((#10459));
#10468 = IFCCARTESIANPOINT ((0.10862, -0.781902, 0.709));
#10469 = IFCCARTESIANPOINT ((0.10862, -0.783677, 0.700076));
#10470 = IFCCARTESIANPOINT ((0.0991401, -0.783677, 0.700076));
#10471 = IFCCARTESIANPOINT ((0.0991401, -0.781902, 0.709));
#10467 = IFCPOLYLOOP ((#10468, #10469, #10470, #10471));
#10466 = IFCFACEOUTERBOUND (#10467, .T.);
#10465 = IFCFACE ((#10466));
#10475 = IFCCARTESIANPOINT ((0.10862, -0.783677, 0.700076));
#10476 = IFCCARTESIANPOINT ((0.10862, -0.788732, 0.69251));
#10477 = IFCCARTESIANPOINT ((0.0991401, -0.788732, 0.69251));
#10478 = IFCCARTESIANPOINT ((0.0991401, -0.783677, 0.700076));
#10474 = IFCPOLYLOOP ((#10475, #10476, #10477, #10478));
#10473 = IFCFACEOUTERBOUND (#10474, .T.);
#10472 = IFCFACE ((#10473));
#10482 = IFCCARTESIANPOINT ((0.10862, -0.788732, 0.69251));
#10483 = IFCCARTESIANPOINT ((0.10862, -0.796298, 0.687455));
#10484 = IFCCARTESIANPOINT ((0.0991401, -0.796298, 0.687455));
#10485 = IFCCARTESIANPOINT ((0.0991401, -0.788732, 0.69251));
#10481 = IFCPOLYLOOP ((#10482, #10483, #10484, #10485));
#10480 = IFCFACEOUTERBOUND (#10481, .T.);
#10479 = IFCFACE ((#10480));
#10489 = IFCCARTESIANPOINT ((0.10862, -0.796298, 0.687455));
#10490 = IFCCARTESIANPOINT ((0.10862, -0.805222, 0.68568));
#10491 = IFCCARTESIANPOINT ((0.0991401, -0.805222, 0.68568));
#10492 = IFCCARTESIANPOINT ((0.0991401, -0.796298, 0.687455));
#10488 = IFCPOLYLOOP ((#10489, #10490, #10491, #10492));
#10487 = IFCFACEOUTERBOUND (#10488, .T.);
#10486 = IFCFACE ((#10487));
#10496 = IFCCARTESIANPOINT ((0.10862, -0.805222, 0.68568));
#10497 = IFCCARTESIANPOINT ((0.10862, -0.814146, 0.687455));
#10498 = IFCCARTESIANPOINT ((0.0991401, -0.814146, 0.687455));
#10499 = IFCCARTESIANPOINT ((0.0991401, -0.805222, 0.68568));
#10495 = IFCPOLYLOOP ((#10496, #10497, #10498, #10499));
#10494 = IFCFACEOUTERBOUND (#10495, .T.);
#10493 = IFCFACE ((#10494));
#10503 = IFCCARTESIANPOINT ((0.0991401, -0.814146, 0.687455));
#10504 = IFCCARTESIANPOINT ((0.0991401, -0.821712, 0.69251));
#10505 = IFCCARTESIANPOINT ((0.0991401, -0.826767, 0.700076));
#10506 = IFCCARTESIANPOINT ((0.0991401, -0.828542, 0.709));
#10507 = IFCCARTESIANPOINT ((0.0991401, -0.826767, 0.717924));
#10508 = IFCCARTESIANPOINT ((0.0991401, -0.821712, 0.72549));
#10509 = IFCCARTESIANPOINT ((0.0991401, -0.814146, 0.730545));
#10510 = IFCCARTESIANPOINT ((0.0991401, -0.805222, 0.73232));
#10511 = IFCCARTESIANPOINT ((0.0991401, -0.796298, 0.730545));
#10512 = IFCCARTESIANPOINT ((0.0991401, -0.788732, 0.72549));
#10513 = IFCCARTESIANPOINT ((0.0991401, -0.783677, 0.717924));
#10514 = IFCCARTESIANPOINT ((0.0991401, -0.781902, 0.709));
#10515 = IFCCARTESIANPOINT ((0.0991401, -0.783677, 0.700076));
#10516 = IFCCARTESIANPOINT ((0.0991401, -0.788732, 0.69251));
#10517 = IFCCARTESIANPOINT ((0.0991401, -0.796298, 0.687455));
#10518 = IFCCARTESIANPOINT ((0.0991401, -0.805222, 0.68568));
#10502 = IFCPOLYLOOP ((#10503, #10504, #10505, #10506, #10507, #10508, #10509, #10510, #10511, #10512, #10513, #10514, #10515, #10516, #10517, #10518));
#10501 = IFCFACEOUTERBOUND (#10502, .T.);
#10500 = IFCFACE ((#10501));
#10522 = IFCCARTESIANPOINT ((0.10862, -0.805222, 0.68568));
#10523 = IFCCARTESIANPOINT ((0.10862, -0.796298, 0.687455));
#10524 = IFCCARTESIANPOINT ((0.10862, -0.788732, 0.69251));
#10525 = IFCCARTESIANPOINT ((0.10862, -0.783677, 0.700076));
#10526 = IFCCARTESIANPOINT ((0.10862, -0.781902, 0.709));
#10527 = IFCCARTESIANPOINT ((0.10862, -0.783677, 0.717924));
#10528 = IFCCARTESIANPOINT ((0.10862, -0.788732, 0.72549));
#10529 = IFCCARTESIANPOINT ((0.10862, -0.796298, 0.730545));
#10530 = IFCCARTESIANPOINT ((0.10862, -0.805222, 0.73232));
#10531 = IFCCARTESIANPOINT ((0.10862, -0.814146, 0.730545));
#10532 = IFCCARTESIANPOINT ((0.10862, -0.821712, 0.72549));
#10533 = IFCCARTESIANPOINT ((0.10862, -0.826767, 0.717924));
#10534 = IFCCARTESIANPOINT ((0.10862, -0.828542, 0.709));
#10535 = IFCCARTESIANPOINT ((0.10862, -0.826767, 0.700076));
#10536 = IFCCARTESIANPOINT ((0.10862, -0.821712, 0.69251));
#10537 = IFCCARTESIANPOINT ((0.10862, -0.814146, 0.687455));
#10521 = IFCPOLYLOOP ((#10522, #10523, #10524, #10525, #10526, #10527, #10528, #10529, #10530, #10531, #10532, #10533, #10534, #10535, #10536, #10537));
#10520 = IFCFACEOUTERBOUND (#10521, .T.);
#10519 = IFCFACE ((#10520));
#10387 = IFCCLOSEDSHELL ((#10388, #10395, #10402, #10409, #10416, #10423, #10430, #10437, #10444, #10451, #10458, #10465, #10472, #10479, #10486, #10493, #10500, #10519));
#10386 = IFCFACETEDBREP (#10387);
#10543 = IFCCARTESIANPOINT ((-0.10862, -0.814146, 0.730545));
#10544 = IFCCARTESIANPOINT ((-0.10862, -0.821712, 0.72549));
#10545 = IFCCARTESIANPOINT ((-0.0991401, -0.821712, 0.72549));
#10546 = IFCCARTESIANPOINT ((-0.0991401, -0.814146, 0.730545));
#10542 = IFCPOLYLOOP ((#10543, #10544, #10545, #10546));
#10541 = IFCFACEOUTERBOUND (#10542, .T.);
#10540 = IFCFACE ((#10541));
#10550 = IFCCARTESIANPOINT ((-0.10862, -0.821712, 0.72549));
#10551 = IFCCARTESIANPOINT ((-0.10862, -0.826767, 0.717924));
#10552 = IFCCARTESIANPOINT ((-0.0991401, -0.826767, 0.717924));
#10553 = IFCCARTESIANPOINT ((-0.0991401, -0.821712, 0.72549));
#10549 = IFCPOLYLOOP ((#10550, #10551, #10552, #10553));
#10548 = IFCFACEOUTERBOUND (#10549, .T.);
#10547 = IFCFACE ((#10548));
#10557 = IFCCARTESIANPOINT ((-0.10862, -0.826767, 0.717924));
#10558 = IFCCARTESIANPOINT ((-0.10862, -0.828542, 0.709));
#10559 = IFCCARTESIANPOINT ((-0.0991401, -0.828542, 0.709));
#10560 = IFCCARTESIANPOINT ((-0.0991401, -0.826767, 0.717924));
#10556 = IFCPOLYLOOP ((#10557, #10558, #10559, #10560));
#10555 = IFCFACEOUTERBOUND (#10556, .T.);
#10554 = IFCFACE ((#10555));
#10564 = IFCCARTESIANPOINT ((-0.10862, -0.828542, 0.709));
#10565 = IFCCARTESIANPOINT ((-0.10862, -0.826767, 0.700076));
#10566 = IFCCARTESIANPOINT ((-0.0991401, -0.826767, 0.700076));
#10567 = IFCCARTESIANPOINT ((-0.0991401, -0.828542, 0.709));
#10563 = IFCPOLYLOOP ((#10564, #10565, #10566, #10567));
#10562 = IFCFACEOUTERBOUND (#10563, .T.);
#10561 = IFCFACE ((#10562));
#10571 = IFCCARTESIANPOINT ((-0.10862, -0.826767, 0.700076));
#10572 = IFCCARTESIANPOINT ((-0.10862, -0.821712, 0.69251));
#10573 = IFCCARTESIANPOINT ((-0.0991401, -0.821712, 0.69251));
#10574 = IFCCARTESIANPOINT ((-0.0991401, -0.826767, 0.700076));
#10570 = IFCPOLYLOOP ((#10571, #10572, #10573, #10574));
#10569 = IFCFACEOUTERBOUND (#10570, .T.);
#10568 = IFCFACE ((#10569));
#10578 = IFCCARTESIANPOINT ((-0.10862, -0.821712, 0.69251));
#10579 = IFCCARTESIANPOINT ((-0.10862, -0.814146, 0.687455));
#10580 = IFCCARTESIANPOINT ((-0.0991401, -0.814146, 0.687455));
#10581 = IFCCARTESIANPOINT ((-0.0991401, -0.821712, 0.69251));
#10577 = IFCPOLYLOOP ((#10578, #10579, #10580, #10581));
#10576 = IFCFACEOUTERBOUND (#10577, .T.);
#10575 = IFCFACE ((#10576));
#10585 = IFCCARTESIANPOINT ((-0.10862, -0.814146, 0.687455));
#10586 = IFCCARTESIANPOINT ((-0.10862, -0.805222, 0.68568));
#10587 = IFCCARTESIANPOINT ((-0.0991401, -0.805222, 0.68568));
#10588 = IFCCARTESIANPOINT ((-0.0991401, -0.814146, 0.687455));
#10584 = IFCPOLYLOOP ((#10585, #10586, #10587, #10588));
#10583 = IFCFACEOUTERBOUND (#10584, .T.);
#10582 = IFCFACE ((#10583));
#10592 = IFCCARTESIANPOINT ((-0.10862, -0.805222, 0.68568));
#10593 = IFCCARTESIANPOINT ((-0.10862, -0.796298, 0.687455));
#10594 = IFCCARTESIANPOINT ((-0.0991401, -0.796298, 0.687455));
#10595 = IFCCARTESIANPOINT ((-0.0991401, -0.805222, 0.68568));
#10591 = IFCPOLYLOOP ((#10592, #10593, #10594, #10595));
#10590 = IFCFACEOUTERBOUND (#10591, .T.);
#10589 = IFCFACE ((#10590));
#10599 = IFCCARTESIANPOINT ((-0.10862, -0.796298, 0.687455));
#10600 = IFCCARTESIANPOINT ((-0.10862, -0.788732, 0.69251));
#10601 = IFCCARTESIANPOINT ((-0.0991401, -0.788732, 0.69251));
#10602 = IFCCARTESIANPOINT ((-0.0991401, -0.796298, 0.687455));
#10598 = IFCPOLYLOOP ((#10599, #10600, #10601, #10602));
#10597 = IFCFACEOUTERBOUND (#10598, .T.);
#10596 = IFCFACE ((#10597));
#10606 = IFCCARTESIANPOINT ((-0.10862, -0.788732, 0.69251));
#10607 = IFCCARTESIANPOINT ((-0.10862, -0.783677, 0.700076));
#10608 = IFCCARTESIANPOINT ((-0.0991401, -0.783677, 0.700076));
#10609 = IFCCARTESIANPOINT ((-0.0991401, -0.788732, 0.69251));
#10605 = IFCPOLYLOOP ((#10606, #10607, #10608, #10609));
#10604 = IFCFACEOUTERBOUND (#10605, .T.);
#10603 = IFCFACE ((#10604));
#10613 = IFCCARTESIANPOINT ((-0.10862, -0.783677, 0.700076));
#10614 = IFCCARTESIANPOINT ((-0.10862, -0.781902, 0.709));
#10615 = IFCCARTESIANPOINT ((-0.0991401, -0.781902, 0.709));
#10616 = IFCCARTESIANPOINT ((-0.0991401, -0.783677, 0.700076));
#10612 = IFCPOLYLOOP ((#10613, #10614, #10615, #10616));
#10611 = IFCFACEOUTERBOUND (#10612, .T.);
#10610 = IFCFACE ((#10611));
#10620 = IFCCARTESIANPOINT ((-0.10862, -0.781902, 0.709));
#10621 = IFCCARTESIANPOINT ((-0.10862, -0.783677, 0.717924));
#10622 = IFCCARTESIANPOINT ((-0.0991401, -0.783677, 0.717924));
#10623 = IFCCARTESIANPOINT ((-0.0991401, -0.781902, 0.709));
#10619 = IFCPOLYLOOP ((#10620, #10621, #10622, #10623));
#10618 = IFCFACEOUTERBOUND (#10619, .T.);
#10617 = IFCFACE ((#10618));
#10627 = IFCCARTESIANPOINT ((-0.10862, -0.783677, 0.717924));
#10628 = IFCCARTESIANPOINT ((-0.10862, -0.788732, 0.72549));
#10629 = IFCCARTESIANPOINT ((-0.0991401, -0.788732, 0.72549));
#10630 = IFCCARTESIANPOINT ((-0.0991401, -0.783677, 0.717924));
#10626 = IFCPOLYLOOP ((#10627, #10628, #10629, #10630));
#10625 = IFCFACEOUTERBOUND (#10626, .T.);
#10624 = IFCFACE ((#10625));
#10634 = IFCCARTESIANPOINT ((-0.10862, -0.788732, 0.72549));
#10635 = IFCCARTESIANPOINT ((-0.10862, -0.796298, 0.730545));
#10636 = IFCCARTESIANPOINT ((-0.0991401, -0.796298, 0.730545));
#10637 = IFCCARTESIANPOINT ((-0.0991401, -0.788732, 0.72549));
#10633 = IFCPOLYLOOP ((#10634, #10635, #10636, #10637));
#10632 = IFCFACEOUTERBOUND (#10633, .T.);
#10631 = IFCFACE ((#10632));
#10641 = IFCCARTESIANPOINT ((-0.10862, -0.796298, 0.730545));
#10642 = IFCCARTESIANPOINT ((-0.10862, -0.805222, 0.73232));
#10643 = IFCCARTESIANPOINT ((-0.0991401, -0.805222, 0.73232));
#10644 = IFCCARTESIANPOINT ((-0.0991401, -0.796298, 0.730545));
#10640 = IFCPOLYLOOP ((#10641, #10642, #10643, #10644));
#10639 = IFCFACEOUTERBOUND (#10640, .T.);
#10638 = IFCFACE ((#10639));
#10648 = IFCCARTESIANPOINT ((-0.10862, -0.805222, 0.73232));
#10649 = IFCCARTESIANPOINT ((-0.10862, -0.814146, 0.730545));
#10650 = IFCCARTESIANPOINT ((-0.0991401, -0.814146, 0.730545));
#10651 = IFCCARTESIANPOINT ((-0.0991401, -0.805222, 0.73232));
#10647 = IFCPOLYLOOP ((#10648, #10649, #10650, #10651));
#10646 = IFCFACEOUTERBOUND (#10647, .T.);
#10645 = IFCFACE ((#10646));
#10655 = IFCCARTESIANPOINT ((-0.0991401, -0.814146, 0.730545));
#10656 = IFCCARTESIANPOINT ((-0.0991401, -0.821712, 0.72549));
#10657 = IFCCARTESIANPOINT ((-0.0991401, -0.826767, 0.717924));
#10658 = IFCCARTESIANPOINT ((-0.0991401, -0.828542, 0.709));
#10659 = IFCCARTESIANPOINT ((-0.0991401, -0.826767, 0.700076));
#10660 = IFCCARTESIANPOINT ((-0.0991401, -0.821712, 0.69251));
#10661 = IFCCARTESIANPOINT ((-0.0991401, -0.814146, 0.687455));
#10662 = IFCCARTESIANPOINT ((-0.0991401, -0.805222, 0.68568));
#10663 = IFCCARTESIANPOINT ((-0.0991401, -0.796298, 0.687455));
#10664 = IFCCARTESIANPOINT ((-0.0991401, -0.788732, 0.69251));
#10665 = IFCCARTESIANPOINT ((-0.0991401, -0.783677, 0.700076));
#10666 = IFCCARTESIANPOINT ((-0.0991401, -0.781902, 0.709));
#10667 = IFCCARTESIANPOINT ((-0.0991401, -0.783677, 0.717924));
#10668 = IFCCARTESIANPOINT ((-0.0991401, -0.788732, 0.72549));
#10669 = IFCCARTESIANPOINT ((-0.0991401, -0.796298, 0.730545));
#10670 = IFCCARTESIANPOINT ((-0.0991401, -0.805222, 0.73232));
#10654 = IFCPOLYLOOP ((#10655, #10656, #10657, #10658, #10659, #10660, #10661, #10662, #10663, #10664, #10665, #10666, #10667, #10668, #10669, #10670));
#10653 = IFCFACEOUTERBOUND (#10654, .T.);
#10652 = IFCFACE ((#10653));
#10674 = IFCCARTESIANPOINT ((-0.10862, -0.805222, 0.73232));
#10675 = IFCCARTESIANPOINT ((-0.10862, -0.796298, 0.730545));
#10676 = IFCCARTESIANPOINT ((-0.10862, -0.788732, 0.72549));
#10677 = IFCCARTESIANPOINT ((-0.10862, -0.783677, 0.717924));
#10678 = IFCCARTESIANPOINT ((-0.10862, -0.781902, 0.709));
#10679 = IFCCARTESIANPOINT ((-0.10862, -0.783677, 0.700076));
#10680 = IFCCARTESIANPOINT ((-0.10862, -0.788732, 0.69251));
#10681 = IFCCARTESIANPOINT ((-0.10862, -0.796298, 0.687455));
#10682 = IFCCARTESIANPOINT ((-0.10862, -0.805222, 0.68568));
#10683 = IFCCARTESIANPOINT ((-0.10862, -0.814146, 0.687455));
#10684 = IFCCARTESIANPOINT ((-0.10862, -0.821712, 0.69251));
#10685 = IFCCARTESIANPOINT ((-0.10862, -0.826767, 0.700076));
#10686 = IFCCARTESIANPOINT ((-0.10862, -0.828542, 0.709));
#10687 = IFCCARTESIANPOINT ((-0.10862, -0.826767, 0.717924));
#10688 = IFCCARTESIANPOINT ((-0.10862, -0.821712, 0.72549));
#10689 = IFCCARTESIANPOINT ((-0.10862, -0.814146, 0.730545));
#10673 = IFCPOLYLOOP ((#10674, #10675, #10676, #10677, #10678, #10679, #10680, #10681, #10682, #10683, #10684, #10685, #10686, #10687, #10688, #10689));
#10672 = IFCFACEOUTERBOUND (#10673, .T.);
#10671 = IFCFACE ((#10672));
#10539 = IFCCLOSEDSHELL ((#10540, #10547, #10554, #10561, #10568, #10575, #10582, #10589, #10596, #10603, #10610, #10617, #10624, #10631, #10638, #10645, #10652, #10671));
#10538 = IFCFACETEDBREP (#10539);
#10695 = IFCCARTESIANPOINT ((0.0286403, -0.741723, 0.806961));
#10696 = IFCCARTESIANPOINT ((0.0219203, -0.741723, 0.817018));
#10697 = IFCCARTESIANPOINT ((0.0219203, -0.760473, 0.817018));
#10698 = IFCCARTESIANPOINT ((0.0286403, -0.760473, 0.806961));
#10694 = IFCPOLYLOOP ((#10695, #10696, #10697, #10698));
#10693 = IFCFACEOUTERBOUND (#10694, .T.);
#10692 = IFCFACE ((#10693));
#10702 = IFCCARTESIANPOINT ((0.0219203, -0.741723, 0.817018));
#10703 = IFCCARTESIANPOINT ((0.0118632, -0.741723, 0.823738));
#10704 = IFCCARTESIANPOINT ((0.0118632, -0.760473, 0.823738));
#10705 = IFCCARTESIANPOINT ((0.0219203, -0.760473, 0.817018));
#10701 = IFCPOLYLOOP ((#10702, #10703, #10704, #10705));
#10700 = IFCFACEOUTERBOUND (#10701, .T.);
#10699 = IFCFACE ((#10700));
#10709 = IFCCARTESIANPOINT ((0.0118632, -0.741723, 0.823738));
#10710 = IFCCARTESIANPOINT ((0., -0.741723, 0.826098));
#10711 = IFCCARTESIANPOINT ((0., -0.760473, 0.826098));
#10712 = IFCCARTESIANPOINT ((0.0118632, -0.760473, 0.823738));
#10708 = IFCPOLYLOOP ((#10709, #10710, #10711, #10712));
#10707 = IFCFACEOUTERBOUND (#10708, .T.);
#10706 = IFCFACE ((#10707));
#10716 = IFCCARTESIANPOINT ((0., -0.741723, 0.826098));
#10717 = IFCCARTESIANPOINT ((-0.0118632, -0.741723, 0.823738));
#10718 = IFCCARTESIANPOINT ((-0.0118632, -0.760473, 0.823738));
#10719 = IFCCARTESIANPOINT ((0., -0.760473, 0.826098));
#10715 = IFCPOLYLOOP ((#10716, #10717, #10718, #10719));
#10714 = IFCFACEOUTERBOUND (#10715, .T.);
#10713 = IFCFACE ((#10714));
#10723 = IFCCARTESIANPOINT ((-0.0118632, -0.741723, 0.823738));
#10724 = IFCCARTESIANPOINT ((-0.0219203, -0.741723, 0.817018));
#10725 = IFCCARTESIANPOINT ((-0.0219203, -0.760473, 0.817018));
#10726 = IFCCARTESIANPOINT ((-0.0118632, -0.760473, 0.823738));
#10722 = IFCPOLYLOOP ((#10723, #10724, #10725, #10726));
#10721 = IFCFACEOUTERBOUND (#10722, .T.);
#10720 = IFCFACE ((#10721));
#10730 = IFCCARTESIANPOINT ((-0.0219203, -0.741723, 0.817018));
#10731 = IFCCARTESIANPOINT ((-0.0286403, -0.741723, 0.806961));
#10732 = IFCCARTESIANPOINT ((-0.0286403, -0.760473, 0.806961));
#10733 = IFCCARTESIANPOINT ((-0.0219203, -0.760473, 0.817018));
#10729 = IFCPOLYLOOP ((#10730, #10731, #10732, #10733));
#10728 = IFCFACEOUTERBOUND (#10729, .T.);
#10727 = IFCFACE ((#10728));
#10737 = IFCCARTESIANPOINT ((-0.0286403, -0.741723, 0.806961));
#10738 = IFCCARTESIANPOINT ((-0.031, -0.741723, 0.795098));
#10739 = IFCCARTESIANPOINT ((-0.031, -0.760473, 0.795098));
#10740 = IFCCARTESIANPOINT ((-0.0286403, -0.760473, 0.806961));
#10736 = IFCPOLYLOOP ((#10737, #10738, #10739, #10740));
#10735 = IFCFACEOUTERBOUND (#10736, .T.);
#10734 = IFCFACE ((#10735));
#10744 = IFCCARTESIANPOINT ((-0.031, -0.741723, 0.795098));
#10745 = IFCCARTESIANPOINT ((-0.0286403, -0.741723, 0.783235));
#10746 = IFCCARTESIANPOINT ((-0.0286403, -0.760473, 0.783235));
#10747 = IFCCARTESIANPOINT ((-0.031, -0.760473, 0.795098));
#10743 = IFCPOLYLOOP ((#10744, #10745, #10746, #10747));
#10742 = IFCFACEOUTERBOUND (#10743, .T.);
#10741 = IFCFACE ((#10742));
#10751 = IFCCARTESIANPOINT ((-0.0286403, -0.741723, 0.783235));
#10752 = IFCCARTESIANPOINT ((-0.0219203, -0.741723, 0.773178));
#10753 = IFCCARTESIANPOINT ((-0.0219203, -0.760473, 0.773178));
#10754 = IFCCARTESIANPOINT ((-0.0286403, -0.760473, 0.783235));
#10750 = IFCPOLYLOOP ((#10751, #10752, #10753, #10754));
#10749 = IFCFACEOUTERBOUND (#10750, .T.);
#10748 = IFCFACE ((#10749));
#10758 = IFCCARTESIANPOINT ((-0.0219203, -0.741723, 0.773178));
#10759 = IFCCARTESIANPOINT ((-0.0118632, -0.741723, 0.766458));
#10760 = IFCCARTESIANPOINT ((-0.0118632, -0.760473, 0.766458));
#10761 = IFCCARTESIANPOINT ((-0.0219203, -0.760473, 0.773178));
#10757 = IFCPOLYLOOP ((#10758, #10759, #10760, #10761));
#10756 = IFCFACEOUTERBOUND (#10757, .T.);
#10755 = IFCFACE ((#10756));
#10765 = IFCCARTESIANPOINT ((-0.0118632, -0.741723, 0.766458));
#10766 = IFCCARTESIANPOINT ((0., -0.741723, 0.764098));
#10767 = IFCCARTESIANPOINT ((0., -0.760473, 0.764098));
#10768 = IFCCARTESIANPOINT ((-0.0118632, -0.760473, 0.766458));
#10764 = IFCPOLYLOOP ((#10765, #10766, #10767, #10768));
#10763 = IFCFACEOUTERBOUND (#10764, .T.);
#10762 = IFCFACE ((#10763));
#10772 = IFCCARTESIANPOINT ((0., -0.741723, 0.764098));
#10773 = IFCCARTESIANPOINT ((0.0118632, -0.741723, 0.766458));
#10774 = IFCCARTESIANPOINT ((0.0118632, -0.760473, 0.766458));
#10775 = IFCCARTESIANPOINT ((0., -0.760473, 0.764098));
#10771 = IFCPOLYLOOP ((#10772, #10773, #10774, #10775));
#10770 = IFCFACEOUTERBOUND (#10771, .T.);
#10769 = IFCFACE ((#10770));
#10779 = IFCCARTESIANPOINT ((0.0118632, -0.741723, 0.766458));
#10780 = IFCCARTESIANPOINT ((0.0219203, -0.741723, 0.773178));
#10781 = IFCCARTESIANPOINT ((0.0219203, -0.760473, 0.773178));
#10782 = IFCCARTESIANPOINT ((0.0118632, -0.760473, 0.766458));
#10778 = IFCPOLYLOOP ((#10779, #10780, #10781, #10782));
#10777 = IFCFACEOUTERBOUND (#10778, .T.);
#10776 = IFCFACE ((#10777));
#10786 = IFCCARTESIANPOINT ((0.0219203, -0.741723, 0.773178));
#10787 = IFCCARTESIANPOINT ((0.0286403, -0.741723, 0.783235));
#10788 = IFCCARTESIANPOINT ((0.0286403, -0.760473, 0.783235));
#10789 = IFCCARTESIANPOINT ((0.0219203, -0.760473, 0.773178));
#10785 = IFCPOLYLOOP ((#10786, #10787, #10788, #10789));
#10784 = IFCFACEOUTERBOUND (#10785, .T.);
#10783 = IFCFACE ((#10784));
#10793 = IFCCARTESIANPOINT ((0.0286403, -0.741723, 0.783235));
#10794 = IFCCARTESIANPOINT ((0.031, -0.741723, 0.795098));
#10795 = IFCCARTESIANPOINT ((0.031, -0.760473, 0.795098));
#10796 = IFCCARTESIANPOINT ((0.0286403, -0.760473, 0.783235));
#10792 = IFCPOLYLOOP ((#10793, #10794, #10795, #10796));
#10791 = IFCFACEOUTERBOUND (#10792, .T.);
#10790 = IFCFACE ((#10791));
#10800 = IFCCARTESIANPOINT ((0.031, -0.741723, 0.795098));
#10801 = IFCCARTESIANPOINT ((0.0286403, -0.741723, 0.806961));
#10802 = IFCCARTESIANPOINT ((0.0286403, -0.760473, 0.806961));
#10803 = IFCCARTESIANPOINT ((0.031, -0.760473, 0.795098));
#10799 = IFCPOLYLOOP ((#10800, #10801, #10802, #10803));
#10798 = IFCFACEOUTERBOUND (#10799, .T.);
#10797 = IFCFACE ((#10798));
#10807 = IFCCARTESIANPOINT ((0.0286403, -0.760473, 0.806961));
#10808 = IFCCARTESIANPOINT ((0.0219203, -0.760473, 0.817018));
#10809 = IFCCARTESIANPOINT ((0.0118632, -0.760473, 0.823738));
#10810 = IFCCARTESIANPOINT ((0., -0.760473, 0.826098));
#10811 = IFCCARTESIANPOINT ((-0.0118632, -0.760473, 0.823738));
#10812 = IFCCARTESIANPOINT ((-0.0219203, -0.760473, 0.817018));
#10813 = IFCCARTESIANPOINT ((-0.0286403, -0.760473, 0.806961));
#10814 = IFCCARTESIANPOINT ((-0.031, -0.760473, 0.795098));
#10815 = IFCCARTESIANPOINT ((-0.0286403, -0.760473, 0.783235));
#10816 = IFCCARTESIANPOINT ((-0.0219203, -0.760473, 0.773178));
#10817 = IFCCARTESIANPOINT ((-0.0118632, -0.760473, 0.766458));
#10818 = IFCCARTESIANPOINT ((0., -0.760473, 0.764098));
#10819 = IFCCARTESIANPOINT ((0.0118632, -0.760473, 0.766458));
#10820 = IFCCARTESIANPOINT ((0.0219203, -0.760473, 0.773178));
#10821 = IFCCARTESIANPOINT ((0.0286403, -0.760473, 0.783235));
#10822 = IFCCARTESIANPOINT ((0.031, -0.760473, 0.795098));
#10806 = IFCPOLYLOOP ((#10807, #10808, #10809, #10810, #10811, #10812, #10813, #10814, #10815, #10816, #10817, #10818, #10819, #10820, #10821, #10822));
#10805 = IFCFACEOUTERBOUND (#10806, .T.);
#10804 = IFCFACE ((#10805));
#10826 = IFCCARTESIANPOINT ((0.031, -0.741723, 0.795098));
#10827 = IFCCARTESIANPOINT ((0.0286403, -0.741723, 0.783235));
#10828 = IFCCARTESIANPOINT ((0.0219203, -0.741723, 0.773178));
#10829 = IFCCARTESIANPOINT ((0.0118632, -0.741723, 0.766458));
#10830 = IFCCARTESIANPOINT ((0., -0.741723, 0.764098));
#10831 = IFCCARTESIANPOINT ((-0.0118632, -0.741723, 0.766458));
#10832 = IFCCARTESIANPOINT ((-0.0219203, -0.741723, 0.773178));
#10833 = IFCCARTESIANPOINT ((-0.0286403, -0.741723, 0.783235));
#10834 = IFCCARTESIANPOINT ((-0.031, -0.741723, 0.795098));
#10835 = IFCCARTESIANPOINT ((-0.0286403, -0.741723, 0.806961));
#10836 = IFCCARTESIANPOINT ((-0.0219203, -0.741723, 0.817018));
#10837 = IFCCARTESIANPOINT ((-0.0118632, -0.741723, 0.823738));
#10838 = IFCCARTESIANPOINT ((0., -0.741723, 0.826098));
#10839 = IFCCARTESIANPOINT ((0.0118632, -0.741723, 0.823738));
#10840 = IFCCARTESIANPOINT ((0.0219203, -0.741723, 0.817018));
#10841 = IFCCARTESIANPOINT ((0.0286403, -0.741723, 0.806961));
#10825 = IFCPOLYLOOP ((#10826, #10827, #10828, #10829, #10830, #10831, #10832, #10833, #10834, #10835, #10836, #10837, #10838, #10839, #10840, #10841));
#10824 = IFCFACEOUTERBOUND (#10825, .T.);
#10823 = IFCFACE ((#10824));
#10691 = IFCCLOSEDSHELL ((#10692, #10699, #10706, #10713, #10720, #10727, #10734, #10741, #10748, #10755, #10762, #10769, #10776, #10783, #10790, #10797, #10804, #10823));
#10690 = IFCFACETEDBREP (#10691);
#10847 = IFCCARTESIANPOINT ((0.0286403, -0.741723, 0.711961));
#10848 = IFCCARTESIANPOINT ((0.0219203, -0.741723, 0.722018));
#10849 = IFCCARTESIANPOINT ((0.0219203, -0.760473, 0.722018));
#10850 = IFCCARTESIANPOINT ((0.0286403, -0.760473, 0.711961));
#10846 = IFCPOLYLOOP ((#10847, #10848, #10849, #10850));
#10845 = IFCFACEOUTERBOUND (#10846, .T.);
#10844 = IFCFACE ((#10845));
#10854 = IFCCARTESIANPOINT ((0.0219203, -0.741723, 0.722018));
#10855 = IFCCARTESIANPOINT ((0.0118632, -0.741723, 0.728738));
#10856 = IFCCARTESIANPOINT ((0.0118632, -0.760473, 0.728738));
#10857 = IFCCARTESIANPOINT ((0.0219203, -0.760473, 0.722018));
#10853 = IFCPOLYLOOP ((#10854, #10855, #10856, #10857));
#10852 = IFCFACEOUTERBOUND (#10853, .T.);
#10851 = IFCFACE ((#10852));
#10861 = IFCCARTESIANPOINT ((0.0118632, -0.741723, 0.728738));
#10862 = IFCCARTESIANPOINT ((0., -0.741723, 0.731098));
#10863 = IFCCARTESIANPOINT ((0., -0.760473, 0.731098));
#10864 = IFCCARTESIANPOINT ((0.0118632, -0.760473, 0.728738));
#10860 = IFCPOLYLOOP ((#10861, #10862, #10863, #10864));
#10859 = IFCFACEOUTERBOUND (#10860, .T.);
#10858 = IFCFACE ((#10859));
#10868 = IFCCARTESIANPOINT ((0., -0.741723, 0.731098));
#10869 = IFCCARTESIANPOINT ((-0.0118632, -0.741723, 0.728738));
#10870 = IFCCARTESIANPOINT ((-0.0118632, -0.760473, 0.728738));
#10871 = IFCCARTESIANPOINT ((0., -0.760473, 0.731098));
#10867 = IFCPOLYLOOP ((#10868, #10869, #10870, #10871));
#10866 = IFCFACEOUTERBOUND (#10867, .T.);
#10865 = IFCFACE ((#10866));
#10875 = IFCCARTESIANPOINT ((-0.0118632, -0.741723, 0.728738));
#10876 = IFCCARTESIANPOINT ((-0.0219203, -0.741723, 0.722018));
#10877 = IFCCARTESIANPOINT ((-0.0219203, -0.760473, 0.722018));
#10878 = IFCCARTESIANPOINT ((-0.0118632, -0.760473, 0.728738));
#10874 = IFCPOLYLOOP ((#10875, #10876, #10877, #10878));
#10873 = IFCFACEOUTERBOUND (#10874, .T.);
#10872 = IFCFACE ((#10873));
#10882 = IFCCARTESIANPOINT ((-0.0219203, -0.741723, 0.722018));
#10883 = IFCCARTESIANPOINT ((-0.0286403, -0.741723, 0.711961));
#10884 = IFCCARTESIANPOINT ((-0.0286403, -0.760473, 0.711961));
#10885 = IFCCARTESIANPOINT ((-0.0219203, -0.760473, 0.722018));
#10881 = IFCPOLYLOOP ((#10882, #10883, #10884, #10885));
#10880 = IFCFACEOUTERBOUND (#10881, .T.);
#10879 = IFCFACE ((#10880));
#10889 = IFCCARTESIANPOINT ((-0.0286403, -0.741723, 0.711961));
#10890 = IFCCARTESIANPOINT ((-0.031, -0.741723, 0.700098));
#10891 = IFCCARTESIANPOINT ((-0.031, -0.760473, 0.700098));
#10892 = IFCCARTESIANPOINT ((-0.0286403, -0.760473, 0.711961));
#10888 = IFCPOLYLOOP ((#10889, #10890, #10891, #10892));
#10887 = IFCFACEOUTERBOUND (#10888, .T.);
#10886 = IFCFACE ((#10887));
#10896 = IFCCARTESIANPOINT ((-0.031, -0.741723, 0.700098));
#10897 = IFCCARTESIANPOINT ((-0.0286403, -0.741723, 0.688235));
#10898 = IFCCARTESIANPOINT ((-0.0286403, -0.760473, 0.688235));
#10899 = IFCCARTESIANPOINT ((-0.031, -0.760473, 0.700098));
#10895 = IFCPOLYLOOP ((#10896, #10897, #10898, #10899));
#10894 = IFCFACEOUTERBOUND (#10895, .T.);
#10893 = IFCFACE ((#10894));
#10903 = IFCCARTESIANPOINT ((-0.0286403, -0.741723, 0.688235));
#10904 = IFCCARTESIANPOINT ((-0.0219203, -0.741723, 0.678178));
#10905 = IFCCARTESIANPOINT ((-0.0219203, -0.760473, 0.678178));
#10906 = IFCCARTESIANPOINT ((-0.0286403, -0.760473, 0.688235));
#10902 = IFCPOLYLOOP ((#10903, #10904, #10905, #10906));
#10901 = IFCFACEOUTERBOUND (#10902, .T.);
#10900 = IFCFACE ((#10901));
#10910 = IFCCARTESIANPOINT ((-0.0219203, -0.741723, 0.678178));
#10911 = IFCCARTESIANPOINT ((-0.0118632, -0.741723, 0.671458));
#10912 = IFCCARTESIANPOINT ((-0.0118632, -0.760473, 0.671458));
#10913 = IFCCARTESIANPOINT ((-0.0219203, -0.760473, 0.678178));
#10909 = IFCPOLYLOOP ((#10910, #10911, #10912, #10913));
#10908 = IFCFACEOUTERBOUND (#10909, .T.);
#10907 = IFCFACE ((#10908));
#10917 = IFCCARTESIANPOINT ((-0.0118632, -0.741723, 0.671458));
#10918 = IFCCARTESIANPOINT ((0., -0.741723, 0.669098));
#10919 = IFCCARTESIANPOINT ((0., -0.760473, 0.669098));
#10920 = IFCCARTESIANPOINT ((-0.0118632, -0.760473, 0.671458));
#10916 = IFCPOLYLOOP ((#10917, #10918, #10919, #10920));
#10915 = IFCFACEOUTERBOUND (#10916, .T.);
#10914 = IFCFACE ((#10915));
#10924 = IFCCARTESIANPOINT ((0., -0.741723, 0.669098));
#10925 = IFCCARTESIANPOINT ((0.0118632, -0.741723, 0.671458));
#10926 = IFCCARTESIANPOINT ((0.0118632, -0.760473, 0.671458));
#10927 = IFCCARTESIANPOINT ((0., -0.760473, 0.669098));
#10923 = IFCPOLYLOOP ((#10924, #10925, #10926, #10927));
#10922 = IFCFACEOUTERBOUND (#10923, .T.);
#10921 = IFCFACE ((#10922));
#10931 = IFCCARTESIANPOINT ((0.0118632, -0.741723, 0.671458));
#10932 = IFCCARTESIANPOINT ((0.0219203, -0.741723, 0.678178));
#10933 = IFCCARTESIANPOINT ((0.0219203, -0.760473, 0.678178));
#10934 = IFCCARTESIANPOINT ((0.0118632, -0.760473, 0.671458));
#10930 = IFCPOLYLOOP ((#10931, #10932, #10933, #10934));
#10929 = IFCFACEOUTERBOUND (#10930, .T.);
#10928 = IFCFACE ((#10929));
#10938 = IFCCARTESIANPOINT ((0.0219203, -0.741723, 0.678178));
#10939 = IFCCARTESIANPOINT ((0.0286403, -0.741723, 0.688235));
#10940 = IFCCARTESIANPOINT ((0.0286403, -0.760473, 0.688235));
#10941 = IFCCARTESIANPOINT ((0.0219203, -0.760473, 0.678178));
#10937 = IFCPOLYLOOP ((#10938, #10939, #10940, #10941));
#10936 = IFCFACEOUTERBOUND (#10937, .T.);
#10935 = IFCFACE ((#10936));
#10945 = IFCCARTESIANPOINT ((0.0286403, -0.741723, 0.688235));
#10946 = IFCCARTESIANPOINT ((0.031, -0.741723, 0.700098));
#10947 = IFCCARTESIANPOINT ((0.031, -0.760473, 0.700098));
#10948 = IFCCARTESIANPOINT ((0.0286403, -0.760473, 0.688235));
#10944 = IFCPOLYLOOP ((#10945, #10946, #10947, #10948));
#10943 = IFCFACEOUTERBOUND (#10944, .T.);
#10942 = IFCFACE ((#10943));
#10952 = IFCCARTESIANPOINT ((0.031, -0.741723, 0.700098));
#10953 = IFCCARTESIANPOINT ((0.0286403, -0.741723, 0.711961));
#10954 = IFCCARTESIANPOINT ((0.0286403, -0.760473, 0.711961));
#10955 = IFCCARTESIANPOINT ((0.031, -0.760473, 0.700098));
#10951 = IFCPOLYLOOP ((#10952, #10953, #10954, #10955));
#10950 = IFCFACEOUTERBOUND (#10951, .T.);
#10949 = IFCFACE ((#10950));
#10959 = IFCCARTESIANPOINT ((0.0286403, -0.760473, 0.711961));
#10960 = IFCCARTESIANPOINT ((0.0219203, -0.760473, 0.722018));
#10961 = IFCCARTESIANPOINT ((0.0118632, -0.760473, 0.728738));
#10962 = IFCCARTESIANPOINT ((0., -0.760473, 0.731098));
#10963 = IFCCARTESIANPOINT ((-0.0118632, -0.760473, 0.728738));
#10964 = IFCCARTESIANPOINT ((-0.0219203, -0.760473, 0.722018));
#10965 = IFCCARTESIANPOINT ((-0.0286403, -0.760473, 0.711961));
#10966 = IFCCARTESIANPOINT ((-0.031, -0.760473, 0.700098));
#10967 = IFCCARTESIANPOINT ((-0.0286403, -0.760473, 0.688235));
#10968 = IFCCARTESIANPOINT ((-0.0219203, -0.760473, 0.678178));
#10969 = IFCCARTESIANPOINT ((-0.0118632, -0.760473, 0.671458));
#10970 = IFCCARTESIANPOINT ((0., -0.760473, 0.669098));
#10971 = IFCCARTESIANPOINT ((0.0118632, -0.760473, 0.671458));
#10972 = IFCCARTESIANPOINT ((0.0219203, -0.760473, 0.678178));
#10973 = IFCCARTESIANPOINT ((0.0286403, -0.760473, 0.688235));
#10974 = IFCCARTESIANPOINT ((0.031, -0.760473, 0.700098));
#10958 = IFCPOLYLOOP ((#10959, #10960, #10961, #10962, #10963, #10964, #10965, #10966, #10967, #10968, #10969, #10970, #10971, #10972, #10973, #10974));
#10957 = IFCFACEOUTERBOUND (#10958, .T.);
#10956 = IFCFACE ((#10957));
#10978 = IFCCARTESIANPOINT ((0.031, -0.741723, 0.700098));
#10979 = IFCCARTESIANPOINT ((0.0286403, -0.741723, 0.688235));
#10980 = IFCCARTESIANPOINT ((0.0219203, -0.741723, 0.678178));
#10981 = IFCCARTESIANPOINT ((0.0118632, -0.741723, 0.671458));
#10982 = IFCCARTESIANPOINT ((0., -0.741723, 0.669098));
#10983 = IFCCARTESIANPOINT ((-0.0118632, -0.741723, 0.671458));
#10984 = IFCCARTESIANPOINT ((-0.0219203, -0.741723, 0.678178));
#10985 = IFCCARTESIANPOINT ((-0.0286403, -0.741723, 0.688235));
#10986 = IFCCARTESIANPOINT ((-0.031, -0.741723, 0.700098));
#10987 = IFCCARTESIANPOINT ((-0.0286403, -0.741723, 0.711961));
#10988 = IFCCARTESIANPOINT ((-0.0219203, -0.741723, 0.722018));
#10989 = IFCCARTESIANPOINT ((-0.0118632, -0.741723, 0.728738));
#10990 = IFCCARTESIANPOINT ((0., -0.741723, 0.731098));
#10991 = IFCCARTESIANPOINT ((0.0118632, -0.741723, 0.728738));
#10992 = IFCCARTESIANPOINT ((0.0219203, -0.741723, 0.722018));
#10993 = IFCCARTESIANPOINT ((0.0286403, -0.741723, 0.711961));
#10977 = IFCPOLYLOOP ((#10978, #10979, #10980, #10981, #10982, #10983, #10984, #10985, #10986, #10987, #10988, #10989, #10990, #10991, #10992, #10993));
#10976 = IFCFACEOUTERBOUND (#10977, .T.);
#10975 = IFCFACE ((#10976));
#10843 = IFCCLOSEDSHELL ((#10844, #10851, #10858, #10865, #10872, #10879, #10886, #10893, #10900, #10907, #10914, #10921, #10928, #10935, #10942, #10949, #10956, #10975));
#10842 = IFCFACETEDBREP (#10843);
#10999 = IFCCARTESIANPOINT ((-0.24, -1.8877, 0.631268));
#11000 = IFCCARTESIANPOINT ((-0.24, -1.8877, 0.109677));
#11001 = IFCCARTESIANPOINT ((0.24, -1.8877, 0.109677));
#11002 = IFCCARTESIANPOINT ((0.24, -1.8877, 0.631268));
#10998 = IFCPOLYLOOP ((#10999, #11000, #11001, #11002));
#10997 = IFCFACEOUTERBOUND (#10998, .T.);
#10996 = IFCFACE ((#10997));
#11006 = IFCCARTESIANPOINT ((-0.24, -1.8877, 0.109677));
#11007 = IFCCARTESIANPOINT ((-0.24, -1.82623, 0.048205));
#11008 = IFCCARTESIANPOINT ((0.24, -1.82623, 0.048205));
#11009 = IFCCARTESIANPOINT ((0.24, -1.8877, 0.109677));
#11005 = IFCPOLYLOOP ((#11006, #11007, #11008, #11009));
#11004 = IFCFACEOUTERBOUND (#11005, .T.);
#11003 = IFCFACE ((#11004));
#11013 = IFCCARTESIANPOINT ((-0.24, -1.82623, 0.048205));
#11014 = IFCCARTESIANPOINT ((-0.24, -0.84872, 0.048205));
#11015 = IFCCARTESIANPOINT ((0.24, -0.84872, 0.048205));
#11016 = IFCCARTESIANPOINT ((0.24, -1.82623, 0.048205));
#11012 = IFCPOLYLOOP ((#11013, #11014, #11015, #11016));
#11011 = IFCFACEOUTERBOUND (#11012, .T.);
#11010 = IFCFACE ((#11011));
#11020 = IFCCARTESIANPOINT ((-0.24, -0.84872, 0.048205));
#11021 = IFCCARTESIANPOINT ((-0.24, -0.84872, 0.896));
#11022 = IFCCARTESIANPOINT ((0.24, -0.84872, 0.896));
#11023 = IFCCARTESIANPOINT ((0.24, -0.84872, 0.048205));
#11019 = IFCPOLYLOOP ((#11020, #11021, #11022, #11023));
#11018 = IFCFACEOUTERBOUND (#11019, .T.);
#11017 = IFCFACE ((#11018));
#11027 = IFCCARTESIANPOINT ((-0.24, -0.84872, 0.896));
#11028 = IFCCARTESIANPOINT ((-0.24, -1.62297, 0.896));
#11029 = IFCCARTESIANPOINT ((0.24, -1.62297, 0.896));
#11030 = IFCCARTESIANPOINT ((0.24, -0.84872, 0.896));
#11026 = IFCPOLYLOOP ((#11027, #11028, #11029, #11030));
#11025 = IFCFACEOUTERBOUND (#11026, .T.);
#11024 = IFCFACE ((#11025));
#11034 = IFCCARTESIANPOINT ((-0.24, -1.62297, 0.896));
#11035 = IFCCARTESIANPOINT ((-0.24, -1.8877, 0.631268));
#11036 = IFCCARTESIANPOINT ((0.24, -1.8877, 0.631268));
#11037 = IFCCARTESIANPOINT ((0.24, -1.62297, 0.896));
#11033 = IFCPOLYLOOP ((#11034, #11035, #11036, #11037));
#11032 = IFCFACEOUTERBOUND (#11033, .T.);
#11031 = IFCFACE ((#11032));
#11041 = IFCCARTESIANPOINT ((0.24, -1.8877, 0.631268));
#11042 = IFCCARTESIANPOINT ((0.24, -1.8877, 0.109677));
#11043 = IFCCARTESIANPOINT ((0.24, -1.82623, 0.048205));
#11044 = IFCCARTESIANPOINT ((0.24, -0.84872, 0.048205));
#11045 = IFCCARTESIANPOINT ((0.24, -0.84872, 0.896));
#11046 = IFCCARTESIANPOINT ((0.24, -1.62297, 0.896));
#11040 = IFCPOLYLOOP ((#11041, #11042, #11043, #11044, #11045, #11046));
#11039 = IFCFACEOUTERBOUND (#11040, .T.);
#11038 = IFCFACE ((#11039));
#11050 = IFCCARTESIANPOINT ((-0.24, -1.62297, 0.896));
#11051 = IFCCARTESIANPOINT ((-0.24, -0.84872, 0.896));
#11052 = IFCCARTESIANPOINT ((-0.24, -0.84872, 0.048205));
#11053 = IFCCARTESIANPOINT ((-0.24, -1.82623, 0.048205));
#11054 = IFCCARTESIANPOINT ((-0.24, -1.8877, 0.109677));
#11055 = IFCCARTESIANPOINT ((-0.24, -1.8877, 0.631268));
#11049 = IFCPOLYLOOP ((#11050, #11051, #11052, #11053, #11054, #11055));
#11048 = IFCFACEOUTERBOUND (#11049, .T.);
#11047 = IFCFACE ((#11048));
#10995 = IFCCLOSEDSHELL ((#10996, #11003, #11010, #11017, #11024, #11031, #11038, #11047));
#10994 = IFCFACETEDBREP (#10995);
#11061 = IFCCARTESIANPOINT ((0.0138582, -0.811733, 0.852405));
#11062 = IFCCARTESIANPOINT ((0.0106066, -0.806866, 0.852405));
#11063 = IFCCARTESIANPOINT ((0.0106066, -0.806866, 0.864445));
#11064 = IFCCARTESIANPOINT ((0.0138582, -0.811733, 0.864445));
#11060 = IFCPOLYLOOP ((#11061, #11062, #11063, #11064));
#11059 = IFCFACEOUTERBOUND (#11060, .T.);
#11058 = IFCFACE ((#11059));
#11068 = IFCCARTESIANPOINT ((0.0106066, -0.806866, 0.852405));
#11069 = IFCCARTESIANPOINT ((0.00574025, -0.803615, 0.852405));
#11070 = IFCCARTESIANPOINT ((0.00574025, -0.803615, 0.864445));
#11071 = IFCCARTESIANPOINT ((0.0106066, -0.806866, 0.864445));
#11067 = IFCPOLYLOOP ((#11068, #11069, #11070, #11071));
#11066 = IFCFACEOUTERBOUND (#11067, .T.);
#11065 = IFCFACE ((#11066));
#11075 = IFCCARTESIANPOINT ((0.00574025, -0.803615, 0.852405));
#11076 = IFCCARTESIANPOINT ((0., -0.802473, 0.852405));
#11077 = IFCCARTESIANPOINT ((0., -0.802473, 0.864445));
#11078 = IFCCARTESIANPOINT ((0.00574025, -0.803615, 0.864445));
#11074 = IFCPOLYLOOP ((#11075, #11076, #11077, #11078));
#11073 = IFCFACEOUTERBOUND (#11074, .T.);
#11072 = IFCFACE ((#11073));
#11082 = IFCCARTESIANPOINT ((0., -0.802473, 0.852405));
#11083 = IFCCARTESIANPOINT ((-0.00574025, -0.803615, 0.852405));
#11084 = IFCCARTESIANPOINT ((-0.00574025, -0.803615, 0.864445));
#11085 = IFCCARTESIANPOINT ((0., -0.802473, 0.864445));
#11081 = IFCPOLYLOOP ((#11082, #11083, #11084, #11085));
#11080 = IFCFACEOUTERBOUND (#11081, .T.);
#11079 = IFCFACE ((#11080));
#11089 = IFCCARTESIANPOINT ((-0.00574025, -0.803615, 0.852405));
#11090 = IFCCARTESIANPOINT ((-0.0106066, -0.806866, 0.852405));
#11091 = IFCCARTESIANPOINT ((-0.0106066, -0.806866, 0.864445));
#11092 = IFCCARTESIANPOINT ((-0.00574025, -0.803615, 0.864445));
#11088 = IFCPOLYLOOP ((#11089, #11090, #11091, #11092));
#11087 = IFCFACEOUTERBOUND (#11088, .T.);
#11086 = IFCFACE ((#11087));
#11096 = IFCCARTESIANPOINT ((-0.0106066, -0.806866, 0.852405));
#11097 = IFCCARTESIANPOINT ((-0.0138582, -0.811733, 0.852405));
#11098 = IFCCARTESIANPOINT ((-0.0138582, -0.811733, 0.864445));
#11099 = IFCCARTESIANPOINT ((-0.0106066, -0.806866, 0.864445));
#11095 = IFCPOLYLOOP ((#11096, #11097, #11098, #11099));
#11094 = IFCFACEOUTERBOUND (#11095, .T.);
#11093 = IFCFACE ((#11094));
#11103 = IFCCARTESIANPOINT ((-0.0138582, -0.811733, 0.852405));
#11104 = IFCCARTESIANPOINT ((-0.015, -0.817473, 0.852405));
#11105 = IFCCARTESIANPOINT ((-0.015, -0.817473, 0.864445));
#11106 = IFCCARTESIANPOINT ((-0.0138582, -0.811733, 0.864445));
#11102 = IFCPOLYLOOP ((#11103, #11104, #11105, #11106));
#11101 = IFCFACEOUTERBOUND (#11102, .T.);
#11100 = IFCFACE ((#11101));
#11110 = IFCCARTESIANPOINT ((-0.015, -0.817473, 0.852405));
#11111 = IFCCARTESIANPOINT ((-0.0138582, -0.823213, 0.852405));
#11112 = IFCCARTESIANPOINT ((-0.0138582, -0.823213, 0.864445));
#11113 = IFCCARTESIANPOINT ((-0.015, -0.817473, 0.864445));
#11109 = IFCPOLYLOOP ((#11110, #11111, #11112, #11113));
#11108 = IFCFACEOUTERBOUND (#11109, .T.);
#11107 = IFCFACE ((#11108));
#11117 = IFCCARTESIANPOINT ((-0.0138582, -0.823213, 0.852405));
#11118 = IFCCARTESIANPOINT ((-0.0106066, -0.82808, 0.852405));
#11119 = IFCCARTESIANPOINT ((-0.0106066, -0.82808, 0.864445));
#11120 = IFCCARTESIANPOINT ((-0.0138582, -0.823213, 0.864445));
#11116 = IFCPOLYLOOP ((#11117, #11118, #11119, #11120));
#11115 = IFCFACEOUTERBOUND (#11116, .T.);
#11114 = IFCFACE ((#11115));
#11124 = IFCCARTESIANPOINT ((-0.0106066, -0.82808, 0.852405));
#11125 = IFCCARTESIANPOINT ((-0.00574025, -0.831331, 0.852405));
#11126 = IFCCARTESIANPOINT ((-0.00574025, -0.831331, 0.864445));
#11127 = IFCCARTESIANPOINT ((-0.0106066, -0.82808, 0.864445));
#11123 = IFCPOLYLOOP ((#11124, #11125, #11126, #11127));
#11122 = IFCFACEOUTERBOUND (#11123, .T.);
#11121 = IFCFACE ((#11122));
#11131 = IFCCARTESIANPOINT ((-0.00574025, -0.831331, 0.852405));
#11132 = IFCCARTESIANPOINT ((0., -0.832473, 0.852405));
#11133 = IFCCARTESIANPOINT ((0., -0.832473, 0.864445));
#11134 = IFCCARTESIANPOINT ((-0.00574025, -0.831331, 0.864445));
#11130 = IFCPOLYLOOP ((#11131, #11132, #11133, #11134));
#11129 = IFCFACEOUTERBOUND (#11130, .T.);
#11128 = IFCFACE ((#11129));
#11138 = IFCCARTESIANPOINT ((0., -0.832473, 0.852405));
#11139 = IFCCARTESIANPOINT ((0.00574025, -0.831331, 0.852405));
#11140 = IFCCARTESIANPOINT ((0.00574025, -0.831331, 0.864445));
#11141 = IFCCARTESIANPOINT ((0., -0.832473, 0.864445));
#11137 = IFCPOLYLOOP ((#11138, #11139, #11140, #11141));
#11136 = IFCFACEOUTERBOUND (#11137, .T.);
#11135 = IFCFACE ((#11136));
#11145 = IFCCARTESIANPOINT ((0.00574025, -0.831331, 0.852405));
#11146 = IFCCARTESIANPOINT ((0.0106066, -0.82808, 0.852405));
#11147 = IFCCARTESIANPOINT ((0.0106066, -0.82808, 0.864445));
#11148 = IFCCARTESIANPOINT ((0.00574025, -0.831331, 0.864445));
#11144 = IFCPOLYLOOP ((#11145, #11146, #11147, #11148));
#11143 = IFCFACEOUTERBOUND (#11144, .T.);
#11142 = IFCFACE ((#11143));
#11152 = IFCCARTESIANPOINT ((0.0106066, -0.82808, 0.852405));
#11153 = IFCCARTESIANPOINT ((0.0138582, -0.823213, 0.852405));
#11154 = IFCCARTESIANPOINT ((0.0138582, -0.823213, 0.864445));
#11155 = IFCCARTESIANPOINT ((0.0106066, -0.82808, 0.864445));
#11151 = IFCPOLYLOOP ((#11152, #11153, #11154, #11155));
#11150 = IFCFACEOUTERBOUND (#11151, .T.);
#11149 = IFCFACE ((#11150));
#11159 = IFCCARTESIANPOINT ((0.0138582, -0.823213, 0.852405));
#11160 = IFCCARTESIANPOINT ((0.015, -0.817473, 0.852405));
#11161 = IFCCARTESIANPOINT ((0.015, -0.817473, 0.864445));
#11162 = IFCCARTESIANPOINT ((0.0138582, -0.823213, 0.864445));
#11158 = IFCPOLYLOOP ((#11159, #11160, #11161, #11162));
#11157 = IFCFACEOUTERBOUND (#11158, .T.);
#11156 = IFCFACE ((#11157));
#11166 = IFCCARTESIANPOINT ((0.015, -0.817473, 0.852405));
#11167 = IFCCARTESIANPOINT ((0.0138582, -0.811733, 0.852405));
#11168 = IFCCARTESIANPOINT ((0.0138582, -0.811733, 0.864445));
#11169 = IFCCARTESIANPOINT ((0.015, -0.817473, 0.864445));
#11165 = IFCPOLYLOOP ((#11166, #11167, #11168, #11169));
#11164 = IFCFACEOUTERBOUND (#11165, .T.);
#11163 = IFCFACE ((#11164));
#11173 = IFCCARTESIANPOINT ((0.0138582, -0.811733, 0.864445));
#11174 = IFCCARTESIANPOINT ((0.0106066, -0.806866, 0.864445));
#11175 = IFCCARTESIANPOINT ((0.00574025, -0.803615, 0.864445));
#11176 = IFCCARTESIANPOINT ((0., -0.802473, 0.864445));
#11177 = IFCCARTESIANPOINT ((-0.00574025, -0.803615, 0.864445));
#11178 = IFCCARTESIANPOINT ((-0.0106066, -0.806866, 0.864445));
#11179 = IFCCARTESIANPOINT ((-0.0138582, -0.811733, 0.864445));
#11180 = IFCCARTESIANPOINT ((-0.015, -0.817473, 0.864445));
#11181 = IFCCARTESIANPOINT ((-0.0138582, -0.823213, 0.864445));
#11182 = IFCCARTESIANPOINT ((-0.0106066, -0.82808, 0.864445));
#11183 = IFCCARTESIANPOINT ((-0.00574025, -0.831331, 0.864445));
#11184 = IFCCARTESIANPOINT ((0., -0.832473, 0.864445));
#11185 = IFCCARTESIANPOINT ((0.00574025, -0.831331, 0.864445));
#11186 = IFCCARTESIANPOINT ((0.0106066, -0.82808, 0.864445));
#11187 = IFCCARTESIANPOINT ((0.0138582, -0.823213, 0.864445));
#11188 = IFCCARTESIANPOINT ((0.015, -0.817473, 0.864445));
#11172 = IFCPOLYLOOP ((#11173, #11174, #11175, #11176, #11177, #11178, #11179, #11180, #11181, #11182, #11183, #11184, #11185, #11186, #11187, #11188));
#11171 = IFCFACEOUTERBOUND (#11172, .T.);
#11170 = IFCFACE ((#11171));
#11192 = IFCCARTESIANPOINT ((0.015, -0.817473, 0.852405));
#11193 = IFCCARTESIANPOINT ((0.0138582, -0.823213, 0.852405));
#11194 = IFCCARTESIANPOINT ((0.0106066, -0.82808, 0.852405));
#11195 = IFCCARTESIANPOINT ((0.00574025, -0.831331, 0.852405));
#11196 = IFCCARTESIANPOINT ((0., -0.832473, 0.852405));
#11197 = IFCCARTESIANPOINT ((-0.00574025, -0.831331, 0.852405));
#11198 = IFCCARTESIANPOINT ((-0.0106066, -0.82808, 0.852405));
#11199 = IFCCARTESIANPOINT ((-0.0138582, -0.823213, 0.852405));
#11200 = IFCCARTESIANPOINT ((-0.015, -0.817473, 0.852405));
#11201 = IFCCARTESIANPOINT ((-0.0138582, -0.811733, 0.852405));
#11202 = IFCCARTESIANPOINT ((-0.0106066, -0.806866, 0.852405));
#11203 = IFCCARTESIANPOINT ((-0.00574025, -0.803615, 0.852405));
#11204 = IFCCARTESIANPOINT ((0., -0.802473, 0.852405));
#11205 = IFCCARTESIANPOINT ((0.00574025, -0.803615, 0.852405));
#11206 = IFCCARTESIANPOINT ((0.0106066, -0.806866, 0.852405));
#11207 = IFCCARTESIANPOINT ((0.0138582, -0.811733, 0.852405));
#11191 = IFCPOLYLOOP ((#11192, #11193, #11194, #11195, #11196, #11197, #11198, #11199, #11200, #11201, #11202, #11203, #11204, #11205, #11206, #11207));
#11190 = IFCFACEOUTERBOUND (#11191, .T.);
#11189 = IFCFACE ((#11190));
#11057 = IFCCLOSEDSHELL ((#11058, #11065, #11072, #11079, #11086, #11093, #11100, #11107, #11114, #11121, #11128, #11135, #11142, #11149, #11156, #11163, #11170, #11189));
#11056 = IFCFACETEDBREP (#11057);
#11213 = IFCCARTESIANPOINT ((0.134307, -0.83498, 0.0499999));
#11214 = IFCCARTESIANPOINT ((0.188307, -0.83498, 0.0499999));
#11215 = IFCCARTESIANPOINT ((0.188307, -0.83498, 0.015));
#11216 = IFCCARTESIANPOINT ((0.134307, -0.83498, 0.015));
#11212 = IFCPOLYLOOP ((#11213, #11214, #11215, #11216));
#11211 = IFCFACEOUTERBOUND (#11212, .T.);
#11210 = IFCFACE ((#11211));
#11220 = IFCCARTESIANPOINT ((0.134307, -0.83498, 0.0499999));
#11221 = IFCCARTESIANPOINT ((0.134307, -1.58768, 0.0499999));
#11222 = IFCCARTESIANPOINT ((0.188307, -1.58768, 0.0499999));
#11223 = IFCCARTESIANPOINT ((0.188307, -0.83498, 0.0499999));
#11219 = IFCPOLYLOOP ((#11220, #11221, #11222, #11223));
#11218 = IFCFACEOUTERBOUND (#11219, .T.);
#11217 = IFCFACE ((#11218));
#11227 = IFCCARTESIANPOINT ((0.188307, -0.83498, 0.015));
#11228 = IFCCARTESIANPOINT ((0.188307, -0.83498, 0.0499999));
#11229 = IFCCARTESIANPOINT ((0.188307, -1.58768, 0.0499999));
#11230 = IFCCARTESIANPOINT ((0.188307, -1.58768, 0.015));
#11226 = IFCPOLYLOOP ((#11227, #11228, #11229, #11230));
#11225 = IFCFACEOUTERBOUND (#11226, .T.);
#11224 = IFCFACE ((#11225));
#11234 = IFCCARTESIANPOINT ((0.134307, -0.83498, 0.015));
#11235 = IFCCARTESIANPOINT ((0.188307, -0.83498, 0.015));
#11236 = IFCCARTESIANPOINT ((0.188307, -1.58768, 0.015));
#11237 = IFCCARTESIANPOINT ((0.134307, -1.58768, 0.015));
#11233 = IFCPOLYLOOP ((#11234, #11235, #11236, #11237));
#11232 = IFCFACEOUTERBOUND (#11233, .T.);
#11231 = IFCFACE ((#11232));
#11241 = IFCCARTESIANPOINT ((0.134307, -0.83498, 0.0499999));
#11242 = IFCCARTESIANPOINT ((0.134307, -0.83498, 0.015));
#11243 = IFCCARTESIANPOINT ((0.134307, -1.58768, 0.015));
#11244 = IFCCARTESIANPOINT ((0.134307, -1.58768, 0.0499999));
#11240 = IFCPOLYLOOP ((#11241, #11242, #11243, #11244));
#11239 = IFCFACEOUTERBOUND (#11240, .T.);
#11238 = IFCFACE ((#11239));
#11248 = IFCCARTESIANPOINT ((0.134307, -1.58768, 0.0499999));
#11249 = IFCCARTESIANPOINT ((0.134307, -1.58768, 0.015));
#11250 = IFCCARTESIANPOINT ((0.188307, -1.58768, 0.015));
#11251 = IFCCARTESIANPOINT ((0.188307, -1.58768, 0.0499999));
#11247 = IFCPOLYLOOP ((#11248, #11249, #11250, #11251));
#11246 = IFCFACEOUTERBOUND (#11247, .T.);
#11245 = IFCFACE ((#11246));
#11209 = IFCCLOSEDSHELL ((#11210, #11217, #11224, #11231, #11238, #11245));
#11208 = IFCFACETEDBREP (#11209);
#127 = IFCSHAPEREPRESENTATION (#106, 'Body', 'Brep', (#128, #244, #540, #692, #844, #996, #1148, #1300, #1452, #1604, #1756, #1908, #2060, #2212, #2364, #2516, #2668, #2820, #2972, #3016, #3060, #3104, #3148, #3192, #3236, #3280, #3324, #3368, #3448, #3492, #3536, #3580, #3624, #3776, #3820, #3864, #3908, #4078, #4122, #4265, #4480, #4605, #4649, #4801, #4953, #5105, #5257, #5467, #5619, #5938, #6090, #6445, #6597, #6749, #6901, #7053, #7205, #7357, #7509, #7661, #7813, #8621, #8773, #9093, #9245, #9397, #9549, #9701, #9853, #10005, #10306, #10386, #10538, #10690, #10842, #10994, #11056, #11208));
#126 = IFCPRODUCTDEFINITIONSHAPE ($, $, (#127));
#120 = IFCENERGYCONVERSIONDEVICE ('3M7BrgwhP5MQMQ$fudrMnF', #101, '\S\Vl-Brennwertk. Logano G215 mit Logamatic 2107 55 kW bud1811', '', $, #125, #126, $);
#11254 = IFCCARTESIANPOINT ((0.05, 0., 0.));
#11255 = IFCDIRECTION ((-1., 0., 0.));
#11256 = IFCDIRECTION ((0., 0.99863, 0.052336));
#11253 = IFCAXIS2PLACEMENT3D (#11254, #11255, #11256);
#11257 = IFCLOCALPLACEMENT ($, #11253);
#11252 = IFCDISTRIBUTIONPORT ('2RwJWPgRjFNAS8xujIf$0a', #101, 'AA', 'MUFF', $, #11257, $, .SOURCE.);
#11258 = IFCRELCONNECTSPORTTOELEMENT ('2XV5Za35vCCPHigc9ezh2M', #101, $, $, #11252, #120);
#11261 = IFCCARTESIANPOINT ((0., 0., -0.741723));
#11262 = IFCDIRECTION ((-1., 0., 0.));
#11263 = IFCDIRECTION ((0., 1., 0.));
#11260 = IFCAXIS2PLACEMENT3D (#11261, #11262, #11263);
#11264 = IFCLOCALPLACEMENT ($, #11260);
#11259 = IFCDISTRIBUTIONPORT ('2KFA1MV9XAmejZuKwPM_I1', #101, 'VK', 'MUFF', $, #11264, $, .SOURCE.);
#11265 = IFCRELCONNECTSPORTTOELEMENT ('2SfvntFXD5ofRn_gsCo$ji', #101, $, $, #11259, #120);
#11268 = IFCCARTESIANPOINT ((0., 0., -0.741723));
#11269 = IFCDIRECTION ((-1., 0., 0.));
#11270 = IFCDIRECTION ((0., 1., 0.));
#11267 = IFCAXIS2PLACEMENT3D (#11268, #11269, #11270);
#11271 = IFCLOCALPLACEMENT ($, #11267);
#11266 = IFCDISTRIBUTIONPORT ('1Lxy5pVo55TBgVcdZ1HgIA', #101, 'RK', 'MUFF', $, #11271, $, .SINK.);
#11272 = IFCRELCONNECTSPORTTOELEMENT ('3PYbG6KW9FRRWi5L0X03_d', #101, $, $, #11266, #120);
#11275 = IFCCARTESIANPOINT ((0., 0., -0.783842));
#11276 = IFCDIRECTION ((1., 0., 0.));
#11277 = IFCDIRECTION ((0., 0., 1.));
#11274 = IFCAXIS2PLACEMENT3D (#11275, #11276, #11277);
#11278 = IFCLOCALPLACEMENT ($, #11274);
#11273 = IFCDISTRIBUTIONPORT ('1IPSkwCf57lQgY5GF9wJCi', #101, 'VSL', 'MUFF', $, #11278, $, .SOURCE.);
#11279 = IFCRELCONNECTSPORTTOELEMENT ('1AWzlWdRL5sAxO5xDVhFUl', #101, $, $, #11273, #120);
#11282 = IFCCARTESIANPOINT ((0., -0.0674313, -0.780473));
#11283 = IFCDIRECTION ((-1., 0., 0.));
#11284 = IFCDIRECTION ((0., 1., 0.));
#11281 = IFCAXIS2PLACEMENT3D (#11282, #11283, #11284);
#11285 = IFCLOCALPLACEMENT ($, #11281);
#11280 = IFCDISTRIBUTIONPORT ('1bKUfXwQ1AKBUgfpR$noA1', #101, 'VS', 'MUFF', $, #11285, $, .SOURCE.);
#11286 = IFCRELCONNECTSPORTTOELEMENT ('3$vQvdWabEBv4krPihUZ4r', #101, $, $, #11280, #120);
#11289 = IFCCARTESIANPOINT ((0., 0.0674313, -0.780473));
#11290 = IFCDIRECTION ((-1., 0., 0.));
#11291 = IFCDIRECTION ((0., 1., 0.));
#11288 = IFCAXIS2PLACEMENT3D (#11289, #11290, #11291);
#11292 = IFCLOCALPLACEMENT ($, #11288);
#11287 = IFCDISTRIBUTIONPORT ('2r1SP63X9CK8ZrvoCYlfVu', #101, 'VS', 'MUFF', $, #11292, $, .SOURCE.);
#11293 = IFCRELCONNECTSPORTTOELEMENT ('2DVbggDIv5eO3dRNIohJQr', #101, $, $, #11287, #120);
#11296 = IFCCARTESIANPOINT ((0., -0.10862, -0.805222));
#11297 = IFCDIRECTION ((0., -1., 0.));
#11298 = IFCDIRECTION ((-1., 0., 0.));
#11295 = IFCAXIS2PLACEMENT3D (#11296, #11297, #11298);
#11299 = IFCLOCALPLACEMENT ($, #11295);
#11294 = IFCDISTRIBUTIONPORT ('1e8AMgU116qB9chy0OVCSH', #101, 'RS', 'MUFF', $, #11299, $, .SINK.);
#11300 = IFCRELCONNECTSPORTTOELEMENT ('2iAoxajTT7xQkFieN_HrWc', #101, $, $, #11294, #120);
#11303 = IFCCARTESIANPOINT ((0., 0.10862, -0.805222));
#11304 = IFCDIRECTION ((0., 1., 0.));
#11305 = IFCDIRECTION ((1., 0., 0.));
#11302 = IFCAXIS2PLACEMENT3D (#11303, #11304, #11305);
#11306 = IFCLOCALPLACEMENT ($, #11302);
#11301 = IFCDISTRIBUTIONPORT ('1FxNVVugf6_ht3nFlmeJxh', #101, 'RS', 'MUFF', $, #11306, $, .SINK.);
#11307 = IFCRELCONNECTSPORTTOELEMENT ('1CcsJuAVf16fHTPS2lfWs8', #101, $, $, #11301, #120);
#11310 = IFCCARTESIANPOINT ((0., 0., -0.848723));
#11311 = IFCDIRECTION ((-1., 0., 0.));
#11312 = IFCDIRECTION ((0., 1., 0.));
#11309 = IFCAXIS2PLACEMENT3D (#11310, #11311, #11312);
#11313 = IFCLOCALPLACEMENT ($, #11309);
#11308 = IFCDISTRIBUTIONPORT ('0e33hZroL8CQ1lKVkhJKWN', #101, 'EL', 'MUFF', $, #11313, $, .SOURCE.);
#11314 = IFCRELCONNECTSPORTTOELEMENT ('1a4CiugYT5NRdqXL3U_3nt', #101, $, $, #11308, #120);
#11317 = IFCCARTESIANPOINT ((0., 0.449, -0.249487));
#11318 = IFCDIRECTION ((0., 1., 0.));
#11319 = IFCDIRECTION ((1., 0., 0.));
#11316 = IFCAXIS2PLACEMENT3D (#11317, #11318, #11319);
#11320 = IFCLOCALPLACEMENT ($, #11316);
#11315 = IFCDISTRIBUTIONPORT ('2EUWw4eejBeQI0P9J1jfmG', #101, 'VWT', 'MUFF', $, #11320, $, .SOURCE.);
#11321 = IFCRELCONNECTSPORTTOELEMENT ('0VBOKom4X68OkRGk1kaVL0', #101, $, $, #11315, #120);
#11324 = IFCCARTESIANPOINT ((0., 0.449, -0.249487));
#11325 = IFCDIRECTION ((0., 1., 0.));
#11326 = IFCDIRECTION ((1., 0., 0.));
#11323 = IFCAXIS2PLACEMENT3D (#11324, #11325, #11326);
#11327 = IFCLOCALPLACEMENT ($, #11323);
#11322 = IFCDISTRIBUTIONPORT ('3DdAqlpbb6ZAVw4qbqUazg', #101, 'RWT', 'MUFF', $, #11327, $, .SINK.);
#11328 = IFCRELCONNECTSPORTTOELEMENT ('3JhATvhBjEeQKO6tZ9ftnX', #101, $, $, #11322, #120);
#11329 = IFCBOILERTYPE ('0Cb9qG_nn4De3eiF3EYMK7', #101, '', '', $, (), (), $, $, .NOTDEFINED.);
#11330 = IFCRELDEFINESBYTYPE ('2yv6bQlnj1HwpRm0nVbliR', #101, $, $, (#120, #11252, #11259, #11266, #11273, #11280, #11287, #11294, #11301, #11308, #11315, #11322), #11329);
#11331 = IFCRELAGGREGATES ('3ug1_hMF514RqOcPkyfUG8', #101, $, $, #105, (#118));
#11332 = IFCRELCONTAINEDINSPATIALSTRUCTURE ('29U7PAi2vB2guThMsW69jF', #101, $, $, (#120, #11252, #11259, #11266, #11273, #11280, #11287, #11294, #11301, #11308, #11315, #11322), #118);
#11336 = IFCPROPERTYSINGLEVALUE ('Sheet number of guideline', '', IFCLABEL ('3'), $);
#11337 = IFCPROPERTYSINGLEVALUE ('Issue date (months) of guidline', '', IFCLABEL ('200406'), $);
#11338 = IFCPROPERTYSINGLEVALUE ('Name of manufactor', '', IFCLABEL ('Buderus DE  Stand 09/2006'), $);
#11339 = IFCPROPERTYSINGLEVALUE ('Revision date of file', '', IFCLABEL ('20060908'), $);
#11340 = IFCPROPERTYSINGLEVALUE ('Web address of manufactor', '', IFCLABEL ('www.bbt-thermotechnik.de'), $);
#11341 = IFCPROPERTYSINGLEVALUE ('Comments', '', IFCLABEL ('Wei\S\_druck Kataloge 2006/1'), $);
#11335 = IFCCOMPLEXPROPERTY ('Record type 010', 'Preliminary data record', 'VDI3805 property', (#11336, #11337, #11338, #11339, #11340, #11341));
#11343 = IFCPROPERTYSINGLEVALUE ('Index', '', IFCLABEL ('3'), $);
#11344 = IFCPROPERTYSINGLEVALUE ('Sorting number for indication sequence', '', IFCLABEL ('1'), $);
#11345 = IFCPROPERTYSINGLEVALUE ('Product description', '', IFCLABEL ('Bodenstehender W\S\drmeerzeuger, f\S\|r Heizung und Trinkwasser'), $);
#11346 = IFCPROPERTYSINGLEVALUE ('Goods main group', '', IFCLABEL (''), $);
#11347 = IFCPROPERTYSINGLEVALUE ('Product classification', '', IFCLABEL (''), $);
#11348 = IFCPROPERTYSINGLEVALUE ('Compilation date', '', IFCLABEL ('20050107'), $);
#11342 = IFCCOMPLEXPROPERTY ('Record type 100', 'Product main group I', 'VDI3805 property', (#11343, #11344, #11345, #11346, #11347, #11348));
#11350 = IFCPROPERTYSINGLEVALUE ('Index', '', IFCLABEL ('1'), $);
#11351 = IFCPROPERTYSINGLEVALUE ('Sorting number for indication sequence', '', IFCLABEL ('1'), $);
#11352 = IFCPROPERTYSINGLEVALUE ('Product description', '', IFCLABEL ('mit Gebl\S\dse'), $);
#11353 = IFCPROPERTYSINGLEVALUE ('Goods main group', '', IFCLABEL (''), $);
#11354 = IFCPROPERTYSINGLEVALUE ('Product classification', '', IFCLABEL (''), $);
#11355 = IFCPROPERTYSINGLEVALUE ('Compilation date', '', IFCLABEL ('20040922'), $);
#11349 = IFCCOMPLEXPROPERTY ('Record type 110', 'Product main group II', 'VDI3805 property', (#11350, #11351, #11352, #11353, #11354, #11355));
#11357 = IFCPROPERTYSINGLEVALUE ('970', '', IFCLABEL ('970;7;\S\Vl-Brennwertk. Logano G215 mit Logamatic 2107 55 kW bud1811;630;QUAD;-777.86;-3269.62;-82.145;1;0;0;0;1;0;1760.72;3931.28;1807.19;
'), $);
#11358 = IFCPROPERTYSINGLEVALUE ('970.01', '', IFCLABEL ('970.01;1;1;A;AA;MUFF;1298;DN;120;120;50;0;9.83056E-7;720;0;0.99863;0.052336;-1;0;0;
'), $);
#11359 = IFCPROPERTYSINGLEVALUE ('970.01', '', IFCLABEL ('970.01;2;2;A;VK;MUFF;2999;DN;32;32;0;0;-741.723;795.098;0;1;0;-1;0;0;
'), $);
#11360 = IFCPROPERTYSINGLEVALUE ('970.01', '', IFCLABEL ('970.01;3;3;E;RK;MUFF;2999;DN;32;32;0;0;-741.723;700.098;0;1;0;-1;0;0;
'), $);
#11361 = IFCPROPERTYSINGLEVALUE ('970.01', '', IFCLABEL ('970.01;4;4;A;VSL;MUFF;2999;DN;20;20;0;0;-783.842;852.401;0;0;1;1;0;0;
'), $);
#11362 = IFCPROPERTYSINGLEVALUE ('970.01', '', IFCLABEL ('970.01;5;5;A;VS;MUFF;2999;DN;25;25;0;-67.4313;-780.473;758.683;0;1;0;-1;0;0;
'), $);
#11363 = IFCPROPERTYSINGLEVALUE ('970.01', '', IFCLABEL ('970.01;6;6;A;VS;MUFF;2999;DN;25;25;0;67.4313;-780.473;758.683;0;1;0;-1;0;0;
'), $);
#11364 = IFCPROPERTYSINGLEVALUE ('970.01', '', IFCLABEL ('970.01;7;7;E;RS;MUFF;2999;DN;25;25;0;-108.62;-805.222;709;-1;0;0;0;-1;0;
'), $);
#11365 = IFCPROPERTYSINGLEVALUE ('970.01', '', IFCLABEL ('970.01;8;8;E;RS;MUFF;2999;DN;25;25;0;108.62;-805.222;709;1;0;0;0;1;0;
'), $);
#11366 = IFCPROPERTYSINGLEVALUE ('970.01', '', IFCLABEL ('970.01;9;9;A;EL;MUFF;2999;DN;15;15;0;0;-848.723;87;0;1;0;-1;0;0;
'), $);
#11367 = IFCPROPERTYSINGLEVALUE ('970.01', '', IFCLABEL ('970.01;10;10;A;VWT;MUFF;2999;DN;25;25;0;449;-249.487;1211;1;0;0;0;1;0;
'), $);
#11368 = IFCPROPERTYSINGLEVALUE ('970.01', '', IFCLABEL ('970.01;11;11;E;RWT;MUFF;2999;DN;25;25;0;449;-249.487;991;1;0;0;0;1;0;
'), $);
#11369 = IFCPROPERTYSINGLEVALUE ('970.02', '', IFCLABEL ('970.02;1;H;ZYLI;-67.4313;-780.473;758.683;0;1;0;1;0;0;20;23.5;
'), $);
#11370 = IFCPROPERTYSINGLEVALUE ('970.02', '', IFCLABEL ('970.02;2;H;ZYLI;67.4313;-780.473;758.683;0;1;0;1;0;0;20;23.5;
'), $);
#11371 = IFCPROPERTYSINGLEVALUE ('970.02', '', IFCLABEL ('970.02;3;H;ZYLI;0;-783.842;832.111;0;0;1;1;0;0;20.29;11.91;
'), $);
#11372 = IFCPROPERTYSINGLEVALUE ('970.02', '', IFCLABEL ('970.02;4;D;STRE;0;0;0;1;0;0;0;1;0;5;0;0;37.5658;0;;;;;;1;
'), $);
#11373 = IFCPROPERTYSINGLEVALUE ('970.02', '', IFCLABEL ('970.02;5;D;STRE;0;0;0;1;0;0;0;1;0;6;37.566;-25.9379;37.5658;0;;;;;;1;
'), $);
#11374 = IFCPROPERTYSINGLEVALUE ('970.02', '', IFCLABEL ('970.02;6;D;BOGN;0;0;0;1;0;0;0;1;0;7;32.566;-30.938;37.566;-25.9379;5;32.566;-25.938;;;1;
'), $);
#11375 = IFCPROPERTYSINGLEVALUE ('970.02', '', IFCLABEL ('970.02;7;D;STRE;0;0;0;1;0;0;0;1;0;8;5.0002;-30.9381;32.566;-30.938;;;;;;1;
'), $);
#11376 = IFCPROPERTYSINGLEVALUE ('970.02', '', IFCLABEL ('970.02;8;D;BOGN;0;0;0;1;0;0;0;1;0;9;0.000162855;-25.9382;5.0002;-30.9381;5;5.00016;-25.9381;;;1;
'), $);
#11377 = IFCPROPERTYSINGLEVALUE ('970.02', '', IFCLABEL ('970.02;9;D;STRE;0;0;0;1;0;0;0;1;0;4;0;0;0.000162855;-25.9382;;;;;;1;
'), $);
#11378 = IFCPROPERTYSINGLEVALUE ('970.02', '', IFCLABEL ('970.02;10;G;TRAN;18.7822;-837.978;821.467;-1;0;0;0;0;-1;-1.13733E-5;0;-1;71.8032;4;;;;;;1;
'), $);
#11379 = IFCPROPERTYSINGLEVALUE ('970.02', '', IFCLABEL ('970.02;11;D;STRE;0;0;0;1;0;0;0;1;0;12;0;0;-53.7702;0;;;;;;1;
'), $);
#11380 = IFCPROPERTYSINGLEVALUE ('970.02', '', IFCLABEL ('970.02;12;D;BOGN;0;0;0;1;0;0;0;1;0;13;-53.7702;0;-140.51;0;44.0296;-97.1401;-7.59332;;;1;
'), $);
#11381 = IFCPROPERTYSINGLEVALUE ('970.02', '', IFCLABEL ('970.02;13;D;STRE;0;0;0;1;0;0;0;1;0;14;-140.51;0;-194.28;0;;;;;;1;
'), $);
#11382 = IFCPROPERTYSINGLEVALUE ('970.02', '', IFCLABEL ('970.02;14;D;BOGN;0;0;0;1;0;0;0;1;0;15;-194.28;0;-196.28;-2;2;-194.28;-2;;;1;
'), $);
#11383 = IFCPROPERTYSINGLEVALUE ('970.02', '', IFCLABEL ('970.02;15;D;STRE;0;0;0;1;0;0;0;1;0;16;-196.28;-2;-196.28;-109.345;;;;;;1;
'), $);
#11384 = IFCPROPERTYSINGLEVALUE ('970.02', '', IFCLABEL ('970.02;16;D;BOGN;0;0;0;1;0;0;0;1;0;17;-196.28;-109.345;-194.28;-111.345;2;-194.28;-109.345;;;1;
'), $);
#11385 = IFCPROPERTYSINGLEVALUE ('970.02', '', IFCLABEL ('970.02;17;D;STRE;0;0;0;1;0;0;0;1;0;18;-194.28;-111.345;-177.307;-111.345;;;;;;1;
'), $);
#11386 = IFCPROPERTYSINGLEVALUE ('970.02', '', IFCLABEL ('970.02;18;D;STRE;0;0;0;1;0;0;0;1;0;19;-177.307;-111.345;-172.473;-108.14;;;;;;1;
'), $);
#11387 = IFCPROPERTYSINGLEVALUE ('970.02', '', IFCLABEL ('970.02;19;D;STRE;0;0;0;1;0;0;0;1;0;20;-172.473;-108.14;-21.8069;-108.14;;;;;;1;
'), $);
#11388 = IFCPROPERTYSINGLEVALUE ('970.02', '', IFCLABEL ('970.02;20;D;STRE;0;0;0;1;0;0;0;1;0;21;-21.8069;-108.14;-16.9736;-111.345;;;;;;1;
'), $);
#11389 = IFCPROPERTYSINGLEVALUE ('970.02', '', IFCLABEL ('970.02;21;D;STRE;0;0;0;1;0;0;0;1;0;22;-16.9736;-111.345;0;-111.345;;;;;;1;
'), $);
#11390 = IFCPROPERTYSINGLEVALUE ('970.02', '', IFCLABEL ('970.02;22;D;BOGN;0;0;0;1;0;0;0;1;0;23;0;-111.345;2;-109.345;2;0;-109.345;;;1;
'), $);
#11391 = IFCPROPERTYSINGLEVALUE ('970.02', '', IFCLABEL ('970.02;23;D;STRE;0;0;0;1;0;0;0;1;0;24;2;-109.345;2;-2;;;;;;1;
'), $);
#11392 = IFCPROPERTYSINGLEVALUE ('970.02', '', IFCLABEL ('970.02;24;D;BOGN;0;0;0;1;0;0;0;1;0;11;2;-2;0;0;2;0;-2;;;1;
'), $);
#11393 = IFCPROPERTYSINGLEVALUE ('970.02', '', IFCLABEL ('970.02;25;G;TRAN;97.1401;-878.723;789.238;1;0;0;0;0;1;0;0;-1;118.25;11;;;;;;1;
'), $);
#11394 = IFCPROPERTYSINGLEVALUE ('970.02', '', IFCLABEL ('970.02;26;G;ZYLI;-156.307;-1489.97;0;0;0;1;1;0;0;7;19.5;;;;;;;;;7;
'), $);
#11395 = IFCPROPERTYSINGLEVALUE ('970.02', '', IFCLABEL ('970.02;27;G;ZYLI;-156.307;-1489.97;7;0;0;1;1;0;0;8;8;;;;;;;;;1;
'), $);
#11396 = IFCPROPERTYSINGLEVALUE ('970.02', '', IFCLABEL ('970.02;28;G;ZYLI;156.307;-1489.97;0;0;0;1;1;0;0;7;19.5;;;;;;;;;7;
'), $);
#11397 = IFCPROPERTYSINGLEVALUE ('970.02', '', IFCLABEL ('970.02;29;G;ZYLI;156.307;-1489.97;7;0;0;1;1;0;0;8;8;;;;;;;;;1;
'), $);
#11398 = IFCPROPERTYSINGLEVALUE ('970.02', '', IFCLABEL ('970.02;30;G;ZYLI;156.307;-914.973;0;0;0;1;1;0;0;7;19.5;;;;;;;;;7;
'), $);
#11399 = IFCPROPERTYSINGLEVALUE ('970.02', '', IFCLABEL ('970.02;31;G;ZYLI;156.307;-914.973;7;0;0;1;1;0;0;8;8;;;;;;;;;1;
'), $);
#11400 = IFCPROPERTYSINGLEVALUE ('970.02', '', IFCLABEL ('970.02;32;G;ZYLI;-156.307;-914.973;0;0;0;1;1;0;0;7;19.5;;;;;;;;;7;
'), $);
#11401 = IFCPROPERTYSINGLEVALUE ('970.02', '', IFCLABEL ('970.02;33;G;ZYLI;-156.307;-914.973;7;0;0;1;1;0;0;8;8;;;;;;;;;1;
'), $);
#11402 = IFCPROPERTYSINGLEVALUE ('970.02', '', IFCLABEL ('970.02;34;G;ZYLI;-287.5;-114.843;0;0;0;1;1;0;0;7.13;30.06;;;;;;;;;7;
'), $);
#11403 = IFCPROPERTYSINGLEVALUE ('970.02', '', IFCLABEL ('970.02;35;G;ZYLI;-287.5;-114.843;7.13;0;0;1;1;0;0;20.98;6.79;;;;;;;;;7;
'), $);
#11404 = IFCPROPERTYSINGLEVALUE ('970.02', '', IFCLABEL ('970.02;36;G;ZYLI;-287.5;-384.843;0;0;0;1;1;0;0;7.13;30.06;;;;;;;;;7;
'), $);
#11405 = IFCPROPERTYSINGLEVALUE ('970.02', '', IFCLABEL ('970.02;37;G;ZYLI;-287.5;-384.843;7.13;0;0;1;1;0;0;20.98;6.79;;;;;;;;;7;
'), $);
#11406 = IFCPROPERTYSINGLEVALUE ('970.02', '', IFCLABEL ('970.02;38;G;ZYLI;287.5;-384.843;0;0;0;1;1;0;0;7.13;30.06;;;;;;;;;7;
'), $);
#11407 = IFCPROPERTYSINGLEVALUE ('970.02', '', IFCLABEL ('970.02;39;G;ZYLI;287.5;-384.843;7.13;0;0;1;1;0;0;20.98;6.79;;;;;;;;;7;
'), $);
#11408 = IFCPROPERTYSINGLEVALUE ('970.02', '', IFCLABEL ('970.02;40;G;ZYLI;287.5;-114.843;0;0;0;1;1;0;0;7.13;30.06;;;;;;;;;7;
'), $);
#11409 = IFCPROPERTYSINGLEVALUE ('970.02', '', IFCLABEL ('970.02;41;G;ZYLI;287.5;-114.843;7.132;0;0;1;1;0;0;20.98;6.79;;;;;;;;;7;
'), $);
#11410 = IFCPROPERTYSINGLEVALUE ('970.02', '', IFCLABEL ('970.02;42;G;QUAD;269.5;-369.973;28.1137;0;0;1;0;-1;0;900.98;27.7498;36;;;;;;;;7;
'), $);
#11411 = IFCPROPERTYSINGLEVALUE ('970.02', '', IFCLABEL ('970.02;43;G;QUAD;269.5;-99.973;28.1137;0;0;1;0;-1;0;900.98;27.7497;36;;;;;;;;7;
'), $);
#11412 = IFCPROPERTYSINGLEVALUE ('970.02', '', IFCLABEL ('970.02;44;G;QUAD;-305.5;-369.973;28.1137;0;0;1;0;-1;0;900.98;27.7498;36;;;;;;;;7;
'), $);
#11413 = IFCPROPERTYSINGLEVALUE ('970.02', '', IFCLABEL ('970.02;45;G;QUAD;-269.5;-127.723;28.1137;0;0;1;0;1;0;900.98;27.7497;36;;;;;;;;7;
'), $);
#11414 = IFCPROPERTYSINGLEVALUE ('970.02', '', IFCLABEL ('970.02;46;G;QUAD;-140;-578.723;1550;0;0;1;1;0;0;-1095.79;280;160;;;;;;;;2;
'), $);
#11415 = IFCPROPERTYSINGLEVALUE ('970.02', '', IFCLABEL ('970.02;47;G;QUAD;-344;-394.487;1642.9;0;0;1;1;0;0;-20;688;290;;;;;;;;2;
'), $);
#11416 = IFCPROPERTYSINGLEVALUE ('970.02', '', IFCLABEL ('970.02;48;G;QUAD;-344;-394.487;1620.9;0;0;1;1;0;0;-651.81;688;290;;;;;;;;2;
'), $);
#11417 = IFCPROPERTYSINGLEVALUE ('970.02', '', IFCLABEL ('970.02;49;G;QUAD;344;-99.4125;929.09;0;1;0;-1;0;0;-300.15;688;40;;;;;;;;7;
'), $);
#11418 = IFCPROPERTYSINGLEVALUE ('970.02', '', IFCLABEL ('970.02;50;D;STRE;0;0;0;1;0;0;0;1;0;51;0;0;-230.745;0;;;;;;1;
'), $);
#11419 = IFCPROPERTYSINGLEVALUE ('970.02', '', IFCLABEL ('970.02;51;D;STRE;0;0;0;1;0;0;0;1;0;52;-230.745;0;-240.745;-42.2426;;;;;;1;
'), $);
#11420 = IFCPROPERTYSINGLEVALUE ('970.02', '', IFCLABEL ('970.02;52;D;STRE;0;0;0;1;0;0;0;1;0;53;-240.745;-42.2426;10;-42.2426;;;;;;1;
'), $);
#11421 = IFCPROPERTYSINGLEVALUE ('970.02', '', IFCLABEL ('970.02;53;D;STRE;0;0;0;1;0;0;0;1;0;50;10;-42.2426;0;0;;;;;;1;
'), $);
#11422 = IFCPROPERTYSINGLEVALUE ('970.02', '', IFCLABEL ('970.02;54;G;TRAN;-289.042;-134.368;886.847;0;1;0;0;0;-1;0;0;-1;578.084;50;;;;;;1;
'), $);
#11423 = IFCPROPERTYSINGLEVALUE ('970.02', '', IFCLABEL ('970.02;55;D;STRE;0;0;0;1;0;0;0;1;0;56;80;0;0;0;;;;;;1;
'), $);
#11424 = IFCPROPERTYSINGLEVALUE ('970.02', '', IFCLABEL ('970.02;56;D;STRE;0;0;0;1;0;0;0;1;0;57;0;0;0;-20;;;;;;1;
'), $);
#11425 = IFCPROPERTYSINGLEVALUE ('970.02', '', IFCLABEL ('970.02;57;D;STRE;0;0;0;1;0;0;0;1;0;58;0;-20;3;-20;;;;;;1;
'), $);
#11426 = IFCPROPERTYSINGLEVALUE ('970.02', '', IFCLABEL ('970.02;58;D;STRE;0;0;0;1;0;0;0;1;0;59;3;-20;3;-3;;;;;;1;
'), $);
#11427 = IFCPROPERTYSINGLEVALUE ('970.02', '', IFCLABEL ('970.02;59;D;STRE;0;0;0;1;0;0;0;1;0;60;3;-3;77;-3;;;;;;1;
'), $);
#11428 = IFCPROPERTYSINGLEVALUE ('970.02', '', IFCLABEL ('970.02;60;D;STRE;0;0;0;1;0;0;0;1;0;61;77;-3;77;-20;;;;;;1;
'), $);
#11429 = IFCPROPERTYSINGLEVALUE ('970.02', '', IFCLABEL ('970.02;61;D;STRE;0;0;0;1;0;0;0;1;0;62;77;-20;80;-20;;;;;;1;
'), $);
#11430 = IFCPROPERTYSINGLEVALUE ('970.02', '', IFCLABEL ('970.02;62;D;STRE;0;0;0;1;0;0;0;1;0;55;80;-20;80;0;;;;;;1;
'), $);
#11431 = IFCPROPERTYSINGLEVALUE ('970.02', '', IFCLABEL ('970.02;63;G;TRAN;40;-271.449;545.813;-1;0;0;0;0;-1;0;0;-1;172.155;55;;;;;;1;
'), $);
#11432 = IFCPROPERTYSINGLEVALUE ('970.02', '', IFCLABEL ('970.02;64;G;QUAD;307;-369.412;544.549;0;0;-1;-1;0;0;30;40.3087;240.85;;;;;;;;7;
'), $);
#11433 = IFCPROPERTYSINGLEVALUE ('970.02', '', IFCLABEL ('970.02;65;G;QUAD;266.691;-398.562;544.549;0;0;1;0;1;0;-30;29.1496;533.383;;;;;;;;7;
'), $);
#11434 = IFCPROPERTYSINGLEVALUE ('970.02', '', IFCLABEL ('970.02;66;G;QUAD;-266.691;-128.562;514.549;0;0;1;1;0;0;30;533.383;29.1496;;;;;;;;7;
'), $);
#11435 = IFCPROPERTYSINGLEVALUE ('970.02', '', IFCLABEL ('970.02;67;G;QUAD;-307;-128.562;514.549;0;0;-1;1;0;0;-30;40.3087;240.85;;;;;;;;7;
'), $);
#11436 = IFCPROPERTYSINGLEVALUE ('970.02', '', IFCLABEL ('970.02;68;G;ZYLI;0;-394.487;1440.76;0;-1;0;1;0;0;24.24;79;;;;;;;;;1;
'), $);
#11437 = IFCPROPERTYSINGLEVALUE ('970.02', '', IFCLABEL ('970.02;69;D;STRE;0;0;0;1;0;0;0;1;0;70;0;0;699.586;0;;;;;;2;
'), $);
#11438 = IFCPROPERTYSINGLEVALUE ('970.02', '', IFCLABEL ('970.02;70;D;STRE;0;0;0;1;0;0;0;1;0;71;699.586;0;760.007;-60;;;;;;2;
'), $);
#11439 = IFCPROPERTYSINGLEVALUE ('970.02', '', IFCLABEL ('970.02;71;D;STRE;0;0;0;1;0;0;0;1;0;72;760.007;-60;-60.0005;-60;;;;;;2;
'), $);
#11440 = IFCPROPERTYSINGLEVALUE ('970.02', '', IFCLABEL ('970.02;72;D;STRE;0;0;0;1;0;0;0;1;0;69;-60.0005;-60;0;0;;;;;;2;
'), $);
#11441 = IFCPROPERTYSINGLEVALUE ('970.02', '', IFCLABEL ('970.02;73;G;TRAN;300;-848.723;807.25;0;0;-1;1;0;0;0;0;1;739.277;69;;;;;;2;
'), $);
#11442 = IFCPROPERTYSINGLEVALUE ('970.02', '', IFCLABEL ('970.02;74;D;STRE;0;0;0;1;0;0;0;1;0;75;0;0;-820.008;0;;;;;;2;
'), $);
#11443 = IFCPROPERTYSINGLEVALUE ('970.02', '', IFCLABEL ('970.02;75;D;STRE;0;0;0;1;0;0;0;1;0;76;-760.007;-60;-820.008;0;;;;;;2;
'), $);
#11444 = IFCPROPERTYSINGLEVALUE ('970.02', '', IFCLABEL ('970.02;76;D;STRE;0;0;0;1;0;0;0;1;0;77;-60.4213;-60;-760.007;-60;;;;;;2;
'), $);
#11445 = IFCPROPERTYSINGLEVALUE ('970.02', '', IFCLABEL ('970.02;77;D;STRE;0;0;0;1;0;0;0;1;0;74;0;0;-60.4213;-60;;;;;;2;
'), $);
#11446 = IFCPROPERTYSINGLEVALUE ('970.02', '', IFCLABEL ('970.02;78;G;TRAN;-240;-848.723;47.2421;0;0;-1;1;0;0;0;0;1;739.277;74;;;;;;2;
'), $);
#11447 = IFCPROPERTYSINGLEVALUE ('970.02', '', IFCLABEL ('970.02;79;G;QUAD;115;-1898;110.505;0;1;0;-1;0;0;10.2957;230;519.935;;;;;;;;7;
'), $);
#11448 = IFCPROPERTYSINGLEVALUE ('970.02', '', IFCLABEL ('970.02;80;D;STRE;0;0;0;1;0;0;0;1;0;81;0;0;-34.4046;0;;;;;;2;
'), $);
#11449 = IFCPROPERTYSINGLEVALUE ('970.02', '', IFCLABEL ('970.02;81;D;BOGN;0;0;0;1;0;0;0;1;0;82;-34.4046;0;-56.64;-9.21017;31.4455;-34.4047;-31.4455;;;2;
'), $);
#11450 = IFCPROPERTYSINGLEVALUE ('970.02', '', IFCLABEL ('970.02;82;D;STRE;0;0;0;1;0;0;0;1;0;83;-56.64;-9.21017;-177.504;-130.074;;;;;;2;
'), $);
#11451 = IFCPROPERTYSINGLEVALUE ('970.02', '', IFCLABEL ('970.02;83;D;STRE;0;0;0;1;0;0;0;1;0;84;-177.504;-130.074;-173.701;-151.646;;;;;;2;
'), $);
#11452 = IFCPROPERTYSINGLEVALUE ('970.02', '', IFCLABEL ('970.02;84;D;STRE;0;0;0;1;0;0;0;1;0;85;-173.701;-151.646;-122.276;-208.759;;;;;;2;
'), $);
#11453 = IFCPROPERTYSINGLEVALUE ('970.02', '', IFCLABEL ('970.02;85;D;STRE;0;0;0;1;0;0;0;1;0;86;-122.276;-208.759;29.5262;-56.9572;;;;;;2;
'), $);
#11454 = IFCPROPERTYSINGLEVALUE ('970.02', '', IFCLABEL ('970.02;86;D;BOGN;0;0;0;1;0;0;0;1;0;87;29.5262;-56.9572;30.2631;-28.8193;20.4455;15.0691;-42.5;;;2;
'), $);
#11455 = IFCPROPERTYSINGLEVALUE ('970.02', '', IFCLABEL ('970.02;87;D;BOGN;0;0;0;1;0;0;0;1;0;88;30.2631;-28.8193;4.31976;-3.65685;267.376;-168.436;-207.729;;;2;
'), $);
#11456 = IFCPROPERTYSINGLEVALUE ('970.02', '', IFCLABEL ('970.02;88;D;STRE;0;0;0;1;0;0;0;1;0;80;4.31976;-3.65685;0;0;;;;;;2;
'), $);
#11457 = IFCPROPERTYSINGLEVALUE ('970.02', '', IFCLABEL ('970.02;89;G;TRAN;177.87;-1581.88;978.907;0;-.707107;-.707107;0;-.707107;0.707107;0;0;1;359.12;80;;;;;;2;
'), $);
#11458 = IFCPROPERTYSINGLEVALUE ('970.02', '', IFCLABEL ('970.02;90;D;STRE;0;0;0;1;0;0;0;1;0;91;0;0;21.7844;0;;;;;;2;
'), $);
#11459 = IFCPROPERTYSINGLEVALUE ('970.02', '', IFCLABEL ('970.02;91;D;STRE;0;0;0;1;0;0;0;1;0;92;21.7844;0;12.738;-172.61;;;;;;2;
'), $);
#11460 = IFCPROPERTYSINGLEVALUE ('970.02', '', IFCLABEL ('970.02;92;D;STRE;0;0;0;1;0;0;0;1;0;93;12.738;-172.61;-8.98669;-171.472;;;;;;2;
'), $);
#11461 = IFCPROPERTYSINGLEVALUE ('970.02', '', IFCLABEL ('970.02;93;D;STRE;0;0;0;1;0;0;0;1;0;90;-8.98669;-171.472;0;0;;;;;;2;
'), $);
#11462 = IFCPROPERTYSINGLEVALUE ('970.02', '', IFCLABEL ('970.02;94;G;TRAN;147.097;-1363.27;917.754;0;0.0523374;-.998629;0;0.998629;0.0523374;0;0;-1;296.694;90;;;;;;2;
'), $);
#11463 = IFCPROPERTYSINGLEVALUE ('970.02', '', IFCLABEL ('970.02;95;D;STRE;0;0;0;1;0;0;0;1;0;96;0;0;45.6755;-8.06649E-7;;;;;;2;
'), $);
#11464 = IFCPROPERTYSINGLEVALUE ('970.02', '', IFCLABEL ('970.02;96;D;STRE;0;0;0;1;0;0;0;1;0;97;45.6755;-8.06649E-7;52.2962;-6.62066;;;;;;2;
'), $);
#11465 = IFCPROPERTYSINGLEVALUE ('970.02', '', IFCLABEL ('970.02;97;D;BOGN;0;0;0;1;0;0;0;1;0;98;55.2251;-13.6917;52.2962;-6.62066;10;45.2251;-13.6917;;;2;
'), $);
#11466 = IFCPROPERTYSINGLEVALUE ('970.02', '', IFCLABEL ('970.02;98;D;STRE;0;0;0;1;0;0;0;1;0;99;55.2251;-13.6917;55.2251;-25.1059;;;;;;2;
'), $);
#11467 = IFCPROPERTYSINGLEVALUE ('970.02', '', IFCLABEL ('970.02;99;D;STRE;0;0;0;1;0;0;0;1;0;100;55.2251;-25.1059;141.9;-111.781;;;;;;2;
'), $);
#11468 = IFCPROPERTYSINGLEVALUE ('970.02', '', IFCLABEL ('970.02;100;D;STRE;0;0;0;1;0;0;0;1;0;101;141.9;-111.781;142.09;-119.042;;;;;;2;
'), $);
#11469 = IFCPROPERTYSINGLEVALUE ('970.02', '', IFCLABEL ('970.02;101;D;STRE;0;0;0;1;0;0;0;1;0;102;142.09;-119.042;135.018;-126.896;;;;;;2;
'), $);
#11470 = IFCPROPERTYSINGLEVALUE ('970.02', '', IFCLABEL ('970.02;102;D;STRE;0;0;0;1;0;0;0;1;0;103;16.8709;-8.74926;135.018;-126.896;;;;;;2;
'), $);
#11471 = IFCPROPERTYSINGLEVALUE ('970.02', '', IFCLABEL ('970.02;103;D;BOGN;0;0;0;1;0;0;0;1;0;95;16.8709;-8.74926;0;0;31.4455;-5.36438;-30.9846;;;2;
'), $);
#11472 = IFCPROPERTYSINGLEVALUE ('970.02', '', IFCLABEL ('970.02;104;G;TRAN;-82.7498;-1553.43;1006.7;0;0.707107;0.707106;0;-.707106;0.707107;0;0;1;163;95;;;;;;2;
'), $);
#11473 = IFCPROPERTYSINGLEVALUE ('970.02', '', IFCLABEL ('970.02;105;D;STRE;0;0;0;1;0;0;0;1;0;106;0;0;-18.7585;-3.99421E-7;;;;;;2;
'), $);
#11474 = IFCPROPERTYSINGLEVALUE ('970.02', '', IFCLABEL ('970.02;106;D;BOGN;0;0;0;1;0;0;0;1;0;107;-18.7585;-3.99421E-7;-24.1217;-47.8717;193.251;169.112;-45.2842;;;2;
'), $);
#11475 = IFCPROPERTYSINGLEVALUE ('970.02', '', IFCLABEL ('970.02;107;D;STRE;0;0;0;1;0;0;0;1;0;108;-24.1217;-47.8717;-21.2555;-50.9996;;;;;;2;
'), $);
#11476 = IFCPROPERTYSINGLEVALUE ('970.02', '', IFCLABEL ('970.02;108;D;STRE;0;0;0;1;0;0;0;1;0;109;-21.2555;-50.9996;-24.3835;-53.8659;;;;;;2;
'), $);
#11477 = IFCPROPERTYSINGLEVALUE ('970.02', '', IFCLABEL ('970.02;109;D;BOGN;0;0;0;1;0;0;0;1;0;110;-24.3835;-53.8659;-23.3338;-93.9313;150.407;125.156;-69.9946;;;2;
'), $);
#11478 = IFCPROPERTYSINGLEVALUE ('970.02', '', IFCLABEL ('970.02;110;D;STRE;0;0;0;1;0;0;0;1;0;111;-23.3338;-93.9313;-14.2103;-94.7296;;;;;;2;
'), $);
#11479 = IFCPROPERTYSINGLEVALUE ('970.02', '', IFCLABEL ('970.02;111;D;STRE;0;0;0;1;0;0;0;1;0;112;-13.1271;-53.3622;-14.2103;-94.7296;;;;;;2;
'), $);
#11480 = IFCPROPERTYSINGLEVALUE ('970.02', '', IFCLABEL ('970.02;112;D;BOGN;0;0;0;1;0;0;0;1;0;113;-13.4474;-47.9875;-13.1271;-53.3622;31.4455;17.9874;-48.8107;;;2;
'), $);
#11481 = IFCPROPERTYSINGLEVALUE ('970.02', '', IFCLABEL ('970.02;113;D;STRE;0;0;0;1;0;0;0;1;0;114;-12.5467;-13.5946;-13.4474;-47.9875;;;;;;2;
'), $);
#11482 = IFCPROPERTYSINGLEVALUE ('970.02', '', IFCLABEL ('970.02;114;D;STRE;0;0;0;1;0;0;0;1;0;115;-8.77804;-9.37206;-12.5467;-13.5946;;;;;;2;
'), $);
#11483 = IFCPROPERTYSINGLEVALUE ('970.02', '', IFCLABEL ('970.02;115;D;BOGN;0;0;0;1;0;0;0;1;0;105;0;0;-8.77804;-9.37206;267.376;190.702;-187.411;;;2;
'), $);
#11484 = IFCPROPERTYSINGLEVALUE ('970.02', '', IFCLABEL ('970.02;116;G;TRAN;-72.2498;-1583.11;960.448;0;0.688354;-.725375;0;-.725375;-.688354;0;0;-1;142;105;;;;;;2;
'), $);
#11485 = IFCPROPERTYSINGLEVALUE ('970.02', '', IFCLABEL ('970.02;117;D;BOGN;0;0;0;1;0;0;0;1;0;118;1.01305E-7;315.768;-11.2256;315.568;315.768;0;0;;;2;
'), $);
#11486 = IFCPROPERTYSINGLEVALUE ('970.02', '', IFCLABEL ('970.02;118;D;BOGN;0;0;0;1;0;0;0;1;0;119;6.11959;300.183;-11.2256;315.568;20.4455;-13.7283;295.276;;;2;
'), $);
#11487 = IFCPROPERTYSINGLEVALUE ('970.02', '', IFCLABEL ('970.02;119;D;STRE;0;0;0;1;0;0;0;1;0;120;6.11959;300.183;5.1554;311.206;;;;;;2;
'), $);
#11488 = IFCPROPERTYSINGLEVALUE ('970.02', '', IFCLABEL ('970.02;120;D;BOGN;0;0;0;1;0;0;0;1;0;117;5.1554;311.206;1.01305E-7;315.768;5;0.174423;310.771;;;2;
'), $);
#11489 = IFCPROPERTYSINGLEVALUE ('970.02', '', IFCLABEL ('970.02;121;G;TRAN;80.2502;-1267.14;950.253;0;0.0871361;-.996196;0;-.996196;-.0871361;0;0;1;163;117;;;;;;2;
'), $);
#11490 = IFCPROPERTYSINGLEVALUE ('970.02', '', IFCLABEL ('970.02;122;G;QUAD;-188.307;-1587.68;15;0;1;0;0;0;1;752.7;34.9999;54;;;;;;;;7;
'), $);
#11491 = IFCPROPERTYSINGLEVALUE ('970.02', '', IFCLABEL ('970.02;123;G;ZYLI;449;-249.487;1211;1;0;0;0;0;1;-19.4462;27.7452;;;;;;;;;1;
'), $);
#11492 = IFCPROPERTYSINGLEVALUE ('970.02', '', IFCLABEL ('970.02;124;G;ZYLI;449;-249.487;991;1;0;0;0;0;1;-17.6176;27.7452;;;;;;;;;1;
'), $);
#11493 = IFCPROPERTYSINGLEVALUE ('970.02', '', IFCLABEL ('970.02;125;G;ZYLI;361.928;-249.487;1211;1;0;0;0;0;1;-17.9275;16.3831;;;;;;;;;1;
'), $);
#11494 = IFCPROPERTYSINGLEVALUE ('970.02', '', IFCLABEL ('970.02;126;G;ZYLI;364.987;-249.487;991;-1;0;0;0;0;1;20.9874;16.5712;;;;;;;;;1;
'), $);
#11495 = IFCPROPERTYSINGLEVALUE ('970.02', '', IFCLABEL ('970.02;127;H;ZYLI;0;-878.723;87;0;-1;0;0;0;1;-30;10.4775;
'), $);
#11496 = IFCPROPERTYSINGLEVALUE ('970.02', '', IFCLABEL ('970.02;128;G;VKNT;0;-878.723;87;0;-1;0;0.866025;0;0.5;-30;24.9999;6;;;;;;;;1;127;
'), $);
#11497 = IFCPROPERTYSINGLEVALUE ('970.02', '', IFCLABEL ('970.02;129;G;ZYLI;390.474;-249.487;1280.24;0;0;-1;1;0;0;69.24;15.46;;;;;;;;;1;
'), $);
#11498 = IFCPROPERTYSINGLEVALUE ('970.02', '', IFCLABEL ('970.02;130;G;ZYLI;361.928;-249.487;1211;-1;0;0;0;0;1;-67.6263;24.3087;;;;;;;;;1;129;
'), $);
#11499 = IFCPROPERTYSINGLEVALUE ('970.02', '', IFCLABEL ('970.02;131;G;ZYLI;395.992;-249.487;1043.27;0;0;-1;1;0;0;52.27;21.07;;;;;;;;;1;
'), $);
#11500 = IFCPROPERTYSINGLEVALUE ('970.02', '', IFCLABEL ('970.02;132;G;ZYLI;364.987;-249.487;991;1;0;0;0;0;1;66.395;22.691;;;;;;;;;1;131;
'), $);
#11501 = IFCPROPERTYSINGLEVALUE ('970.02', '', IFCLABEL ('970.02;133;G;ZYLI;397.149;-249.487;1284.45;0;0;-1;1;0;0;4.22;3.63;;;;;;;;;1;
'), $);
#11502 = IFCPROPERTYSINGLEVALUE ('970.02', '', IFCLABEL ('970.02;134;G;ZYLI;0;9.83056E-7;720;0;-.99863;-.052336;0;0.052336;-.99863;8;66;;;;;;;;;1;
'), $);
#11503 = IFCPROPERTYSINGLEVALUE ('970.02', '', IFCLABEL ('970.02;135;G;ZYLI;-6.99382E-7;-7.98904;719.581;0;-.99863;-.052336;0;0.052336;-.99863;18.5;72;;;;;;;;;1;
'), $);
#11504 = IFCPROPERTYSINGLEVALUE ('970.02', '', IFCLABEL ('970.02;136;G;ZYLI;-2.3167E-6;-26.4637;718.613;0;-.99863;-.052336;0;0.052336;-.99863;38.5;66;;;;;;;;;1;
'), $);
#11505 = IFCPROPERTYSINGLEVALUE ('970.02', '', IFCLABEL ('970.02;137;G;ZYLI;0;-238.591;886.847;0;0;-1;-1;0;0;18.87;61.46;;;;;;;;;1;
'), $);
#11506 = IFCPROPERTYSINGLEVALUE ('970.02', '', IFCLABEL ('970.02;138;G;ZYLI;-1.64967E-6;-238.591;867.977;0;0;-1;-1;0;0;8;66;;;;;;;;;1;
'), $);
#11507 = IFCPROPERTYSINGLEVALUE ('970.02', '', IFCLABEL ('970.02;139;G;ZYLI;-2.34905E-6;-238.591;859.977;0;0;-1;-1;0;0;18.5;72;;;;;;;;;1;
'), $);
#11508 = IFCPROPERTYSINGLEVALUE ('970.02', '', IFCLABEL ('970.02;140;G;ZYLI;-3.96637E-6;-238.591;841.477;0;0;-1;-1;0;0;38.5;66;;;;;;;;;1;
'), $);
#11509 = IFCPROPERTYSINGLEVALUE ('970.02', '', IFCLABEL ('970.02;141;G;ZYLI;-7.33215E-6;-238.591;802.977;0;0;-1;-1;0;0;19;62.435;;;;;;;;;1;
'), $);
#11510 = IFCPROPERTYSINGLEVALUE ('970.02', '', IFCLABEL ('970.02;142;G;TOBO;-8.99318E-6;-238.591;783.977;0;0;-1;0;1;0;90;68.4751;62.435;;;;;;;;1;
'), $);
#11511 = IFCPROPERTYSINGLEVALUE ('970.02', '', IFCLABEL ('970.02;143;G;ZYLI;365.924;-249.487;1073.53;1;0;0;0;0;-1;60.17;5.33;;;;;;;;;1;
'), $);
#11512 = IFCPROPERTYSINGLEVALUE ('970.02', '', IFCLABEL ('970.02;144;G;ZYLI;395.992;-249.487;1087.68;0;0;-1;1;0;0;44.41;10.11;;;;;;;;;1;143;
'), $);
#11513 = IFCPROPERTYSINGLEVALUE ('970.02', '', IFCLABEL ('970.02;145;G;ZYLI;0;-578.723;552.098;0;-1;0;1;0;0;210.38;79;;;;;;;;;1;
'), $);
#11514 = IFCPROPERTYSINGLEVALUE ('970.02', '', IFCLABEL ('970.02;146;G;ZYLI;0;-804.973;552.098;0;-1;0;1;0;0;73.75;79.08;;;;;;;;;1;
'), $);
#11515 = IFCPROPERTYSINGLEVALUE ('970.02', '', IFCLABEL ('970.02;147;G;ZYLI;0;-135.126;715.876;0;-1;0;1;0;0;34.99;69.66;;;;;;;;;1;
'), $);
#11516 = IFCPROPERTYSINGLEVALUE ('970.02', '', IFCLABEL ('970.02;148;G;ZYLI;0;-152.21;548.813;0;0;1;1;0;0;110;10.16;;;;;;;;;1;
'), $);
#11517 = IFCPROPERTYSINGLEVALUE ('970.02', '', IFCLABEL ('970.02;149;G;ZYLI;0;-117.719;626.765;0;0;1;1;0;0;40;7.88;;;;;;;;;1;
'), $);
#11518 = IFCPROPERTYSINGLEVALUE ('970.02', '', IFCLABEL ('970.02;150;G;ZYLI;0;-789.102;552.098;0;-1;0;1;0;0;15.87;76.5;;;;;;;;;1;
'), $);
#11519 = IFCPROPERTYSINGLEVALUE ('970.02', '', IFCLABEL ('970.02;151;G;ZYLI;-5.68248E-6;-64.9109;716.598;0;-.99863;-.052336;0;0.052336;-.99863;80;62.5;;;;;;;;;1;147;148;149;150;
'), $);
#11520 = IFCPROPERTYSINGLEVALUE ('970.02', '', IFCLABEL ('970.02;152;D;STRE;0;0;0;1;0;0;0;1;0;153;0;0;-26.7826;-1.97469E-7;;;;;;1;
'), $);
#11521 = IFCPROPERTYSINGLEVALUE ('970.02', '', IFCLABEL ('970.02;153;D;STRE;0;0;0;1;0;0;0;1;0;154;-26.7826;-1.97469E-7;-127.662;-99.8322;;;;;;1;
'), $);
#11522 = IFCPROPERTYSINGLEVALUE ('970.02', '', IFCLABEL ('970.02;154;D;STRE;0;0;0;1;0;0;0;1;0;155;-127.662;-99.8322;-127.49;-127.07;;;;;;1;
'), $);
#11523 = IFCPROPERTYSINGLEVALUE ('970.02', '', IFCLABEL ('970.02;155;D;STRE;0;0;0;1;0;0;0;1;0;156;-127.49;-127.07;-51.2442;-204.115;;;;;;1;
'), $);
#11524 = IFCPROPERTYSINGLEVALUE ('970.02', '', IFCLABEL ('970.02;156;D;STRE;0;0;0;1;0;0;0;1;0;157;-51.2442;-204.115;-24.0099;-204.571;;;;;;1;
'), $);
#11525 = IFCPROPERTYSINGLEVALUE ('970.02', '', IFCLABEL ('970.02;157;D;STRE;0;0;0;1;0;0;0;1;0;158;-24.0099;-204.571;76.8693;-104.739;;;;;;1;
'), $);
#11526 = IFCPROPERTYSINGLEVALUE ('970.02', '', IFCLABEL ('970.02;158;D;STRE;0;0;0;1;0;0;0;1;0;159;76.8693;-104.739;77.1488;-77.9579;;;;;;1;
'), $);
#11527 = IFCPROPERTYSINGLEVALUE ('970.02', '', IFCLABEL ('970.02;159;D;STRE;0;0;0;1;0;0;0;1;0;152;77.1488;-77.9579;0;0;;;;;;1;
'), $);
#11528 = IFCPROPERTYSINGLEVALUE ('970.02', '', IFCLABEL ('970.02;160;G;TRAN;-54.8393;-878.723;826.098;0.703408;0;0.710786;-.710786;0;0.703408;0;0;-1;10;152;;;;;;1;
'), $);
#11529 = IFCPROPERTYSINGLEVALUE ('970.02', '', IFCLABEL ('970.02;161;G;ZYLI;99.1401;-805.222;709;1;0;0;0;0;-1;9.48;23.32;;;;;;;;;1;
'), $);
#11530 = IFCPROPERTYSINGLEVALUE ('970.02', '', IFCLABEL ('970.02;162;G;ZYLI;-99.1401;-805.222;709;-1;0;0;0;0;1;9.48;23.32;;;;;;;;;1;
'), $);
#11531 = IFCPROPERTYSINGLEVALUE ('970.02', '', IFCLABEL ('970.02;163;G;ZYLI;0;-760.473;795.098;0;1;0;1;0;0;18.75;31;;;;;;;;;1;
'), $);
#11532 = IFCPROPERTYSINGLEVALUE ('970.02', '', IFCLABEL ('970.02;164;G;ZYLI;0;-760.473;700.098;0;1;0;1;0;0;18.75;31;;;;;;;;;1;
'), $);
#11533 = IFCPROPERTYSINGLEVALUE ('970.02', '', IFCLABEL ('970.02;165;D;STRE;0;0;0;1;0;0;0;1;0;166;0;0;-40.749;0;;;;;;2;
'), $);
#11534 = IFCPROPERTYSINGLEVALUE ('970.02', '', IFCLABEL ('970.02;166;D;STRE;0;0;0;1;0;0;0;1;0;167;-40.749;0;-40.749;-70;;;;;;2;
'), $);
#11535 = IFCPROPERTYSINGLEVALUE ('970.02', '', IFCLABEL ('970.02;167;D;STRE;0;0;0;1;0;0;0;1;0;168;-40.749;-70;1.52588E-5;-70;;;;;;2;
'), $);
#11536 = IFCPROPERTYSINGLEVALUE ('970.02', '', IFCLABEL ('970.02;168;D;BOGN;0;0;0;1;0;0;0;1;0;165;1.52588E-5;-70;0;0;35;1.52588E-5;-35;;;2;
'), $);
#11537 = IFCPROPERTYSINGLEVALUE ('970.02', '', IFCLABEL ('970.02;169;H;TRAN;-35;-878.723;91.0972;0;0;1;-1;0;0;0;0;-1;30;165;
'), $);
#11538 = IFCPROPERTYSINGLEVALUE ('970.02', '', IFCLABEL ('970.02;170;D;STRE;0;0;0;1;0;0;0;1;0;171;0;0;-28.4118;0;;;;;;2;
'), $);
#11539 = IFCPROPERTYSINGLEVALUE ('970.02', '', IFCLABEL ('970.02;171;D;STRE;0;0;0;1;0;0;0;1;0;172;-28.4118;0;-43.103;136.162;;;;;;2;
'), $);
#11540 = IFCPROPERTYSINGLEVALUE ('970.02', '', IFCLABEL ('970.02;172;D;STRE;0;0;0;1;0;0;0;1;0;173;-43.103;136.162;-71.3412;133.115;;;;;;2;
'), $);
#11541 = IFCPROPERTYSINGLEVALUE ('970.02', '', IFCLABEL ('970.02;173;D;STRE;0;0;0;1;0;0;0;1;0;174;-71.3412;133.115;-21.996;-324.23;;;;;;2;
'), $);
#11542 = IFCPROPERTYSINGLEVALUE ('970.02', '', IFCLABEL ('970.02;174;D;STRE;0;0;0;1;0;0;0;1;0;175;-21.996;-324.23;6.24225;-321.184;;;;;;2;
'), $);
#11543 = IFCPROPERTYSINGLEVALUE ('970.02', '', IFCLABEL ('970.02;175;D;STRE;0;0;0;1;0;0;0;1;0;176;6.24225;-321.184;-8.77586;-181.992;;;;;;2;
'), $);
#11544 = IFCPROPERTYSINGLEVALUE ('970.02', '', IFCLABEL ('970.02;176;D;STRE;0;0;0;1;0;0;0;1;0;177;-8.77586;-181.992;19.309;-178.961;;;;;;2;
'), $);
#11545 = IFCPROPERTYSINGLEVALUE ('970.02', '', IFCLABEL ('970.02;177;D;STRE;0;0;0;1;0;0;0;1;0;178;19.309;-178.961;41.339;-196.7;;;;;;2;
'), $);
#11546 = IFCPROPERTYSINGLEVALUE ('970.02', '', IFCLABEL ('970.02;178;D;STRE;0;0;0;1;0;0;0;1;0;179;41.339;-196.7;155.675;-184.364;;;;;;2;
'), $);
#11547 = IFCPROPERTYSINGLEVALUE ('970.02', '', IFCLABEL ('970.02;179;D;STRE;0;0;0;1;0;0;0;1;0;180;155.675;-184.364;173.415;-162.334;;;;;;2;
'), $);
#11548 = IFCPROPERTYSINGLEVALUE ('970.02', '', IFCLABEL ('970.02;180;D;STRE;0;0;0;1;0;0;0;1;0;181;173.415;-162.334;311.774;-148.915;;;;;;2;
'), $);
#11549 = IFCPROPERTYSINGLEVALUE ('970.02', '', IFCLABEL ('970.02;181;D;STRE;0;0;0;1;0;0;0;1;0;182;311.774;-148.915;351.687;-99.347;;;;;;2;
'), $);
#11550 = IFCPROPERTYSINGLEVALUE ('970.02', '', IFCLABEL ('970.02;182;D;STRE;0;0;0;1;0;0;0;1;0;183;351.687;-99.347;341.711;-6.88312;;;;;;2;
'), $);
#11551 = IFCPROPERTYSINGLEVALUE ('970.02', '', IFCLABEL ('970.02;183;D;STRE;0;0;0;1;0;0;0;1;0;184;341.711;-6.88312;292.143;33.0295;;;;;;2;
'), $);
#11552 = IFCPROPERTYSINGLEVALUE ('970.02', '', IFCLABEL ('970.02;184;D;STRE;0;0;0;1;0;0;0;1;0;185;292.143;33.0295;154.106;16.6272;;;;;;2;
'), $);
#11553 = IFCPROPERTYSINGLEVALUE ('970.02', '', IFCLABEL ('970.02;185;D;STRE;0;0;0;1;0;0;0;1;0;186;154.106;16.6272;132.076;34.3663;;;;;;2;
'), $);
#11554 = IFCPROPERTYSINGLEVALUE ('970.02', '', IFCLABEL ('970.02;186;D;STRE;0;0;0;1;0;0;0;1;0;187;132.076;34.3663;17.7391;22.03;;;;;;2;
'), $);
#11555 = IFCPROPERTYSINGLEVALUE ('970.02', '', IFCLABEL ('970.02;187;D;STRE;0;0;0;1;0;0;0;1;0;170;17.7391;22.03;0;0;;;;;;2;
'), $);
#11556 = IFCPROPERTYSINGLEVALUE ('970.02', '', IFCLABEL ('970.02;188;H;TRAN;90;-878.723;810.1;-.107272;0;-.99423;0.99423;0;-.107272;0;0;-1;30;170;
'), $);
#11557 = IFCPROPERTYSINGLEVALUE ('970.02', '', IFCLABEL ('970.02;189;D;STRE;0;0;0;1;0;0;0;1;0;190;0;0;-521.591;0;;;;;;2;
'), $);
#11558 = IFCPROPERTYSINGLEVALUE ('970.02', '', IFCLABEL ('970.02;190;D;STRE;0;0;0;1;0;0;0;1;0;191;-521.591;0;-583.063;-61.4716;;;;;;2;
'), $);
#11559 = IFCPROPERTYSINGLEVALUE ('970.02', '', IFCLABEL ('970.02;191;D;STRE;0;0;0;1;0;0;0;1;0;192;-583.063;-1038.98;-583.063;-61.4716;;;;;;2;
'), $);
#11560 = IFCPROPERTYSINGLEVALUE ('970.02', '', IFCLABEL ('970.02;192;D;STRE;0;0;0;1;0;0;0;1;0;193;-583.063;-1038.98;264.732;-1038.98;;;;;;2;
'), $);
#11561 = IFCPROPERTYSINGLEVALUE ('970.02', '', IFCLABEL ('970.02;193;D;STRE;0;0;0;1;0;0;0;1;0;194;264.732;-1038.98;264.732;-264.732;;;;;;2;
'), $);
#11562 = IFCPROPERTYSINGLEVALUE ('970.02', '', IFCLABEL ('970.02;194;D;STRE;0;0;0;1;0;0;0;1;0;189;264.732;-264.732;0;0;;;;;;2;
'), $);
#11563 = IFCPROPERTYSINGLEVALUE ('970.02', '', IFCLABEL ('970.02;195;G;TRAN;240;-1887.7;631.268;0;0;1;0;-1;0;0;0;-1;480;189;;;;;;2;
'), $);
#11564 = IFCPROPERTYSINGLEVALUE ('970.02', '', IFCLABEL ('970.02;196;G;ZYLI;0;-817.473;864.445;0;0;-1;1;0;0;12.04;15;;;;;;;;;1;
'), $);
#11565 = IFCPROPERTYSINGLEVALUE ('970.02', '', IFCLABEL ('970.02;197;G;QUAD;134.307;-1587.68;49.9999;0;-1;0;0;0;-1;-752.7;34.9999;54;;;;;;;;7;
'), $);
#11566 = IFCPROPERTYSINGLEVALUE ('970.04', '', IFCLABEL ('970.04;1;0.5976563;0.5976563;0.5976563;1;0.5976563;0.5976563;0.5976563;1;1;1;1;1;128;0.5976563;0.5976563;0.5976563;1;
'), $);
#11567 = IFCPROPERTYSINGLEVALUE ('970.04', '', IFCLABEL ('970.04;2;0;0.3984375;0.9960938;1;0;0.3984375;0.9960938;1;1;1;1;1;128;0;0.3984375;0.9960938;1;
'), $);
#11568 = IFCPROPERTYSINGLEVALUE ('970.04', '', IFCLABEL ('970.04;7;0;0;0.1992188;1;0;0;0.1992188;1;1;1;1;1;128;0;0;0.1992188;1;
'), $);
#11356 = IFCCOMPLEXPROPERTY ('Pset_VDI3805', '', '', (#11357, #11358, #11359, #11360, #11361, #11362, #11363, #11364, #11365, #11366, #11367, #11368, #11369, #11370, #11371, #11372, #11373, #11374, #11375, #11376, #11377, #11378, #11379, #11380, #11381, #11382, #11383, #11384, #11385, #11386, #11387, #11388, #11389, #11390, #11391, #11392, #11393, #11394, #11395, #11396, #11397, #11398, #11399, #11400, #11401, #11402, #11403, #11404, #11405, #11406, #11407, #11408, #11409, #11410, #11411, #11412, #11413, #11414, #11415, #11416, #11417, #11418, #11419, #11420, #11421, #11422, #11423, #11424, #11425, #11426, #11427, #11428, #11429, #11430, #11431, #11432, #11433, #11434, #11435, #11436, #11437, #11438, #11439, #11440, #11441, #11442, #11443, #11444, #11445, #11446, #11447, #11448, #11449, #11450, #11451, #11452, #11453, #11454, #11455, #11456, #11457, #11458, #11459, #11460, #11461, #11462, #11463, #11464, #11465, #11466, #11467, #11468, #11469, #11470, #11471, #11472, #11473, #11474, #11475, #11476, #11477, #11478, #11479, #11480, #11481, #11482, #11483, #11484, #11485, #11486, #11487, #11488, #11489, #11490, #11491, #11492, #11493, #11494, #11495, #11496, #11497, #11498, #11499, #11500, #11501, #11502, #11503, #11504, #11505, #11506, #11507, #11508, #11509, #11510, #11511, #11512, #11513, #11514, #11515, #11516, #11517, #11518, #11519, #11520, #11521, #11522, #11523, #11524, #11525, #11526, #11527, #11528, #11529, #11530, #11531, #11532, #11533, #11534, #11535, #11536, #11537, #11538, #11539, #11540, #11541, #11542, #11543, #11544, #11545, #11546, #11547, #11548, #11549, #11550, #11551, #11552, #11553, #11554, #11555, #11556, #11557, #11558, #11559, #11560, #11561, #11562, #11563, #11564, #11565, #11566, #11567, #11568));
#11334 = IFCPROPERTYSET ('0pkUooy8533817opqaghW6', #101, 'VDI3805 PropertySet', $, (#11335, #11342, #11349, #11356));
#11333 = IFCRELDEFINESBYPROPERTIES ('0nAgIGEXjDbOXtd4dPiA8M', #101, $, $, (#120, #11252, #11259, #11266, #11273, #11280, #11287, #11294, #11301, #11308, #11315, #11322), #11334);
ENDSEC;
END-ISO-10303-21;
